Avocado ID,Temperature,Humidity,Pressure,Gas Resistance,CO2,Day,Label,Time,BOX TYPE,,
2,28.3,76.7,1008.3,368.4,5000,1,0,48,1,,
3,28.5,76.4,1008.7,408.5,3215,1,0,48,1,,853
4,28.6,75.7,1008.5,387.3,4152,1,0,48,1,,810
5,28.7,75.5,1007.9,367.9,5000,1,0,48,1,,1018
6,28.4,75.4,1008.1,427.5,5000,1,0,48,1,,608
7,28.7,75.9,1007.5,378.5,2451,1,0,48,1,,628
1,31.4,68.1,1004.5,309.6,5000,1,0,54,1,,1162
2,31.1,64.6,1005.6,306.7,5000,1,0,54,1,,1037
3,30.4,65.7,1004.7,381.2,5000,1,0,54,1,,
4,29.9,66.6,1005.9,267.3,2517,1,0,54,1,,
5,31.2,68.2,1004.6,386.8,5000,1,0,54,1,,
6,31.2,69.5,1003.6,363,5000,1,0,54,1,,
7,31.4,68.4,1004.7,365.7,3671,1,0,54,1,,
1,28.5,79.6,1007.4,471.2,5000,1,0,66,1,,
2,29.4,78.5,1008.1,451.6,3245,1,0,66,1,,
3,28.7,78.2,1007.6,398.2,4326,1,0,66,1,,
4,29.4,79.4,1008.5,256.6,5000,1,0,66,1,,
5,28.5,79.5,1008.7,436.8,5000,1,0,66,1,,
6,28.4,79.4,1008.4,418.9,4215,1,0,66,1,,
7,28.8,78.1,1009.1,361.5,3728,1,0,66,1,,
1,27.3,78.4,1008.4,392.3,3220,2,0,72,1,,
2,27.4,78.9,1009.5,362.5,2580,2,0,72,1,,
3,27.3,77.8,1009.5,432.7,4320,2,0,72,1,,
4,28.1,78.5,1008.5,236.5,3120,2,0,72,1,,
5,27.4,78.2,1008.9,325.6,2950,2,0,72,1,,
6,27.7,77.9,1009.4,418.5,3125,2,0,72,1,,
7,28.3,78,1009.8,225.6,2570,2,0,72,1,,
1,29.7,72.6,1005.6,432.6,4172,2,0,78,1,,
2,30.3,72.6,1005.3,327.6,3872,2,0,78,1,,
3,30,72.9,1004.3,248.1,5000,2,0,78,1,,
4,29.5,73.5,1005.7,387.4,5000,2,0,78,1,,
5,30.8,74.8,1004.6,491.4,3241,2,0,78,1,,
6,31.2,72.5,1005.1,389.6,4617,2,0,78,1,,
7,29.8,74.7,1005.1,471.6,3551,2,0,78,1,,
1,29.3,73,1005.4,420.2,4120,2,0,84,1,,
2,29.8,73.2,1005.1,340.3,3800,2,0,84,1,,
3,29.5,73.5,1004.1,310.5,4900,2,0,84,1,,
4,29,74,1005.5,390.5,4850,2,0,84,1,,
5,30.3,75.2,1004.4,378.1,3300,2,0,84,1,,
6,30.7,73,1005,452.5,4550,2,0,84,1,,
7,29.4,75,1005,414.4,3600,2,0,84,1,,
1,27.6,77,1007,310.2,3600,2,0,90,1,,
2,27.3,77.8,1006.8,385,4250,2,0,90,1,,
3,27.1,76.5,1007.5,340.8,3120,2,0,90,1,,
4,27,76.9,1006.5,395,4800,2,0,90,1,,
5,27.4,77.1,1006.7,330.5,3650,2,0,90,1,,
6,27.5,76,1007.1,358.2,4380,2,0,90,1,,
7,27.1,76.4,1006.9,300.1,5000,2,0,90,1,,
1,28.1,76.5,1007.2,315.3,2520,3,0,96,1,,
2,27.8,77.2,1007,388.1,3251,3,0,96,1,,
3,27.6,76,1007.8,345.7,4126,3,0,96,1,,
4,27.5,76.5,1006.7,400.1,5000,3,0,96,1,,
5,27.9,77.3,1006.9,335.6,3240,3,0,96,1,,
6,28,76.1,1007.3,360.1,4351,3,0,96,1,,
7,27.5,76.5,1007,305.3,3401,3,0,96,1,,
1,29.3,75.8,1007.6,355.4,4250,3,0,102,1,,
2,29.7,76.1,1007.4,398.7,4500,3,0,102,1,,
3,28.9,75.3,1008.1,320.2,3750,3,0,102,1,,
4,28.8,75.9,1007.2,440.3,4900,3,0,102,1,,
5,29.5,76.6,1007.3,370.5,4100,3,0,102,1,,
6,29.6,75.6,1008.2,365.7,4450,3,0,102,1,,
7,29,75.7,1007.6,335.6,4820,3,0,102,1,,
1,29.6,77.1,1007.2,300.6,4700,3,0,108,1,,
2,30,77.4,1007,342.8,4950,3,0,108,1,,
3,29.2,76.3,1007.7,265.4,4200,3,0,108,1,,
4,29.1,76.9,1006.8,385.7,5000,3,0,108,1,,
5,29.8,77.6,1006.9,315.2,4520,3,0,108,1,,
6,29.9,76.8,1007.8,310.4,4800,3,0,108,1,,
7,29.4,77,1007.1,280.9,5000,3,0,108,1,,
1,29.1,78.2,1006.8,245.7,4450,3,0,114,1,,
2,29.5,78.6,1006.6,290.3,4620,3,0,114,1,,
3,28.8,77.4,1007.3,215.6,3980,3,0,114,1,,
4,28.7,78,1006.4,335.4,4700,3,0,114,1,,
5,29.3,78.7,1006.5,260.8,4300,3,0,114,1,,
6,29.4,77.8,1007.4,255.9,4500,3,0,114,1,,
7,29,78.1,1006.7,225.1,4680,3,0,114,1,,
1,29,76.4,1006.2,305.8,3950,4,0,120,1,,
2,29.3,76.8,1006,348.7,4025,4,0,120,1,,
3,28.6,75.9,1006.6,278.4,3650,4,0,120,1,,
4,28.5,76.3,1005.9,390.1,4200,4,0,120,1,,
5,29.1,77,1006.1,325.6,3810,4,0,120,1,,
6,29.2,76.2,1006.8,320.7,3985,4,0,120,1,,
7,28.8,76.5,1006.2,295.3,4100,4,0,120,1,,
1,29.3,77.3,1006.9,268.4,4180,4,0,126,1,,
2,29.6,77.7,1006.6,310.5,4325,4,0,126,1,,
3,28.9,76.8,1007.2,240.7,3890,4,0,126,1,,
4,28.8,77.2,1006.5,358.6,4500,4,0,126,1,,
5,29.4,77.9,1006.8,295.3,4100,4,0,126,1,,
6,29.5,77.1,1007.4,289.8,4280,4,0,126,1,,
7,29.1,77.4,1006.9,262.4,4385,4,0,126,1,,
1,29.6,78.1,1006.4,210.5,4450,4,0,132,1,,
2,29.9,78.5,1006.2,252.7,4600,4,0,132,1,,
3,29.2,77.6,1006.8,190.8,4200,4,0,132,1,,
4,29.1,78,1006.1,305.4,4750,4,0,132,1,,
5,29.7,78.7,1006.3,238.9,4400,4,0,132,1,,
6,29.8,77.9,1006.9,230.7,4550,4,0,132,1,,
7,29.4,78.2,1006.4,200.6,4680,4,0,132,1,,
1,29.9,79,1006,160.4,4800,4,0,138,1,,
2,30.2,79.4,1005.8,200.6,4950,4,0,138,1,,
3,29.5,78.5,1006.4,145.7,4550,4,0,138,1,,
4,29.4,78.9,1005.7,230.3,5000,4,0,138,1,,
5,30,79.6,1005.9,175.6,4720,4,0,138,1,,
6,30.1,78.8,1006.5,170.2,4880,4,0,138,1,,
7,29.7,79.1,1006,150.8,4950,4,0,138,1,,
1,29,82.7,1008.7,164.5,4792,5,0,139,1,,
1,28.2,84.3,1008.7,162.6,4808,5,0,140,1,,
1,27.6,83.9,1008.5,156.4,4756,5,0,141,1,,
1,27.2,84.1,1008.4,153.2,4713,5,0,142,1,,
1,27.5,84.8,1008.3,150,4696,5,0,143,1,,
1,27,84.4,1008.3,150,4687,6,0,144,1,,
2,29.8,78,1005.2,270.5,4380,5,0,144,1,,
3,29.1,77.1,1005.8,205.4,3980,5,0,144,1,,
4,29,77.5,1005.1,300.2,4520,5,0,144,1,,
5,29.6,78.3,1005.3,240.7,4150,5,0,144,1,,
6,29.7,77.4,1006,235.9,4300,5,0,144,1,,
7,29.3,77.8,1005.4,210.3,4400,5,0,144,1,,
1,26.9,85.8,1008.2,150,4711,6,0,145,1,,
1,27,84.7,1007.8,150,4716,6,0,146,1,,
1,28,84.2,1008.2,150,4671,6,0,147,1,,
1,28,83.3,1008.5,150.6,4618,6,0,148,1,,
1,29,82.6,1008.2,151.9,4648,6,0,149,1,,
1,29.8,81.6,1008.3,152.5,4677,6,0,150,1,,
2,30.1,79.1,1005.7,235.6,4700,5,0,150,1,,
3,29.4,78.2,1006.3,170.2,4300,5,0,150,1,,
4,29.3,78.6,1005.6,255.8,4850,5,0,150,1,,
5,29.9,79.4,1005.8,205.9,4480,5,0,150,1,,
6,30,78.5,1006.4,200.3,4620,5,0,150,1,,
7,29.6,78.9,1005.9,175.4,4750,5,0,150,1,,
1,30.1,81,1008.7,150,4702,6,0,151,1,,
1,30.8,80.7,1008.4,150.6,4747,6,0,152,1,,
1,32.3,79.4,1008.5,150,4704,6,0,153,1,,
1,32,79.3,1008.7,154,4688,6,0,154,1,,
1,31.9,78.9,1008.8,157,4695,6,0,155,1,,
1,32.1,79,1009,154.4,4685,6,0,156,1,,
2,30.3,79.5,1005.4,345.7,3820,5,0,156,1,,
3,29.6,78.6,1006,305.6,3450,5,0,156,1,,
4,29.5,79,1005.3,372.4,3950,5,0,156,1,,
5,30.1,79.8,1005.5,328.8,3600,5,0,156,1,,
6,30.2,78.9,1006.1,318.9,3750,5,0,156,1,,
7,29.8,79.3,1005.6,301.7,3880,5,0,156,1,,
1,31.8,78.4,1008.8,154.7,4685,6,0,157,1,,
2,32.1,79.4,1009,344.2,3824,6,0,157,1,,
3,32.4,78.6,1008.6,301.3,3446,6,0,157,1,,
6,31.7,78.3,1009,319.6,3719,6,0,157,1,,
1,31.6,78.7,1008.7,153.2,4660,6,0,158,1,,
2,31.4,78.8,1008.5,340.8,3871,6,0,158,1,,
3,31.8,79.9,1008.8,299.7,3453,6,0,158,1,,
6,31.5,79.2,1008.5,316.5,3683,6,0,158,1,,
1,31.2,80.1,1009.2,153.3,4667,6,0,159,1,,
2,30.8,79.7,1008.5,338.2,3876,6,0,159,1,,
3,31,80.9,1008.5,299.7,3517,6,0,159,1,,
6,31.1,79.5,1008.5,321.9,3718,6,0,159,1,,
1,30.7,79.5,1008.8,153,4740,6,0,160,1,,
2,30.5,81,1009.1,330.7,3856,6,0,160,1,,
3,30.8,80.4,1008.7,298.6,3561,6,0,160,1,,
6,30.5,80.6,1008.8,324.9,3692,6,0,160,1,,
1,30.1,81.4,1008.7,150,4774,6,0,161,1,,
2,30.2,81.8,1008.6,329.9,3822,6,0,161,1,,
3,29.5,82,1008.4,297.3,3551,6,0,161,1,,
6,30.5,80.9,1008.4,326.4,3729,6,0,161,1,,
1,29.7,82.4,1008.5,153.7,4732,6,0,162,1,,
2,29,82.7,1008.3,336.1,3844,6,0,162,1,,
3,29.7,81.2,1008.7,302.8,3513,6,0,162,1,,
4,29,79.5,1004.9,382.1,4000,5,0,162,1,,
5,29.5,80.2,1005.1,345.8,3820,5,0,162,1,,
6,30.3,81.4,1008.8,324.6,3750,6,0,162,1,,
7,29.2,79.7,1005.2,325.7,3990,5,0,162,1,,
1,29,83.9,1008.4,151.6,4734,6,0,163,1,,
2,29.1,83.1,1008.5,336.6,3838,6,0,163,1,,
3,28.9,82.4,1008.7,302.3,3497,6,0,163,1,,
4,29.4,83.5,1008.7,387,3951,6,0,163,1,,
5,28.7,83,1008.3,341.8,3860,6,0,163,1,,
6,28.4,82.1,1008.4,324.2,3729,6,0,163,1,,
7,28.7,82.8,1008.8,324.6,3961,6,0,163,1,,
1,28.1,82.7,1008.5,150,4748,6,0,164,1,,
2,28.4,83.5,1008.3,333.2,3809,6,0,164,1,,
3,28.4,84.4,1008.5,303.9,3461,6,0,164,1,,
4,28.1,83.1,1008.6,383.5,3975,6,0,164,1,,
5,28.1,84.2,1008.5,335.9,3884,6,0,164,1,,
6,28.4,84,1008.6,328.4,3739,6,0,164,1,,
7,28.3,83.6,1008.5,326.8,3999,6,0,164,1,,
1,27.5,84.9,1008.3,150,4772,6,0,165,1,,
2,28,83.8,1008,333.6,3855,6,0,165,1,,
3,27.4,84.4,1008.7,304.4,3454,6,0,165,1,,
4,28.1,84.5,1008.5,380.1,3950,6,0,165,1,,
5,27.6,84.5,1008.4,330.9,3887,6,0,165,1,,
6,27.4,84.8,1008.3,330.5,3784,6,0,165,1,,
7,27.6,83.8,1008.2,328.3,4050,6,0,165,1,,
1,27,84.7,1008.6,150,4777,6,0,166,1,,
2,27.6,84.3,1008,332.5,3850,6,0,166,1,,
3,27.3,84,1008.5,306.5,3444,6,0,166,1,,
4,27.7,85,1008.3,378.4,3891,6,0,166,1,,
5,28,84.8,1008.3,333.7,3890,6,0,166,1,,
6,27.5,83.8,1008.2,333.9,3777,6,0,166,1,,
7,27.2,84.5,1008.6,329.3,4070,6,0,166,1,,
1,27.2,85.3,1008,150,4792,6,0,167,1,,
2,26.8,85.2,1008.7,332.4,3855,6,0,167,1,,
3,26.9,85,1008.2,305.7,3510,6,0,167,1,,
4,26.8,85.9,1008,378.6,3922,6,0,167,1,,
5,27.1,84.4,1008.3,336.4,3863,6,0,167,1,,
6,27.1,85.3,1008.4,334.1,3769,6,0,167,1,,
7,26.7,85.2,1008.1,325.3,4067,6,0,167,1,,
1,27.1,85.1,1008.3,150,4798,7,0,168,1,,
2,26.7,85.7,1008.2,329.9,3858,7,0,168,1,,
3,26.9,84.8,1008.1,307.4,3507,7,0,168,1,,
4,26.6,85.1,1008.4,378.2,4009,7,0,168,1,,
5,27.4,85,1008.1,338.9,3851,7,0,168,1,,
6,26.9,85.4,1008.4,332.7,3799,7,0,168,1,,
7,26.8,84.9,1008,327.7,4108,7,0,168,1,,
1,27.2,85.3,1008.2,150,4829,7,0,169,1,,
2,27.2,85,1008.5,330.3,3849,7,0,169,1,,
3,26.7,84.1,1008.3,307.3,3513,7,0,169,1,,
4,26.6,85.4,1008.2,380.1,4023,7,0,169,1,,
5,27.3,84.8,1008.2,340,3857,7,0,169,1,,
6,26.6,84.7,1008.4,329.9,3854,7,0,169,1,,
7,26.5,85.4,1008,329.7,4114,7,0,169,1,,
1,27.7,84.1,1008.4,153,4804,7,0,170,1,,
2,27.5,84.8,1007.9,333,3841,7,0,170,1,,
3,27.5,84.3,1008.4,300.8,3543,7,0,170,1,,
4,27.1,84.7,1007.8,381.5,4033,7,0,170,1,,
5,26.7,84,1008.4,339.2,3839,7,0,170,1,,
6,26.9,84.5,1008.1,328.7,3894,7,0,170,1,,
7,27.3,84.5,1008.4,325.4,4139,7,0,170,1,,
1,27.9,84.6,1008,153,4762,7,0,171,1,,
2,27.6,84.5,1008.4,330.2,3865,7,0,171,1,,
3,27.5,83.8,1007.9,300.4,3552,7,0,171,1,,
4,27.9,84.7,1008.3,381.6,4007,7,0,171,1,,
5,27.3,83.6,1007.8,338.5,3818,7,0,171,1,,
6,27.4,83.9,1008.3,328.3,3897,7,0,171,1,,
7,28.1,84.5,1008.7,323.2,4175,7,0,171,1,,
1,28,83.5,1008.3,153.3,4787,7,0,172,1,,
2,28.1,84.4,1008.1,330.1,3842,7,0,172,1,,
3,28.2,83.6,1008.4,305.7,3508,7,0,172,1,,
4,28,84.1,1008.5,380.4,4010,7,0,172,1,,
5,28,83.5,1008.3,344.3,3770,7,0,172,1,,
6,28,83.5,1008.5,322.9,3874,7,0,172,1,,
7,28.2,84.1,1008.2,321.5,4222,7,0,172,1,,
1,29.7,82.8,1008,152.8,4757,7,0,173,1,,
2,29.5,82.2,1008.4,327.2,3831,7,0,173,1,,
3,28.6,83.3,1008.4,304.3,3553,7,0,173,1,,
4,28.6,83.4,1008.4,385.8,3984,7,0,173,1,,
5,29.2,83.3,1008.1,344.5,3754,7,0,173,1,,
6,28.3,83,1008.5,321.7,3842,7,0,173,1,,
7,28.7,82.1,1008.2,322.8,4271,7,0,173,1,,
1,29.8,81.5,1008.4,151.6,4778,7,0,174,1,,
2,29.6,82.6,1008.7,321.8,3840,7,0,174,1,,
3,29.4,81.3,1008.3,300,3567,7,0,174,1,,
4,29.4,82.1,1008.5,384.8,3959,7,0,174,1,,
5,29.6,82.8,1008.5,345.6,3738,7,0,174,1,,
6,29.2,81.9,1008.3,323.8,3819,7,0,174,1,,
7,29.5,82.7,1008.1,320.9,4270,7,0,174,1,,
1,30.3,81.2,1008.3,150,4764,7,0,175,1,,
2,30.6,80.4,1008.5,321,3852,7,0,175,1,,
3,30.4,81,1007.9,300,3583,7,0,175,1,,
4,30,81.4,1008.2,382.1,3961,7,0,175,1,,
5,30.1,81.8,1008.3,344.2,3719,7,0,175,1,,
6,30.3,81.1,1008.3,322.2,3828,7,0,175,1,,
7,30.1,81,1008.3,323.2,4264,7,0,175,1,,
1,31,80.6,1008.3,150.1,4775,7,0,176,1,,
2,30.5,79.8,1008.1,323.2,3886,7,0,176,1,,
3,30.9,81.1,1008.3,301.5,3622,7,0,176,1,,
4,30.7,80.5,1008.6,379.1,3963,7,0,176,1,,
5,30.4,80.9,1008.9,342.6,3696,7,0,176,1,,
6,31,80.4,1008.3,324.6,3799,7,0,176,1,,
7,31.3,80.4,1008.5,322.7,4274,7,0,176,1,,
1,31,80,1008.6,150,4785,7,0,177,1,,
2,31.4,79.6,1008.3,324.2,3853,7,0,177,1,,
3,30.7,80,1008.5,300.7,3635,7,0,177,1,,
4,31.7,79.1,1008.3,376.9,3955,7,0,177,1,,
5,31,79.5,1008.9,340.1,3675,7,0,177,1,,
6,31.3,79.9,1008.5,322.5,3815,7,0,177,1,,
7,31.1,80.5,1008.3,320,4364,7,0,177,1,,
1,31.8,79.9,1008.9,150,4757,7,0,178,1,,
2,31.5,79.1,1008.6,321.1,3854,7,0,178,1,,
3,31.5,79.1,1008.7,296.9,3605,7,0,178,1,,
4,31.5,80.1,1008.2,380.3,3966,7,0,178,1,,
5,31.3,79.5,1008.6,336.2,3646,7,0,178,1,,
6,30.6,80,1008.5,323.1,3824,7,0,178,1,,
7,31.4,78.7,1008.8,313.2,4365,7,0,178,1,,
1,32.1,79.4,1008.8,161.1,4773,7,0,179,1,,
2,31.7,79.5,1008.9,320.7,3869,7,0,179,1,,
3,32.1,78.5,1008.8,297.7,3556,7,0,179,1,,
4,31.6,78.6,1009,377.1,3933,7,0,179,1,,
5,32.4,79.1,1008.7,336.1,3685,7,0,179,1,,
6,32.3,79.2,1008.5,317.7,3811,7,0,179,1,,
7,32.6,78.3,1008.3,308.1,4399,7,0,179,1,,
1,32.3,79.5,1008.9,159.7,4796,7,0,180,1,,
2,32.6,78.4,1008.5,322,3927,7,0,180,1,,
3,31.8,79.6,1008.6,295.8,3573,7,0,180,1,,
4,32.3,79.2,1008.6,377.3,3903,7,0,180,1,,
5,31.7,78.8,1008.7,330.6,3655,7,0,180,1,,
6,31.4,78.7,1008.7,315,3810,7,0,180,1,,
7,32.3,78.7,1008.9,311.8,4460,7,0,180,1,,
1,32,78.7,1008.8,157.6,4741,7,0,181,1,,
2,31.8,80,1008.8,319.3,3898,7,0,181,1,,
3,32.1,79,1008.7,299.5,3628,7,0,181,1,,
4,32.2,79.6,1008.9,378,3957,7,0,181,1,,
5,32.2,79.5,1009,328.4,3638,7,0,181,1,,
6,31.8,78.9,1008.3,310.5,3828,7,0,181,1,,
7,31.8,78,1008.6,309.9,4459,7,0,181,1,,
1,31.8,79.2,1009,157.3,4709,7,0,182,1,,
2,31.9,78.9,1008.8,323.3,3889,7,0,182,1,,
3,32,79.4,1008.6,296.4,3647,7,0,182,1,,
4,31.7,78.8,1008.9,383.8,3927,7,0,182,1,,
5,31.1,79.9,1009,331.2,3684,7,0,182,1,,
6,31.9,78.5,1008.6,313.1,3804,7,0,182,1,,
7,31.6,80,1009.1,308.8,4500,7,0,182,1,,
1,31.4,79.2,1009.3,162.4,4749,7,0,183,1,,
2,31.7,79.3,1008.7,318.3,3891,7,0,183,1,,
3,31.4,80.6,1008.9,291.4,3681,7,0,183,1,,
4,31.2,80.1,1008.8,380.5,3962,7,0,183,1,,
5,31.4,80.7,1008.7,325.5,3707,7,0,183,1,,
6,31.2,80.6,1008.7,311,3797,7,0,183,1,,
7,31.4,79.9,1009,308.5,4569,7,0,183,1,,
1,31,79.5,1008.8,159.9,4774,7,0,184,1,,
2,31,80.5,1009,315.3,3899,7,0,184,1,,
3,30.5,80.3,1008.8,296.8,3777,7,0,184,1,,
4,31.4,80.6,1008.6,375.4,3970,7,0,184,1,,
5,30.2,80.6,1009,326,3772,7,0,184,1,,
6,31.3,80.7,1008.8,308.8,3811,7,0,184,1,,
7,30.3,80.2,1008.7,309.3,4614,7,0,184,1,,
1,29.9,82.1,1008.6,158.5,4783,7,0,185,1,,
2,30,81.4,1008.8,316.3,3867,7,0,185,1,,
3,30.3,81.1,1008.8,298.9,3771,7,0,185,1,,
4,30.5,81.5,1008.7,373.2,3939,7,0,185,1,,
5,29.6,81.2,1008.7,321.6,3735,7,0,185,1,,
6,30.3,80.7,1008.8,307.7,3810,7,0,185,1,,
7,30.1,80.5,1008.9,311,4563,7,0,185,1,,
1,29,81.4,1008.8,164.4,4813,7,0,186,1,,
2,29.2,81.6,1008.6,315.8,3888,7,0,186,1,,
3,30,82.1,1008.7,300.3,3786,7,0,186,1,,
4,29.8,82.5,1008.3,377.6,3957,7,0,186,1,,
5,29.2,81.5,1008.6,319.4,3742,7,0,186,1,,
6,29.2,81.8,1008.4,303.8,3819,7,0,186,1,,
7,29.5,81.2,1008.5,307.7,4595,7,0,186,1,,
1,28.4,82.5,1008.8,161.8,4826,7,0,187,1,,
2,28.5,81.7,1008.7,322.5,3888,7,0,187,1,,
3,28.7,83,1008.3,296.1,3821,7,0,187,1,,
4,29.3,82.1,1008.3,376.7,3973,7,0,187,1,,
5,29,83.1,1008.5,319.8,3770,7,0,187,1,,
6,28.5,81.7,1008.4,303.7,3820,7,0,187,1,,
7,28.9,82.1,1008.8,302.9,4612,7,0,187,1,,
1,28.5,83,1008.5,151.6,4795,7,0,188,1,,
2,28.5,83.3,1008.6,320.4,3924,7,0,188,1,,
3,28.5,83.5,1008.6,292.3,3812,7,0,188,1,,
4,28.8,83.9,1008.5,373.3,4011,7,0,188,1,,
5,28.4,84.4,1008.7,324.6,3693,7,0,188,1,,
6,28.3,84,1008.2,304.5,3811,7,0,188,1,,
7,28,83.3,1008.6,303.9,4660,7,0,188,1,,
1,27.7,83.5,1008.7,150,4781,7,0,189,1,,
2,27.8,84.3,1008.3,322.7,3919,7,0,189,1,,
3,27.5,84.8,1008.4,293.1,3838,7,0,189,1,,
4,27.4,84.9,1008.4,377.6,4032,7,0,189,1,,
5,27.8,84,1008.4,321.7,3702,7,0,189,1,,
6,27.5,84.2,1008.4,301.4,3783,7,0,189,1,,
7,27.7,84.3,1008.3,303.8,4680,7,0,189,1,,
1,27.4,85.3,1008.1,153,4781,7,0,190,1,,
2,27.1,84.1,1008.6,322.1,3924,7,0,190,1,,
3,27,84.8,1008.4,292.5,3821,7,0,190,1,,
4,27.3,84.3,1008.3,378.5,4035,7,0,190,1,,
5,26.8,84.8,1008.2,319.8,3713,7,0,190,1,,
6,26.9,84.8,1008.1,300.8,3799,7,0,190,1,,
7,27.3,83.7,1008.4,304.4,4667,7,0,190,1,,
1,26.8,85.1,1008.3,150.8,4782,7,0,191,1,,
2,27.1,85.3,1008.6,323,3925,7,0,191,1,,
3,27,85,1008.3,296.1,3794,7,0,191,1,,
4,26.9,84.8,1008.3,371.7,4050,7,0,191,1,,
5,27.1,85.4,1008.1,319.1,3737,7,0,191,1,,
6,27.1,84.5,1008.5,298.9,3757,7,0,191,1,,
7,26.7,85.6,1008.4,303.1,4640,7,0,191,1,,
1,26.9,85.1,1008.4,155,4745,8,0,192,1,,
2,26.6,84.8,1008,323.8,3927,8,0,192,1,,
3,26.9,84.8,1008.1,297.7,3786,8,0,192,1,,
4,26.7,84.4,1007.9,365.9,4010,8,0,192,1,,
5,27.1,85.2,1008.5,317.5,3715,8,0,192,1,,
6,26.9,85.3,1008.1,301,3732,8,0,192,1,,
7,26.8,85.7,1008.3,300.9,4663,8,0,192,1,,
1,27.3,84.9,1008.3,154.3,4730,8,0,193,1,,
2,26.5,84.6,1007.6,323.9,3935,8,0,193,1,,
3,27.4,85.2,1008.3,293,3825,8,0,193,1,,
4,27.7,84.5,1008.2,367,4085,8,0,193,1,,
5,27.1,85.2,1008.3,319.6,3722,8,0,193,1,,
6,26.9,84.4,1008.3,300.2,3700,8,0,193,1,,
7,26.7,84.1,1008.2,297.3,4600,8,0,193,1,,
1,27.4,84.3,1008.4,154.9,4708,8,0,194,1,,
2,27.1,84.9,1007.9,320.2,3948,8,0,194,1,,
3,27.4,84.4,1008.2,287.1,3840,8,0,194,1,,
4,27.2,83.8,1008,365.8,4057,8,0,194,1,,
5,27.2,83.9,1008.4,320.1,3715,8,0,194,1,,
6,27.2,83.1,1008.4,299,3626,8,0,194,1,,
7,27.2,84.7,1008.1,292.7,4599,8,0,194,1,,
1,27.8,84.4,1008.1,157,4724,8,0,195,1,,
2,27.5,84.1,1008.1,318.3,3937,8,0,195,1,,
3,27.4,83.4,1007.9,289.9,3824,8,0,195,1,,
4,27.5,84.5,1008.2,363.3,4088,8,0,195,1,,
5,28.1,84.6,1008.3,322.9,3686,8,0,195,1,,
6,27.3,83.9,1007.9,300.8,3636,8,0,195,1,,
7,27.7,84.8,1008.4,288,4577,8,0,195,1,,
1,28,83.5,1008.3,160.4,4706,8,0,196,1,,
2,28,83.7,1008.1,317.6,3916,8,0,196,1,,
3,28.7,83.2,1007.9,286,3864,8,0,196,1,,
4,28.3,84.1,1008.1,360.5,4091,8,0,196,1,,
5,28.4,83.4,1008.4,322.1,3672,8,0,196,1,,
6,28.4,82.2,1008.1,298.1,3606,8,0,196,1,,
7,28,83.1,1008.1,280.7,4595,8,0,196,1,,
1,29.3,82.6,1008.2,160.7,4706,8,0,197,1,,
2,28.4,83.2,1008.4,323.7,3885,8,0,197,1,,
3,28.8,82.5,1008.3,286.9,3900,8,0,197,1,,
4,28.8,83.2,1008.1,358.7,4085,8,0,197,1,,
5,29,83.2,1008.2,321.5,3637,8,0,197,1,,
6,28.7,82.2,1008.3,299.8,3624,8,0,197,1,,
7,28.4,82.3,1008.2,276.4,4636,8,0,197,1,,
1,29.8,82.3,1008.3,161.2,4701,8,0,198,1,,
2,29.4,81.9,1008.5,321.4,3850,8,0,198,1,,
3,29.9,81.8,1008.1,285.1,3911,8,0,198,1,,
4,29.2,82.3,1008.6,365.1,4074,8,0,198,1,,
5,28.8,82.1,1008.5,321.9,3576,8,0,198,1,,
6,29.5,83,1008.6,298.8,3608,8,0,198,1,,
7,29.1,81.7,1008.4,274.7,4606,8,0,198,1,,
1,30.2,81.5,1008.3,167,4671,8,0,199,1,,
2,30.3,81.6,1008.3,312.9,3834,8,0,199,1,,
3,30,80.4,1008.2,284.8,3959,8,0,199,1,,
4,30.3,81.5,1008.5,364.4,4088,8,0,199,1,,
5,30,80.1,1008.7,318.2,3611,8,0,199,1,,
6,30.4,81.9,1008.3,297.4,3574,8,0,199,1,,
7,30.1,81.5,1008.2,276.5,4588,8,0,199,1,,
1,30.4,81.1,1008.7,168.4,4689,8,0,200,1,,
2,30.9,80,1008.5,306.2,3896,8,0,200,1,,
3,30.6,79.6,1008.3,279.7,3943,8,0,200,1,,
4,30,80.8,1008.5,363.3,4150,8,0,200,1,,
5,31,80,1008.3,318.9,3583,8,0,200,1,,
6,30.7,79.5,1008.4,296.7,3620,8,0,200,1,,
7,30.6,80.8,1008.4,276.1,4585,8,0,200,1,,
1,31.3,79.4,1008.6,165.9,4718,8,0,201,1,,
2,31.3,79.4,1008.5,302.8,3891,8,0,201,1,,
3,30.7,79.8,1008.8,275.3,3948,8,0,201,1,,
4,31.1,79.7,1009,360.4,4135,8,0,201,1,,
5,31.3,79.6,1008.2,311.8,3587,8,0,201,1,,
6,31.4,80,1008.5,296.5,3663,8,0,201,1,,
7,31.3,78.7,1008.2,277.4,4624,8,0,201,1,,
1,31.6,79,1008.6,166.7,4700,8,0,202,1,,
2,32.2,79,1008.2,302.9,3898,8,0,202,1,,
3,31.8,79.1,1008.6,279.8,3991,8,0,202,1,,
4,31.6,79.8,1008.7,356.1,4120,8,0,202,1,,
5,31.5,79.1,1008.8,314.9,3576,8,0,202,1,,
6,31.8,79.6,1008.6,288,3623,8,0,202,1,,
7,31.4,79.3,1008.7,278.9,4570,8,0,202,1,,
1,31.7,79.2,1008.8,164.7,4686,8,0,203,1,,
2,31.7,79.6,1008.6,307.7,3918,8,0,203,1,,
3,31.5,79.5,1008.9,275.8,4019,8,0,203,1,,
4,31.7,79.1,1008.8,357,4067,8,0,203,1,,
5,31.8,79.4,1008.4,315.1,3590,8,0,203,1,,
6,32.1,78,1008.9,290.5,3622,8,0,203,1,,
7,31.6,78.9,1008.9,285.9,4571,8,0,203,1,,
1,32.1,78.3,1008.5,162.1,4679,8,0,204,1,,
2,31.9,79,1008.9,311.2,3955,8,0,204,1,,
3,32.5,78.4,1008.6,278.3,4030,8,0,204,1,,
4,32.3,79.1,1009,357.9,4101,8,0,204,1,,
5,32.2,78,1008.6,312.1,3590,8,0,204,1,,
6,32.2,79.3,1008.7,285.8,3649,8,0,204,1,,
7,31.6,79.2,1009,285.6,4551,8,0,204,1,,
1,32,79.8,1009,161.1,4678,8,0,205,1,,
2,32,79.5,1008.7,310.9,3920,8,0,205,1,,
3,32.1,79.3,1008.9,273.7,4064,8,0,205,1,,
4,31.5,80,1008.8,359.2,4062,8,0,205,1,,
5,31.5,79.3,1008.7,310.2,3591,8,0,205,1,,
6,32.3,78.5,1008.5,284.7,3628,8,0,205,1,,
7,32.1,79.7,1008.9,282.7,4506,8,0,205,1,,
1,31.4,79.4,1008.7,161.6,4652,8,0,206,1,,
2,31.7,79.4,1009.1,309.5,3922,8,0,206,1,,
3,32,79.3,1008.8,268.6,4083,8,0,206,1,,
4,31.8,78.8,1008.9,359.3,4045,8,0,206,1,,
5,31.5,80,1008.9,306.3,3549,8,0,206,1,,
6,31.7,80,1008.4,288.8,3614,8,0,206,1,,
7,31.4,79.6,1008.5,285.4,4506,8,0,206,1,,
1,31.4,80.6,1008.8,162.4,4672,8,0,207,1,,
2,31.3,79.7,1008.6,312.6,3893,8,0,207,1,,
3,31.4,79.8,1009,267,4102,8,0,207,1,,
4,30.8,79.9,1008.7,359.5,4009,8,0,207,1,,
5,31.5,80.6,1009.1,307.5,3514,8,0,207,1,,
6,31.4,80.2,1008.9,288.4,3621,8,0,207,1,,
7,31.3,80,1008.9,282.7,4552,8,0,207,1,,
1,30.6,80.6,1008.8,162.2,4649,8,0,208,1,,
2,30.4,80.8,1009,310.5,3881,8,0,208,1,,
3,30.4,80.5,1008.7,267.1,4094,8,0,208,1,,
4,30.7,80.3,1008.5,358.8,3993,8,0,208,1,,
5,30.9,80.9,1008.8,307.4,3523,8,0,208,1,,
6,30.8,80.2,1008.4,284.1,3615,8,0,208,1,,
7,30.3,80.1,1008.7,282.6,4538,8,0,208,1,,
1,30.2,81.5,1009,164.6,4713,8,0,209,1,,
2,30.2,80.9,1008.6,312.4,3899,8,0,209,1,,
3,30.1,81.6,1008.6,261.8,4150,8,0,209,1,,
4,29.4,81.1,1008.7,358.9,3972,8,0,209,1,,
5,30.7,81.8,1008.9,309.9,3540,8,0,209,1,,
6,29.9,80.8,1009.1,286.1,3606,8,0,209,1,,
7,30.2,82.1,1008.3,277.8,4573,8,0,209,1,,
1,29.3,82.4,1008.7,170.7,4688,8,0,210,1,,
2,29.9,81.4,1008.5,312.5,3872,8,0,210,1,,
3,29.9,81.4,1008.8,259.7,4160,8,0,210,1,,
4,29.5,82.8,1009,359,4004,8,0,210,1,,
5,29.6,81.3,1008.9,305.9,3546,8,0,210,1,,
6,29.7,81.8,1008.7,286.8,3591,8,0,210,1,,
7,29,81.8,1008.6,277.3,4556,8,0,210,1,,
1,28.8,82.1,1008.8,164.8,4630,8,0,211,1,,
2,29,83.9,1008.4,314.5,3874,8,0,211,1,,
3,29,83.1,1008.4,256.5,4214,8,0,211,1,,
4,28.9,82.1,1008.5,359,3991,8,0,211,1,,
5,28.6,83.1,1008.6,300.7,3556,8,0,211,1,,
6,28.5,82,1008.4,284.2,3612,8,0,211,1,,
7,29,83,1008.9,280.5,4543,8,0,211,1,,
1,28.4,83.1,1008.6,160.4,4685,8,0,212,1,,
2,28.3,83.9,1008.6,311.2,3885,8,0,212,1,,
3,28.2,83.2,1008.5,257.5,4232,8,0,212,1,,
4,28.2,83.5,1008.5,358.7,3960,8,0,212,1,,
5,28.1,83.9,1008.5,301.5,3524,8,0,212,1,,
6,28.1,83.5,1008.2,282.4,3626,8,0,212,1,,
7,28.5,83,1008.6,278.4,4519,8,0,212,1,,
1,27.7,84,1008.5,156.6,4694,8,0,213,1,,
2,27.4,83.1,1008.8,307.2,3878,8,0,213,1,,
3,27.3,84.2,1008.7,259,4239,8,0,213,1,,
4,27.5,83.5,1008.6,352,3996,8,0,213,1,,
5,27.6,83.9,1008.6,306.1,3497,8,0,213,1,,
6,28.1,83.7,1008.7,282.4,3619,8,0,213,1,,
7,27.8,82.8,1008.1,277.3,4529,8,0,213,1,,
1,27.3,84.5,1008.6,151.4,4676,8,0,214,1,,
2,27.3,83.9,1008.5,307.3,3887,8,0,214,1,,
3,27.8,84.9,1008.3,261.6,4313,8,0,214,1,,
4,27.8,84.4,1007.8,350.5,3995,8,0,214,1,,
5,27.7,83.5,1008.1,302.8,3454,8,0,214,1,,
6,28.1,84.1,1008.3,278.1,3646,8,0,214,1,,
7,27.2,83.8,1008.2,277.9,4554,8,0,214,1,,
1,27.2,85,1008.6,151.9,4666,8,0,215,1,,
2,27,85,1008.2,311.4,3902,8,0,215,1,,
3,26.8,84.2,1008.3,263.2,4309,8,0,215,1,,
4,26.8,84.6,1008.6,352.1,3968,8,0,215,1,,
5,26.6,85.1,1008.2,303.5,3472,8,0,215,1,,
6,27.6,85.7,1008.5,276.9,3633,8,0,215,1,,
7,27.1,85.5,1008.4,275.1,4553,8,0,215,1,,
1,26.5,84.3,1008.3,154.6,4711,9,0,216,1,,
2,27.2,84.5,1008.3,311.6,3903,9,0,216,1,,
3,27.4,84.3,1008.4,260.8,4363,9,0,216,1,,
4,26.5,84.8,1008.2,353.1,3953,9,0,216,1,,
5,27.1,85.3,1008.2,299.5,3501,9,0,216,1,,
6,26.5,86,1008.3,274.8,3670,9,0,216,1,,
7,26.6,84.9,1008.5,276.6,4602,9,0,216,1,,
1,26.8,84.7,1008.3,160.3,4714,9,0,217,1,,
2,27.1,84.9,1008.4,312.6,3904,9,0,217,1,,
3,27.7,84.5,1008.1,262.9,4355,9,0,217,1,,
4,26.7,86.2,1008,348.8,3969,9,0,217,1,,
5,26.9,84.8,1008.5,298,3464,9,0,217,1,,
6,26.8,85.1,1008.2,276.1,3666,9,0,217,1,,
7,27.5,84.7,1008.3,275.9,4520,9,0,217,1,,
1,27.8,84.7,1008.4,162.9,4719,9,0,218,1,,
2,26.9,84.8,1008.3,318.7,3937,9,0,218,1,,
3,27.3,84.6,1007.8,262.3,4337,9,0,218,1,,
4,27.2,84.3,1007.9,349.3,3968,9,0,218,1,,
5,27.5,84.4,1008.4,299.1,3524,9,0,218,1,,
6,26.9,84.6,1008.4,275.4,3688,9,0,218,1,,
7,27,84.7,1008.5,274.9,4488,9,0,218,1,,
1,27.4,84,1008.5,165,4705,9,0,219,1,,
2,27.2,84.2,1008.6,319.9,3947,9,0,219,1,,
3,27.6,84.8,1008,264.1,4331,9,0,219,1,,
4,27.6,84.7,1008.1,353.7,4005,9,0,219,1,,
5,28.1,84.7,1007.9,301,3519,9,0,219,1,,
6,27.4,84.1,1008.1,277,3687,9,0,219,1,,
7,28,84.4,1008.2,272.8,4526,9,0,219,1,,
1,28.1,82.6,1008.5,167.2,4701,9,0,220,1,,
2,28.5,83.2,1008.3,318.4,3946,9,0,220,1,,
3,28.2,83.9,1008.3,265.3,4363,9,0,220,1,,
4,28.3,83.1,1008.3,357.2,3940,9,0,220,1,,
5,28.1,83.6,1008.4,302.1,3490,9,0,220,1,,
6,28.5,84,1008.4,277.2,3655,9,0,220,1,,
7,28.4,83.6,1008.5,270.5,4503,9,0,220,1,,
1,28.9,81.7,1008.2,170.8,4730,9,0,221,1,,
2,29.1,82.3,1008.5,316.3,3955,9,0,221,1,,
3,28.8,82.5,1008.1,262.3,4455,9,0,221,1,,
4,28.9,82.8,1008.4,354.3,3911,9,0,221,1,,
5,29.1,82.5,1008.3,300.8,3481,9,0,221,1,,
6,28.9,82.5,1008.2,275.5,3623,9,0,221,1,,
7,28.9,81.9,1008.2,270.6,4503,9,0,221,1,,
1,29.6,82,1008.5,169.5,4679,9,0,222,1,,
2,29.1,82.4,1008.6,314.1,3922,9,0,222,1,,
3,29.9,81.3,1008.1,263.1,4474,9,0,222,1,,
4,29.4,81.7,1008.1,353.3,3974,9,0,222,1,,
5,29.7,81.5,1008.7,294.9,3461,9,0,222,1,,
6,28.9,81.7,1008.4,270.8,3622,9,0,222,1,,
7,29,82.8,1008.4,274.4,4502,9,0,222,1,,
1,30.1,81.4,1008.6,164.7,4675,9,0,223,1,,
2,30.2,82,1008.1,310,3908,9,0,223,1,,
3,30.3,81.1,1008.4,263.6,4479,9,0,223,1,,
4,29.6,80.7,1008.7,358.4,3972,9,0,223,1,,
5,30.3,81.5,1008.4,294.3,3470,9,0,223,1,,
6,30.7,81.7,1008.8,271.3,3655,9,0,223,1,,
7,29.9,81.4,1008.4,270.3,4554,9,0,223,1,,
1,30.7,79.9,1008.6,166.4,4666,9,0,224,1,,
2,30.5,80.1,1008.1,311,3919,9,0,224,1,,
3,30.1,80.4,1008.3,263.5,4572,9,0,224,1,,
4,30.4,81.5,1008.8,360,3948,9,0,224,1,,
5,30.7,81.2,1008.7,296.5,3439,9,0,224,1,,
6,30.5,80.2,1008,274.3,3699,9,0,224,1,,
7,30.6,79.6,1008.8,268.2,4543,9,0,224,1,,
1,31.9,79.7,1008.5,164.5,4641,9,0,225,1,,
2,30.8,80.6,1008.9,308,3954,9,0,225,1,,
3,31.4,79.7,1008.8,264.4,4587,9,0,225,1,,
4,31.3,79.8,1008.6,364,3976,9,0,225,1,,
5,31.2,79.7,1008.4,297.2,3420,9,0,225,1,,
6,31.1,79.8,1008.4,274.8,3730,9,0,225,1,,
7,30.7,80.7,1008.3,267.8,4577,9,0,225,1,,
1,31.5,78.7,1008.6,164.2,4572,9,0,226,1,,
2,31.5,79.5,1008.5,313.9,3945,9,0,226,1,,
3,31.8,80.4,1008.4,265.3,4562,9,0,226,1,,
4,31.3,80.1,1008.7,365.6,4020,9,0,226,1,,
5,31.9,78.9,1009,294,3424,9,0,226,1,,
6,31.1,79.6,1008.6,274.5,3742,9,0,226,1,,
7,31.8,79.4,1008.3,264.8,4590,9,0,226,1,,
1,31.9,79.1,1008.8,167.4,4597,9,0,227,1,,
2,32,78.8,1009.1,318.8,3995,9,0,227,1,,
3,32.1,78.6,1008.6,263.8,4595,9,0,227,1,,
4,31.6,79.1,1008.6,360.5,4032,9,0,227,1,,
5,32.2,78.8,1008.9,289.9,3465,9,0,227,1,,
6,31.9,79.1,1008.7,276.8,3753,9,0,227,1,,
7,31.7,79.2,1008.8,267.2,4561,9,0,227,1,,
1,31.8,78.6,1008.9,165.3,4559,9,0,228,1,,
2,32.3,78.7,1008.9,318,4034,9,0,228,1,,
3,32.3,78.4,1008.8,261.2,4560,9,0,228,1,,
4,32.8,78.1,1008.8,362,4036,9,0,228,1,,
5,32,78.7,1008.7,292,3444,9,0,228,1,,
6,32.1,78.4,1008.7,278.9,3752,9,0,228,1,,
7,32.7,79.4,1008.8,269.9,4639,9,0,228,1,,
1,32.6,78.9,1008.7,158.2,4584,9,0,229,1,,
2,31.9,78.9,1008.9,320.1,4037,9,0,229,1,,
3,31.9,78.3,1008.5,262.4,4558,9,0,229,1,,
4,31.9,78.5,1008.8,359.4,3972,9,0,229,1,,
5,31.7,79,1008.6,297,3425,9,0,229,1,,
6,32,78.9,1009,278.7,3753,9,0,229,1,,
7,31.5,79,1008.3,269.9,4657,9,0,229,1,,
1,31.4,79.4,1009,154.9,4586,9,0,230,1,,
2,32.1,78.8,1008.8,317.2,3981,9,0,230,1,,
3,31.5,79.9,1009.2,257.1,4505,9,0,230,1,,
4,32,79.9,1008.8,359.6,4005,9,0,230,1,,
5,31.9,79.5,1008.6,296.6,3445,9,0,230,1,,
6,31.4,79.1,1008.3,277.6,3741,9,0,230,1,,
7,31.7,79.1,1008.4,270.5,4708,9,0,230,1,,
1,31.7,78.7,1008.6,151.7,4580,9,0,231,1,,
2,31.2,79.8,1009.1,318.4,3951,9,0,231,1,,
3,31.6,80.4,1008.8,252.6,4538,9,0,231,1,,
4,31.3,80.3,1008.7,363.2,4016,9,0,231,1,,
5,31.2,80.5,1009,298.9,3429,9,0,231,1,,
6,31.2,80,1009.2,275.6,3737,9,0,231,1,,
7,31.1,80.1,1008.5,271.3,4704,9,0,231,1,,
1,30.7,80,1008.6,150,4569,9,0,232,1,,
2,31.3,81.1,1008.9,316.9,3923,9,0,232,1,,
3,30.7,80,1008.8,249.3,4549,9,0,232,1,,
4,30.8,79.9,1008.8,360.2,3997,9,0,232,1,,
5,30.4,80.2,1008.8,300.1,3361,9,0,232,1,,
6,30.4,80.7,1009,272.6,3746,9,0,232,1,,
7,30.5,80.1,1008.7,271.9,4672,9,0,232,1,,
1,30.2,81.7,1008.9,151.5,4542,9,0,233,1,,
2,30,81.8,1009.1,320.8,3908,9,0,233,1,,
3,30.3,80.8,1008.6,244.9,4548,9,0,233,1,,
4,29.9,80.7,1009.1,363.8,4056,9,0,233,1,,
5,30.1,81.3,1008.7,303.6,3371,9,0,233,1,,
6,30.3,81,1008.8,271.6,3773,9,0,233,1,,
7,30,81.2,1008.5,276.7,4654,9,0,233,1,,
1,29.5,83.2,1008.9,150,4589,9,0,234,1,,
2,29.2,82.1,1008.3,321,3904,9,0,234,1,,
3,29.6,81.9,1008.6,252.2,4517,9,0,234,1,,
4,29.1,82,1008.4,361.3,4029,9,0,234,1,,
5,29.9,81.9,1008.8,308.1,3408,9,0,234,1,,
6,29.7,83,1008.4,270,3778,9,0,234,1,,
7,29.3,81.5,1009,277.8,4633,9,0,234,1,,
1,28.7,82.4,1008.9,150,4531,9,0,235,1,,
2,28.7,82,1008.7,318.7,3869,9,0,235,1,,
3,28.5,83.2,1008.8,252,4531,9,0,235,1,,
4,29.3,83.4,1008.6,363.9,4087,9,0,235,1,,
5,28.6,82.4,1008.4,311.1,3368,9,0,235,1,,
6,28.8,83,1008.6,273.3,3718,9,0,235,1,,
7,29.1,83.3,1008.6,275.2,4660,9,0,235,1,,
1,28.5,83.5,1008.5,150,4523,9,0,236,1,,
2,27.4,83.5,1008.9,322.9,3856,9,0,236,1,,
3,28.4,84,1008.4,247.5,4528,9,0,236,1,,
4,28.5,83,1008.7,364.5,4081,9,0,236,1,,
5,28.3,84.2,1008.4,310.9,3356,9,0,236,1,,
6,28.1,83.2,1008.8,277,3744,9,0,236,1,,
7,28.2,82.9,1008.8,274.3,4676,9,0,236,1,,
1,27.6,83.8,1008.3,150,4498,9,0,237,1,,
2,27.6,84.4,1008.2,323.1,3879,9,0,237,1,,
3,27.7,84.6,1008.4,244.9,4522,9,0,237,1,,
4,27.6,83.9,1008.4,367.6,4048,9,0,237,1,,
5,27.7,84.1,1008.8,308.7,3403,9,0,237,1,,
6,27.2,84,1008.4,271.5,3733,9,0,237,1,,
7,27.6,84.4,1008.3,269,4627,9,0,237,1,,
1,27.2,83.3,1008.5,150.7,4495,9,0,238,1,,
2,27.7,84.5,1008.3,319.7,3855,9,0,238,1,,
3,27.6,84.3,1008.4,247.9,4511,9,0,238,1,,
4,27.6,84.2,1008.6,363.1,4037,9,0,238,1,,
5,27.2,84.8,1008.6,306.3,3378,9,0,238,1,,
6,27.6,84.6,1008.2,270.9,3687,9,0,238,1,,
7,27.4,84.2,1008.2,264.7,4628,9,0,238,1,,
1,27.2,85,1008.1,150,4510,9,0,239,1,,
2,27,85.1,1008.5,316.5,3900,9,0,239,1,,
3,26.8,84.6,1008,242.9,4508,9,0,239,1,,
4,27.3,85,1008.5,360.6,4061,9,0,239,1,,
5,27,85.5,1008.4,304.7,3358,9,0,239,1,,
6,27.5,84.7,1008.1,272.5,3690,9,0,239,1,,
7,27.2,85.2,1008.3,262.1,4647,9,0,239,1,,
1,27.1,86,1008.6,152.3,4487,10,0,240,1,,
2,26.9,85,1008.1,308.5,3926,10,0,240,1,,
3,26.8,85.4,1008.5,244.3,4477,10,0,240,1,,
4,27.3,84.5,1008.2,363.8,4089,10,0,240,1,,
5,27.6,85.3,1008,298.2,3270,10,0,240,1,,
6,27.2,86.2,1008.2,270,3773,10,0,240,1,,
7,27,85.5,1008.4,261.6,4627,10,0,240,1,,
1,26.9,84.4,1008.3,150,4473,10,0,241,1,,
2,27.3,84.8,1008.2,309.3,3880,10,0,241,1,,
3,27,84.9,1008.3,245.8,4457,10,0,241,1,,
4,27.1,84.2,1008.1,358,4128,10,0,241,1,,
5,27.6,84.7,1008.2,305.7,3262,10,0,241,1,,
6,26.7,84.9,1008.2,273.4,3781,10,0,241,1,,
7,26.9,84.6,1008.1,261.9,4656,10,0,241,1,,
1,27.2,83.8,1008.4,150,4480,10,0,242,1,,
2,27.2,85,1007.9,309.4,3839,10,0,242,1,,
3,27.4,84.8,1008.5,247.3,4484,10,0,242,1,,
4,27.6,83.8,1008.1,359.4,4110,10,0,242,1,,
5,26.9,84.5,1008.3,305.4,3278,10,0,242,1,,
6,27.2,84.1,1008.1,269.7,3781,10,0,242,1,,
7,27.3,84.6,1008.2,259.8,4635,10,0,242,1,,
1,28.6,83.3,1008.2,150,4461,10,0,243,1,,
2,27.9,84.1,1007.9,312.2,3818,10,0,243,1,,
3,27.8,84.8,1008.3,244.2,4529,10,0,243,1,,
4,28.1,83.8,1007.9,355.5,4110,10,0,243,1,,
5,27.4,84.2,1008.1,304.3,3249,10,0,243,1,,
6,27.6,83.4,1008.5,267.6,3741,10,0,243,1,,
1,28.5,84.1,1008.4,150,4534,10,0,244,1,,
2,28,83.6,1008.5,308.4,3820,10,0,244,1,,
3,28.5,83.3,1008.1,244.5,4546,10,0,244,1,,
4,28,83.1,1008,355.9,4118,10,0,244,1,,
5,28.9,83.2,1008.1,306,3241,10,0,244,1,,
6,28.2,83.5,1007.9,268,3707,10,0,244,1,,
1,28.3,82.3,1008.3,150,4548,10,0,245,1,,
2,29,83.1,1008.3,306.5,3795,10,0,245,1,,
3,28.9,82.9,1008.6,247.2,4554,10,0,245,1,,
4,28.7,83,1008.4,355.9,4085,10,0,245,1,,
5,29,81.5,1008,308.4,3211,10,0,245,1,,
6,29.4,83,1008.2,265.1,3702,10,0,245,1,,
1,30,81.9,1008.4,150,4565,10,0,246,1,,
2,29.5,81.5,1007.8,307.1,3823,10,0,246,1,,
3,29.8,81.5,1008.4,252,4551,10,0,246,1,,
4,29.9,82.1,1008.8,354.4,4064,10,0,246,1,,
5,29.6,82.2,1008.1,310.5,3179,10,0,246,1,,
6,29.7,82,1008.3,264.7,3682,10,0,246,1,,
1,30.1,81.1,1008.5,152.6,4498,10,0,247,1,,
2,29.4,80.7,1008.5,312.5,3824,10,0,247,1,,
3,29.9,80.9,1008.2,249.1,4543,10,0,247,1,,
4,30.3,81.4,1008.7,350.2,4087,10,0,247,1,,
5,30.4,81.8,1008.6,310.8,3170,10,0,247,1,,
6,30,80.2,1008.6,265,3657,10,0,247,1,,
1,30.9,80.4,1008.7,151.4,4537,10,0,248,1,,
2,30.5,80.4,1008.8,309.8,3800,10,0,248,1,,
3,30.3,80.5,1008.7,245.8,4591,10,0,248,1,,
4,30.9,80.4,1008.6,352.9,4114,10,0,248,1,,
5,30.6,81.2,1008.4,307.3,3187,10,0,248,1,,
6,31.3,80.5,1008.3,266.9,3666,10,0,248,1,,
1,31.1,78.8,1008.8,150,4489,10,0,249,1,,
2,31.1,79.4,1008.6,313.9,3810,10,0,249,1,,
3,31.4,80.4,1008.4,247.8,4561,10,0,249,1,,
4,30.9,80.3,1008.6,352.7,4117,10,0,249,1,,
5,31,79.4,1008.3,305.4,3182,10,0,249,1,,
6,31.4,79.7,1008.7,265.5,3681,10,0,249,1,,
1,31.7,79.3,1008.8,152.2,4491,10,0,250,1,,
2,31.6,79.3,1008.3,315.8,3808,10,0,250,1,,
3,31.9,79.5,1008.8,243.8,4537,10,0,250,1,,
4,31.6,80,1008.6,348.9,4106,10,0,250,1,,
5,31.7,79.9,1008.8,304.5,3173,10,0,250,1,,
6,31.1,79.2,1009,262.6,3661,10,0,250,1,,
1,31.6,79.2,1008.7,153.5,4465,10,0,251,1,,
2,31.9,80.7,1008.8,312.8,3795,10,0,251,1,,
3,32.1,78.6,1008.8,239.1,4566,10,0,251,1,,
4,32,79.7,1008.8,346,4182,10,0,251,1,,
5,32.1,79.7,1008.7,302.6,3141,10,0,251,1,,
6,31.8,78.5,1008.3,261.3,3663,10,0,251,1,,
1,31.9,79.3,1009,155.9,4466,10,0,252,1,,
2,32.3,79.1,1008.5,314.8,3776,10,0,252,1,,
3,31.6,79.3,1008.9,236.4,4586,10,0,252,1,,
4,32.1,79.6,1008.7,347.1,4208,10,0,252,1,,
5,31.6,79.3,1008.9,304,3134,10,0,252,1,,
6,32,78.9,1008.8,263.7,3655,10,0,252,1,,
1,31.8,79.3,1008.6,153,4511,10,0,253,1,,
2,32.5,79.6,1008.7,317.9,3778,10,0,253,1,,
3,32,78.8,1008.6,230,4599,10,0,253,1,,
4,32.3,79.6,1009,345.8,4192,10,0,253,1,,
5,32.3,78.9,1009,303.4,3113,10,0,253,1,,
6,31.7,79,1008.9,267.3,3634,10,0,253,1,,
1,31.8,79.2,1009,156.4,4497,10,0,254,1,,
2,31.9,79.6,1008.6,315.3,3809,10,0,254,1,,
3,31.2,79.4,1008.7,231.5,4593,10,0,254,1,,
4,31.8,79.9,1008.8,348.6,4236,10,0,254,1,,
5,31.8,79.6,1008.9,303.2,3109,10,0,254,1,,
6,31.7,79.6,1008.6,266.8,3588,10,0,254,1,,
1,31.1,79.6,1009,158.8,4538,10,0,255,1,,
2,31.2,79.7,1008.6,315.8,3871,10,0,255,1,,
3,31.2,80.2,1008.9,231.9,4610,10,0,255,1,,
4,31,79.5,1008.8,349.1,4221,10,0,255,1,,
5,32,80.5,1008.9,303.2,3137,10,0,255,1,,
6,30.7,80.1,1008.7,266.8,3586,10,0,255,1,,
1,31.1,79.7,1008.8,155.2,4522,10,0,256,1,,
2,30.4,80.5,1009,314.8,3885,10,0,256,1,,
3,30.3,80.9,1008.9,228.3,4606,10,0,256,1,,
4,31.2,80.7,1008.8,344.4,4183,10,0,256,1,,
5,30.9,80.5,1008.7,302.5,3039,10,0,256,1,,
6,30.5,80.5,1008.5,270.3,3543,10,0,256,1,,
1,30.2,81.6,1008.5,150,4527,10,0,257,1,,
2,29.8,81.4,1008.7,317,3921,10,0,257,1,,
3,30.1,81.2,1008.8,232,4641,10,0,257,1,,
4,30.2,80.2,1008.9,343.5,4281,10,0,257,1,,
5,30.2,81,1009,302.1,3001,10,0,257,1,,
6,30.1,80.7,1008.8,268.7,3525,10,0,257,1,,
1,30.3,81.9,1008.7,154.9,4545,10,0,258,1,,
2,30.3,82.3,1008.7,316.8,3911,10,0,258,1,,
3,29.1,82.3,1008.9,232.6,4677,10,0,258,1,,
4,30.2,81.9,1008.6,346.1,4333,10,0,258,1,,
5,29.5,81.5,1008.7,302.6,3027,10,0,258,1,,
6,29.8,82,1008.8,265.1,3481,10,0,258,1,,
1,28.9,83,1008.6,151,4504,10,0,259,1,,
2,29,82.6,1008.6,320,3881,10,0,259,1,,
3,29.5,83.3,1008.6,235.2,4684,10,0,259,1,,
4,28.4,81.9,1008.5,347.4,4349,10,0,259,1,,
5,28.6,82.8,1008.3,304.3,3040,10,0,259,1,,
6,28.9,82.6,1008.7,264.3,3485,10,0,259,1,,
1,28.8,83.6,1008.5,150.3,4527,10,0,260,1,,
2,28.6,84.2,1008.5,312.9,3863,10,0,260,1,,
3,28.3,83.3,1008.8,232.1,4733,10,0,260,1,,
4,28.6,82.9,1008,349.6,4325,10,0,260,1,,
5,28.4,83.5,1008.6,308.7,3028,10,0,260,1,,
6,27.8,84.4,1008.5,265.8,3458,10,0,260,1,,
1,28.5,84.4,1008.3,150,4558,10,0,261,1,,
2,28.1,84.1,1008.2,310.6,3888,10,0,261,1,,
3,27.9,83.4,1008.5,225.3,4755,10,0,261,1,,
4,27.1,84.2,1008.6,348.8,4312,10,0,261,1,,
5,27.8,83.6,1008.2,308.6,3059,10,0,261,1,,
6,27.8,83.5,1008.5,264.1,3457,10,0,261,1,,
1,27.2,85,1007.9,150,4577,10,0,262,1,,
2,27.5,84.5,1008.3,308.7,3861,10,0,262,1,,
3,27.6,84.3,1008.4,230.6,4742,10,0,262,1,,
4,27.3,84.4,1008.1,346.2,4329,10,0,262,1,,
5,27.3,84.5,1008.3,306.5,3065,10,0,262,1,,
6,27.5,84,1008.2,264.8,3518,10,0,262,1,,
1,27.5,84.5,1008,150,4542,10,0,263,1,,
2,27.6,84.7,1008.5,312.5,3891,10,0,263,1,,
3,26.8,85.6,1008.7,230,4775,10,0,263,1,,
4,27.2,85,1008.1,345.3,4265,10,0,263,1,,
5,26.6,85.5,1008.2,308.3,3024,10,0,263,1,,
6,27,85.2,1008.3,270,3463,10,0,263,1,,
8,28.3,77.8,1008.5,437.4,4326,1,1,48,1,,
9,28.1,77.4,1008.3,356.7,3763,1,1,48,1,,
10,28.1,78.1,1007.9,423.6,5000,1,1,48,1,,
11,28.4,76.2,1008.2,345.8,4215,1,1,48,1,,
12,28.2,77.1,1008.4,392.6,3890,1,1,48,1,,
13,28.6,75.8,1008.1,361.4,4680,1,1,48,1,,
14,28.3,76.5,1007.8,418.7,3125,1,1,48,1,,
8,31.1,67.2,1004.6,389.2,4557,1,1,54,1,,
9,30.6,66.2,1004.7,370.5,3166,1,1,54,1,,
10,30.5,69.9,1004.3,373.7,2393,1,1,54,1,,
11,30.8,67.5,1004.8,348.2,4680,1,1,54,1,,
12,31,66.8,1005.2,372.5,3920,1,1,54,1,,
13,30.6,68.3,1004.5,358.9,4215,1,1,54,1,,
14,31.3,65.9,1005.4,381.6,3450,1,1,54,1,,
11,28.9,78.8,1008.2,425.6,4580,1,1,60,1,,
12,28.6,79.2,1007.9,398.3,3920,1,1,60,1,,
13,29.2,78.5,1008.5,441.7,4215,1,1,60,1,,
14,28.4,79.6,1007.6,382.4,3680,1,1,60,1,,
8,29.1,79.4,1007.8,418.7,3417,1,1,66,1,,
9,29.6,79.8,1008.3,398.6,5000,1,1,66,1,,
10,29.1,79.1,1009.1,322.5,5000,1,1,66,1,,
11,29,79.2,1008.6,408.5,4125,1,1,66,1,,
12,28.7,78.8,1008.3,445.3,3680,1,1,66,1,,
13,29.3,79.5,1008.9,385.7,4520,1,1,66,1,,
14,28.5,78.6,1007.9,421.8,3290,1,1,66,1,,
8,27.6,77.6,1008.3,446.7,4250,2,1,72,1,,
9,27.5,78.8,1008.1,398.5,4250,2,1,72,1,,
10,27.3,78.3,1009.1,414.6,3225,2,1,72,1,,
11,27.5,78.6,1008.7,385.4,3480,2,1,72,1,,
12,27.3,78.2,1009.2,408.7,2890,2,1,72,1,,
13,27.8,79.1,1008.4,362.5,4125,2,1,72,1,,
14,27.2,77.9,1009.6,425.8,3215,2,1,72,1,,
8,29.7,73.5,1006.4,290.1,2526,2,1,78,1,,
9,30.2,74.1,1004.2,351.3,5000,2,1,78,1,,
10,29.8,73.6,1004.1,482.6,3718,2,1,78,1,,
11,30.1,73.8,1005.2,418.5,4025,2,1,78,1,,
12,29.8,72.9,1005.6,365.8,3780,2,1,78,1,,
13,30.4,74.2,1004.8,445.2,4620,2,1,78,1,,
14,29.6,73.1,1006.1,392.7,3215,2,1,78,1,,
8,29.2,74,1006.2,215.6,2650,2,1,84,1,,
9,29.7,74.5,1004,375.6,5000,2,1,84,1,,
10,29.4,74,1004,431.4,3750,2,1,84,1,,
11,29.6,73.8,1005.1,395.7,4280,2,1,84,1,,
12,29.3,74.2,1004.8,358.4,3915,2,1,84,1,,
13,29.9,73.3,1005.6,428.6,4680,2,1,84,1,,
8,26.9,75.6,1007.8,210,4250,2,1,90,1,,
9,27.2,77,1007.6,402,4650,2,1,90,1,,
10,27.6,76.7,1006.3,322,4480,2,1,90,1,,
11,27.4,76.8,1007.2,338.5,3780,2,1,90,1,,
12,27.1,77.5,1006.9,372.8,4125,2,1,90,1,,
13,27.7,76.3,1007.6,315.4,3290,2,1,90,1,,
8,27.2,75.8,1007.9,215.8,4160,3,1,96,1,,
9,27.8,77,1007.7,405.5,4230,3,1,96,1,,
10,28.2,76.8,1006.5,325.4,4150,3,1,96,1,,
11,27.8,76.2,1007.5,298.4,4125,3,1,96,1,,
12,27.5,77.1,1007.2,325.6,4580,3,1,96,1,,
13,28.1,76.5,1007.8,281.3,3915,3,1,96,1,,
8,28.6,75.1,1008.3,255.1,4700,3,1,102,1,,
9,29.2,76.2,1008,410.8,4950,3,1,102,1,,
10,29.8,75.9,1007.1,340.9,4520,3,1,102,1,,
11,29.3,75.8,1007.9,268.5,4320,3,1,102,1,,
12,29.7,76.1,1007.6,242.3,4680,3,1,102,1,,
13,28.9,75.3,1008.2,285.7,4025,3,1,102,1,,
8,29,76.2,1007.9,210.5,4950,3,1,108,1,,
9,29.5,77.3,1007.6,350.3,5000,3,1,108,1,,
10,30.2,76.7,1006.7,295.8,4880,3,1,108,1,,
11,29.6,77.1,1007.5,245.8,4520,3,1,108,1,,
12,30,77.4,1007.2,218.6,4890,3,1,108,1,,
13,29.2,76.5,1007.8,268.4,4215,3,1,108,1,,
8,28.6,77.3,1007.6,160.4,4550,3,1,114,1,,
9,29.1,78.4,1007.2,300.2,4800,3,1,114,1,,
10,29.6,77.6,1006.3,240.6,4600,3,1,114,1,,
11,29.1,78.2,1007,228.6,4680,3,1,114,1,,
12,29.5,78.6,1006.8,198.4,5000,3,1,114,1,,
13,28.8,77.5,1007.4,252.7,4420,3,1,114,1,,
8,28.4,75.8,1006.9,220.6,3920,4,1,120,1,,
9,28.9,76.7,1006.5,360.5,4150,4,1,120,1,,
10,28.7,76.1,1005.8,298.2,4005,4,1,120,1,,
11,29,76.5,1006.4,212.5,4890,4,1,120,1,,
12,29.3,76.8,1006.2,185.7,5000,4,1,120,1,,
13,28.6,76,1006.7,238.6,4680,4,1,120,1,,
8,28.7,76.7,1007.5,185.2,4200,4,1,126,1,,
9,29.2,77.6,1007.1,332.7,4450,4,1,126,1,,
10,29,77,1006.3,270.9,4305,4,1,126,1,,
11,29.2,77.5,1007.1,198.5,5000,4,1,126,1,,
12,28.9,77.8,1006.8,172.3,5000,4,1,126,1,,
13,29.5,77.2,1007.4,225.4,4890,4,1,126,1,,
11,29.9,81.7,1008.2,196,5003,5,1,127,1,,
11,30.4,81,1009,194.8,4983,5,1,128,1,,
11,31.2,79.6,1008.6,190.4,4992,5,1,129,1,,
11,32.2,78.4,1008.4,188.7,5008,5,1,130,1,,
11,32.2,79.5,1008.4,186.4,4981,5,1,131,1,,
8,29,77.5,1007,145.3,4500,4,1,132,1,,
9,29.5,78.4,1006.7,270.5,4800,4,1,132,1,,
11,32,79,1008.5,184.7,4998,5,1,132,1,,
12,29.3,78.6,1006.4,158.6,5000,4,1,132,1,,
13,29.8,77.9,1007,212.5,5000,4,1,132,1,,
11,31.7,79,1009.1,190.3,4933,5,1,133,1,,
11,31.7,80.9,1008.9,190,4972,5,1,134,1,,
11,31.3,80.2,1008.7,190.3,4984,5,1,135,1,,
11,31,80.3,1008.7,184.1,4972,5,1,136,1,,
11,30.4,81.5,1008.5,178.1,4968,5,1,137,1,,
8,29.3,78.4,1006.6,110.5,4700,4,1,138,1,,
9,29.8,79.3,1006.2,205.4,5000,4,1,138,1,,
10,29.3,77.8,1006,215.8,4620,4,1,138,1,,
10,29.6,78.7,1005.6,165.7,4850,4,1,138,1,,
11,29.8,81.8,1008.4,175.9,4977,5,1,138,1,,
12,29.5,79.5,1006,145.8,5000,4,1,138,1,,
13,30.1,78.7,1006.6,198.6,5000,4,1,138,1,,
11,28.8,82.5,1008.7,176.2,5000,5,1,139,1,,
12,28.9,82.7,1008.7,150,5032,5,1,139,1,,
11,27.9,84,1008.7,172.3,5037,5,1,140,1,,
12,28.2,83.3,1008.5,150,5043,5,1,140,1,,
11,27.6,85.4,1008.3,177,4999,5,1,141,1,,
12,27.6,84.4,1008.7,150,5041,5,1,141,1,,
11,27,84.4,1008.3,175.7,4995,5,1,142,1,,
12,27.5,84.4,1008.4,151.2,5076,5,1,142,1,,
11,26.8,85.5,1008.5,178.2,5011,5,1,143,1,,
12,26.9,84.4,1008.2,150,5094,5,1,143,1,,
8,28.9,77,1006.1,165.8,4180,5,1,144,1,,
9,29.4,78.1,1005.7,260.6,4480,5,1,144,1,,
10,29.2,77.3,1005,225.4,4320,5,1,144,1,,
11,27,84.9,1008.3,175,4995,6,1,144,1,,
12,26.7,86.2,1008.5,150,5094,6,1,144,1,,
13,29.8,77.3,1005.9,185.7,5000,5,1,144,1,,
11,27.6,85.3,1008.3,168.8,4973,6,1,145,1,,
12,26.6,86.2,1008.1,150,5040,6,1,145,1,,
11,27.9,84.8,1008.3,169,4954,6,1,146,1,,
12,27.5,84,1008.2,150,5010,6,1,146,1,,
11,27.8,83.4,1007.9,166.4,4960,6,1,147,1,,
12,27.5,84.2,1008,150,5031,6,1,147,1,,
11,27.8,83.6,1008,163.5,4998,6,1,148,1,,
12,29,83.7,1008.1,150,5034,6,1,148,1,,
11,28.9,82.3,1008.3,158.7,5009,6,1,149,1,,
12,28.7,83.2,1008.3,152.3,5026,6,1,149,1,,
8,29.2,78.1,1006.5,135.6,4500,5,1,150,1,,
9,29.7,79.2,1006.1,230.8,4900,5,1,150,1,,
10,29.5,78.4,1005.5,195.5,4680,5,1,150,1,,
11,29.8,82.3,1008.8,152.5,5013,6,1,150,1,,
12,29.9,81.9,1008.2,158.4,4974,6,1,150,1,,
13,30.1,78.4,1006.5,170.2,4300,5,1,150,1,,
11,29.7,81.1,1008.4,159,5011,6,1,151,1,,
12,30.2,80.5,1007.9,162.4,4978,6,1,151,1,,
11,30.7,81,1008.5,164.2,5030,6,1,152,1,,
12,31.2,81.2,1008.6,162.1,4968,6,1,152,1,,
11,31.5,78.9,1009,161.8,5030,6,1,153,1,,
12,31.5,79.8,1008.5,155.4,4967,6,1,153,1,,
11,31.5,78.9,1008.4,161.8,4970,6,1,154,1,,
12,32,80,1008.7,152.3,4996,6,1,154,1,,
11,31.8,79.6,1008.8,162.7,4943,6,1,155,1,,
12,31.9,78.9,1008.4,158.2,5020,6,1,155,1,,
8,29.4,78.5,1006.2,309.6,3620,5,1,156,1,,
9,29.9,79.6,1005.8,356.8,3980,5,1,156,1,,
10,29.7,78.8,1005.2,320.3,3800,5,1,156,1,,
11,31.5,79.5,1008.7,162.1,4937,6,1,156,1,,
12,32.3,78.6,1008.8,157.5,5046,6,1,156,1,,
13,30.3,79.1,1006.2,305.6,3450,5,1,156,1,,
9,31.9,80.2,1009,363,4007,6,1,157,1,,
11,31.4,80,1008.5,162.3,4939,6,1,157,1,,
12,32.3,78.4,1008.6,159,5032,6,1,157,1,,
13,32.3,79.1,1008.7,305.6,3438,6,1,157,1,,
9,32,80.4,1008.9,362,4039,6,1,158,1,,
11,30.8,79.7,1008.7,158.9,4912,6,1,158,1,,
12,31.9,79.2,1008.6,153.3,5048,6,1,158,1,,
13,31.7,79.1,1009,309.5,3432,6,1,158,1,,
9,31.7,79.6,1008.6,362,4065,6,1,159,1,,
11,30.9,79.1,1009,154,4920,6,1,159,1,,
12,31.4,80.4,1008.9,150,5065,6,1,159,1,,
13,30.9,79.6,1008.8,310.6,3400,6,1,159,1,,
9,31,79.8,1009.1,359.7,4058,6,1,160,1,,
11,30.7,81.1,1008.7,151.3,4986,6,1,160,1,,
12,30.3,79.6,1008.4,150,5076,6,1,160,1,,
13,30.5,80.8,1008.9,308.3,3359,6,1,160,1,,
9,29.9,82.6,1008.8,356.8,4085,6,1,161,1,,
11,30.5,81.6,1008.6,155.8,4930,6,1,161,1,,
12,29.9,80.5,1008.7,150,5094,6,1,161,1,,
13,31.1,81.6,1008.7,310.5,3353,6,1,161,1,,
8,28.9,78.9,1005.8,300.8,3720,5,1,162,1,,
9,29.7,81.9,1008.8,353.9,4071,6,1,162,1,,
10,29.1,79.2,1004.8,340.2,3920,5,1,162,1,,
11,29.3,82.2,1008.4,152,4908,6,1,162,1,,
12,29.9,81.9,1008.9,153.7,5094,6,1,162,1,,
13,29.8,82.1,1008.7,309.8,3308,6,1,162,1,,
8,28.8,83.2,1008.4,304.4,3780,6,1,163,1,,
9,28.2,82.1,1008.9,358.4,4074,6,1,163,1,,
10,28.9,82.7,1008.2,336.6,3951,6,1,163,1,,
11,28.9,82.1,1008.5,151.6,4872,6,1,163,1,,
12,29.4,82.5,1008.2,150,5076,6,1,163,1,,
13,29.4,82.3,1008.3,308.8,3278,6,1,163,1,,
8,28.2,84.1,1008.3,307,3812,6,1,164,1,,
9,28.7,83.4,1008.5,358.2,4072,6,1,164,1,,
10,28.4,84.5,1008.3,336,3984,6,1,164,1,,
11,28.7,82.6,1008.5,155.1,4831,6,1,164,1,,
12,28.4,82.9,1008.4,150,5058,6,1,164,1,,
13,28.2,83.8,1008.7,310.8,3267,6,1,164,1,,
8,28,84.1,1007.8,304.6,3793,6,1,165,1,,
9,27.7,84.7,1008.5,359.9,4104,6,1,165,1,,
10,27.6,83.9,1008.4,334,3997,6,1,165,1,,
11,27.7,84.2,1008.3,154.5,4848,6,1,165,1,,
12,28.1,84.3,1008.3,153.2,5061,6,1,165,1,,
13,27.7,84.3,1008.1,312.1,3222,6,1,165,1,,
8,27,84.7,1008.3,301.5,3762,6,1,166,1,,
9,27.5,84.1,1008.1,360,4099,6,1,166,1,,
10,26.8,85.4,1008.2,327.1,3994,6,1,166,1,,
11,27.2,85,1008.4,152.4,4881,6,1,166,1,,
12,27.4,85.2,1008.3,155.6,5088,6,1,166,1,,
13,27.9,84.4,1008.3,309.4,3201,6,1,166,1,,
8,26.9,85.5,1008.2,299.4,3749,6,1,167,1,,
9,27.1,84.9,1008.8,355.6,4041,6,1,167,1,,
10,27,84.8,1008.4,328.5,4042,6,1,167,1,,
11,26.9,85.3,1008.1,151.1,4876,6,1,167,1,,
12,27,84.2,1008.3,158.5,5094,6,1,167,1,,
13,27.8,85.4,1008,313.6,3235,6,1,167,1,,
8,27.1,85.2,1007.6,302,3793,7,1,168,1,,
9,27.1,84.8,1008.3,356.9,4080,7,1,168,1,,
10,26.8,85.4,1008.4,320,4015,7,1,168,1,,
11,27.1,83.8,1008.3,150.4,4884,7,1,168,1,,
12,27.5,84.8,1008.4,155.1,5094,7,1,168,1,,
13,26.9,85.2,1008.2,319.1,3210,7,1,168,1,,
8,26.8,84.4,1008.1,299.1,3800,7,1,169,1,,
9,27.3,84.7,1008.3,362,4058,7,1,169,1,,
10,26.7,85.1,1008.3,320.5,4003,7,1,169,1,,
11,27,85.5,1008.5,150,4889,7,1,169,1,,
12,26.8,85.8,1008.2,151.7,5085,7,1,169,1,,
13,27.4,85.1,1008.3,313.7,3272,7,1,169,1,,
8,26.8,84,1008.5,295.8,3838,7,1,170,1,,
9,27.4,84.3,1008.1,363.6,4066,7,1,170,1,,
10,27.3,84.6,1008.1,322.2,3969,7,1,170,1,,
11,27.4,84.5,1008.4,153.3,4897,7,1,170,1,,
12,26.9,85,1008.3,150.4,5089,7,1,170,1,,
13,26.8,84.7,1008.2,313,3297,7,1,170,1,,
8,27.8,83.2,1008.3,294.9,3825,7,1,171,1,,
9,27.9,83.5,1008.3,364.9,4070,7,1,171,1,,
10,27.5,84.2,1008.1,318.3,3982,7,1,171,1,,
11,27.9,84.8,1008.4,152.1,4936,7,1,171,1,,
12,27.6,84.4,1008,157.3,5094,7,1,171,1,,
13,27.5,83.9,1008,315.9,3303,7,1,171,1,,
8,28.3,83.7,1008.4,297.9,3837,7,1,172,1,,
9,28.6,83.3,1008.1,365.2,3998,7,1,172,1,,
10,28.1,83.1,1008.2,315.1,3979,7,1,172,1,,
11,28,84,1008.7,150.3,4954,7,1,172,1,,
12,28.2,83.6,1008.3,154.1,5094,7,1,172,1,,
13,28.4,83.9,1008.6,321,3311,7,1,172,1,,
8,28.4,82.5,1008.9,299.5,3909,7,1,173,1,,
9,28.7,82.2,1008.5,360.3,4029,7,1,173,1,,
10,28.7,82.5,1008.2,317.5,3987,7,1,173,1,,
11,28.9,82.2,1008.1,150,4939,7,1,173,1,,
12,28.5,82.8,1008.3,153.4,5092,7,1,173,1,,
13,28.9,82.5,1008.4,322.7,3288,7,1,173,1,,
8,29.9,82.1,1008.4,298.9,3857,7,1,174,1,,
9,29.6,82.1,1008.1,364.8,4041,7,1,174,1,,
10,29,82.4,1008.5,318.3,4011,7,1,174,1,,
11,29.5,81.7,1008.7,150.9,4962,7,1,174,1,,
12,29.5,82.3,1008.2,152.3,5094,7,1,174,1,,
13,29.7,82.5,1008.1,322.9,3284,7,1,174,1,,
8,30.6,81.2,1008.3,296.5,3836,7,1,175,1,,
9,30,80.6,1008.5,364,4089,7,1,175,1,,
10,30.4,81.2,1008.2,315.9,3949,7,1,175,1,,
11,30.2,81.1,1008.4,151.3,4929,7,1,175,1,,
12,30,81.2,1008.4,151.3,5094,7,1,175,1,,
13,30.1,80.7,1008.1,320.2,3255,7,1,175,1,,
8,30.9,80.1,1008.2,293.3,3879,7,1,176,1,,
9,30.6,80.1,1008.7,366.4,4095,7,1,176,1,,
10,31.4,80.4,1008.4,314.2,3954,7,1,176,1,,
11,31,81.1,1008.5,150,4906,7,1,176,1,,
12,30.8,79.7,1008.8,151.7,5085,7,1,176,1,,
13,30.9,80.7,1008.6,315.7,3220,7,1,176,1,,
8,31.7,79.2,1008.4,294.7,3887,7,1,177,1,,
9,31.5,79.9,1008.6,369.5,4115,7,1,177,1,,
10,31.7,79.2,1008.6,313.3,3976,7,1,177,1,,
11,31.8,79.7,1008.7,150,4898,7,1,177,1,,
12,31.7,79.5,1008.9,151.6,5094,7,1,177,1,,
13,31.1,79.9,1008.5,316.2,3248,7,1,177,1,,
8,31.9,79,1008.8,297.4,3871,7,1,178,1,,
9,31.6,80.1,1008.2,375.3,4065,7,1,178,1,,
10,31.6,79.1,1008.6,312.8,3969,7,1,178,1,,
11,31.4,78.9,1008.8,150,4912,7,1,178,1,,
12,32.6,79.5,1008.6,150,5092,7,1,178,1,,
13,31.4,78.9,1008.7,315.6,3269,7,1,178,1,,
8,31.8,79.9,1008.6,301.3,3889,7,1,179,1,,
9,31.7,79.1,1008.7,377.9,4034,7,1,179,1,,
10,32.3,78.2,1008.6,310.5,3955,7,1,179,1,,
11,31.9,79.5,1008.6,152.9,4907,7,1,179,1,,
12,31.6,79,1009.3,150,5077,7,1,179,1,,
13,31.9,80,1008.4,317.7,3273,7,1,179,1,,
8,31.6,78.8,1008.4,302.2,3948,7,1,180,1,,
9,32.1,78.7,1008.8,377.3,4038,7,1,180,1,,
10,32.2,78.9,1008.8,308.1,3960,7,1,180,1,,
11,32.8,78.2,1009.2,152.2,4914,7,1,180,1,,
12,31.9,78.8,1009,150,5094,7,1,180,1,,
13,31.6,78,1008.5,320.9,3304,7,1,180,1,,
8,32.1,79.4,1008.9,302.8,3977,7,1,181,1,,
9,31.7,78.8,1008.8,379.7,4021,7,1,181,1,,
10,32.1,78.7,1008.9,307.7,3988,7,1,181,1,,
11,31.5,78.8,1009,152.3,4897,7,1,181,1,,
12,31.8,78.7,1008.8,150,5041,7,1,181,1,,
13,31.9,78.9,1008.6,320,3288,7,1,181,1,,
8,31.8,79.2,1008.6,301.5,3987,7,1,182,1,,
9,31.4,79.7,1008.8,381.8,3995,7,1,182,1,,
10,31.6,79.6,1008.8,306.8,3994,7,1,182,1,,
11,31.9,78.6,1008.5,150.9,4841,7,1,182,1,,
12,31.5,79.6,1008.7,152.4,4991,7,1,182,1,,
13,32.2,78.8,1008.9,324.8,3310,7,1,182,1,,
8,31.2,80,1008.9,303.5,4026,7,1,183,1,,
9,30.7,79.6,1008.6,381.2,3977,7,1,183,1,,
10,31.4,79.3,1009.1,300.6,3971,7,1,183,1,,
11,31.6,79.6,1008.7,153.1,4873,7,1,183,1,,
12,30.8,80.6,1009.1,152,5032,7,1,183,1,,
13,30.9,79.1,1008.8,324.9,3345,7,1,183,1,,
8,30.8,79.8,1008.7,303.1,3971,7,1,184,1,,
9,31,80.4,1008.8,381.3,3983,7,1,184,1,,
10,30.7,80.7,1009.1,294.5,3953,7,1,184,1,,
11,30.7,80.4,1008.8,155.2,4925,7,1,184,1,,
12,30.6,80,1008.4,150,5033,7,1,184,1,,
13,30.9,80.3,1008.6,320.6,3347,7,1,184,1,,
8,30.6,81.3,1008.8,306.6,3953,7,1,185,1,,
9,30.1,81.5,1008.6,385.1,3977,7,1,185,1,,
10,29.5,81.2,1008.8,298.7,3954,7,1,185,1,,
11,30.5,81.3,1008.7,152.6,4965,7,1,185,1,,
12,30.2,80.9,1008.4,150.2,5067,7,1,185,1,,
13,29.7,81.7,1008.8,321.9,3306,7,1,185,1,,
8,29.7,81.9,1008.6,303.7,4003,7,1,186,1,,
9,29.1,82.1,1008.5,386.7,4045,7,1,186,1,,
10,29.8,82.3,1008.6,293.9,3960,7,1,186,1,,
11,29.5,82.3,1008.5,150,4953,7,1,186,1,,
12,29.8,82.7,1008.5,154.1,5062,7,1,186,1,,
13,29.5,81.8,1008.7,323,3289,7,1,186,1,,
8,28.7,83.1,1008.2,306.7,4036,7,1,187,1,,
9,28.9,82.3,1008.6,385.9,4069,7,1,187,1,,
10,28.4,83.4,1008.5,296.9,3943,7,1,187,1,,
11,28.8,82.9,1008.4,150,4988,7,1,187,1,,
12,29.1,83.3,1008.3,155,5094,7,1,187,1,,
13,28.6,82.2,1008.6,322.1,3352,7,1,187,1,,
8,28.3,83.4,1008.6,313.1,3983,7,1,188,1,,
9,27.9,84,1008.5,382.9,4118,7,1,188,1,,
10,28.3,83.6,1008.5,295,3952,7,1,188,1,,
11,27.7,82.4,1008.7,150,4976,7,1,188,1,,
12,28.1,83,1008.6,155,5086,7,1,188,1,,
13,28.3,82.8,1008.8,325.3,3308,7,1,188,1,,
8,28,83.7,1008.4,311.8,3971,7,1,189,1,,
9,27.3,84,1008.1,386.6,4132,7,1,189,1,,
10,27.5,83.5,1008.7,296.6,3952,7,1,189,1,,
11,27.9,84.1,1008.4,150,5051,7,1,189,1,,
12,27.7,83.3,1008.5,159.3,5066,7,1,189,1,,
13,27.5,83.9,1008.2,319.5,3328,7,1,189,1,,
8,27.3,84,1008.6,305.8,3988,7,1,190,1,,
9,27.5,84,1008.2,386,4179,7,1,190,1,,
10,27.8,84.5,1008.6,296.6,3918,7,1,190,1,,
11,27.9,84.3,1008.6,151.2,5050,7,1,190,1,,
12,27.1,84.7,1008.9,162.2,5065,7,1,190,1,,
13,27.4,84.2,1008.2,310.7,3329,7,1,190,1,,
8,27,84.3,1008.3,300.6,3989,7,1,191,1,,
9,26.9,84.7,1008.1,387.8,4102,7,1,191,1,,
10,27.6,85.4,1008.3,298.2,3904,7,1,191,1,,
11,26.8,85.1,1008.2,150,5027,7,1,191,1,,
12,27.1,85.5,1008.1,163.6,5034,7,1,191,1,,
13,26.8,85.3,1008.5,311,3334,7,1,191,1,,
8,26.6,85.2,1008.1,298.7,3999,8,1,192,1,,
9,27.4,84.8,1008.2,393.1,4063,8,1,192,1,,
10,27.2,83.8,1008,300.6,3894,8,1,192,1,,
11,27.3,84.6,1008.1,152,5022,8,1,192,1,,
12,27.3,84.9,1008.3,162.1,5056,8,1,192,1,,
13,27,84.6,1008.1,314.6,3355,8,1,192,1,,
8,27.1,84.5,1008.3,293,4023,8,1,193,1,,
9,27.7,85.3,1008.3,389.8,4081,8,1,193,1,,
10,27,84.9,1008.3,304.4,3876,8,1,193,1,,
11,27,85.4,1008.5,150,5018,8,1,193,1,,
12,26.4,84.8,1008.3,162.1,5094,8,1,193,1,,
13,27.1,85.2,1008.2,314.7,3371,8,1,193,1,,
8,27.3,83.7,1008.5,294.8,4010,8,1,194,1,,
9,27.1,85.2,1008,389,4065,8,1,194,1,,
10,27.4,84.5,1008.1,306.9,3933,8,1,194,1,,
11,26.9,84.4,1008.2,150,4987,8,1,194,1,,
12,27.5,85.1,1008.2,164.6,5023,8,1,194,1,,
13,26.7,85.1,1008.4,312,3407,8,1,194,1,,
8,27.9,84.3,1008.3,291.5,3979,8,1,195,1,,
9,27.4,84.5,1008.3,392.2,4013,8,1,195,1,,
10,27.2,84.3,1008.1,305.1,3941,8,1,195,1,,
11,27.4,84.5,1008.5,150,4977,8,1,195,1,,
12,27.9,83.6,1008.3,169.1,5020,8,1,195,1,,
13,27.1,84.3,1008.2,310.7,3406,8,1,195,1,,
8,27.9,83,1008.4,289.1,3939,8,1,196,1,,
9,28.6,84.8,1008.1,397.5,4006,8,1,196,1,,
10,28.6,83.6,1008.2,307,3975,8,1,196,1,,
11,28.5,83.5,1008,150,4985,8,1,196,1,,
12,27.9,83.5,1007.8,169.7,5036,8,1,196,1,,
13,28.4,82.6,1008.4,309,3434,8,1,196,1,,
8,28.6,83.4,1008.2,282.8,3910,8,1,197,1,,
9,28.4,82.6,1008.5,394.6,3989,8,1,197,1,,
10,28.7,83.3,1008.4,308.2,3954,8,1,197,1,,
11,28.8,82.8,1008.3,150,5009,8,1,197,1,,
12,29.4,82.7,1008.4,166.7,5027,8,1,197,1,,
13,29,82.6,1008.3,308.6,3481,8,1,197,1,,
8,29.6,81.8,1008.5,285.1,3901,8,1,198,1,,
9,29.7,82,1008.5,394.9,4004,8,1,198,1,,
10,29,82.2,1008.2,310,3935,8,1,198,1,,
11,29.4,81.5,1008.8,150,4931,8,1,198,1,,
12,29,81.9,1008.3,167.1,5010,8,1,198,1,,
13,29.2,81.8,1008,308.6,3461,8,1,198,1,,
8,29.8,81.9,1008.4,289.8,3834,8,1,199,1,,
9,30.5,80.9,1008.6,393,4001,8,1,199,1,,
10,30.6,81.2,1008.6,311.7,3913,8,1,199,1,,
11,30.1,81.2,1008.5,150,4959,8,1,199,1,,
12,30.2,81.1,1008.4,167,5013,8,1,199,1,,
13,29.7,80.3,1008.4,304.5,3478,8,1,199,1,,
8,30.8,81.5,1008.4,288.5,3844,8,1,200,1,,
9,30.7,79.6,1008.3,391.6,4008,8,1,200,1,,
10,30.1,80.7,1008.5,312.8,3904,8,1,200,1,,
11,30.9,80.3,1008.8,154.3,4986,8,1,200,1,,
12,31,80.4,1008.4,166,4993,8,1,200,1,,
13,30.8,80.8,1009,307.4,3478,8,1,200,1,,
8,31.1,79.7,1008.5,286.1,3881,8,1,201,1,,
9,31.2,79.6,1008.8,389.4,4060,8,1,201,1,,
10,31.1,80.9,1008.3,314.4,3884,8,1,201,1,,
11,30.4,80.7,1008.7,160,5023,8,1,201,1,,
12,31.2,80.9,1008.4,164.7,4983,8,1,201,1,,
13,30.9,80.5,1008.8,302.4,3467,8,1,201,1,,
8,31.8,79.5,1008.8,284.8,3858,8,1,202,1,,
9,32,79.7,1009,390,4081,8,1,202,1,,
10,31.6,79.2,1008.5,315.5,3924,8,1,202,1,,
11,32.1,79.8,1008.9,165.6,5029,8,1,202,1,,
12,31.6,79.2,1008.7,159.2,5016,8,1,202,1,,
13,31.3,78,1008.4,302.3,3483,8,1,202,1,,
8,31.7,79.1,1008.5,282.7,3844,8,1,203,1,,
9,31.8,77.7,1008.8,387.4,4068,8,1,203,1,,
10,32.1,79.2,1008.5,316.5,3986,8,1,203,1,,
11,31.4,78.9,1008.8,165.5,4991,8,1,203,1,,
12,32.1,78.5,1008.3,155.8,5011,8,1,203,1,,
13,31.8,79.8,1008.9,301.5,3474,8,1,203,1,,
8,32.6,77.6,1008.7,287.4,3848,8,1,204,1,,
9,32,79,1009,385.7,4060,8,1,204,1,,
10,31.9,78.8,1008.6,314.5,3901,8,1,204,1,,
11,31.5,78.6,1008.9,169.9,5018,8,1,204,1,,
12,32.8,79.3,1008.4,153.3,5011,8,1,204,1,,
13,32.1,79,1008.5,300.3,3492,8,1,204,1,,
8,31.9,79.4,1008.6,286.6,3802,8,1,205,1,,
9,31.5,78.7,1008.9,385.4,4089,8,1,205,1,,
10,32.2,79.9,1008.8,311.8,3887,8,1,205,1,,
11,32.2,79.1,1008.4,168.1,5010,8,1,205,1,,
12,32,78.4,1008.8,150.7,4980,8,1,205,1,,
13,32.3,79.6,1008.9,304.2,3503,8,1,205,1,,
8,31.9,80.3,1009.3,286.7,3789,8,1,206,1,,
9,31.7,79.2,1009.2,384.7,4125,8,1,206,1,,
10,31.4,79.8,1009.2,309.1,3849,8,1,206,1,,
11,31.5,79.4,1008.9,170.4,5002,8,1,206,1,,
12,31.7,79.8,1009,152,4967,8,1,206,1,,
13,31.6,80.1,1008.9,307.7,3466,8,1,206,1,,
8,31.2,79.2,1008.8,291.5,3741,8,1,207,1,,
9,31.1,80.2,1009,384.9,4055,8,1,207,1,,
10,31.6,80,1008.9,313.3,3805,8,1,207,1,,
11,30.7,79.6,1008.8,173.7,4984,8,1,207,1,,
12,31.5,80,1008.8,150,4954,8,1,207,1,,
13,31,79.5,1008.8,312.8,3430,8,1,207,1,,
8,30.5,80.6,1008.9,290.7,3718,8,1,208,1,,
9,30.8,81.1,1008.9,385.8,4004,8,1,208,1,,
10,30.3,80.4,1008.8,311.7,3877,8,1,208,1,,
11,30.9,80.6,1008.8,176.1,4964,8,1,208,1,,
12,30.8,81.7,1008.8,150,4930,8,1,208,1,,
13,31,79.9,1009.2,307.6,3450,8,1,208,1,,
8,30.1,81.5,1008.7,293.6,3779,8,1,209,1,,
9,29.9,81.4,1008.8,389.1,4001,8,1,209,1,,
10,30.1,80.9,1008.7,314,3852,8,1,209,1,,
11,30,81.2,1008.6,177.3,4942,8,1,209,1,,
12,30,82.3,1008.6,152.3,4921,8,1,209,1,,
13,30.4,81.5,1008.5,304.1,3487,8,1,209,1,,
8,29.2,82,1008.6,291.5,3747,8,1,210,1,,
9,29.6,82,1008.5,381.9,4015,8,1,210,1,,
10,29.5,82.5,1008.9,314.1,3923,8,1,210,1,,
11,29.6,81.9,1008.7,175.5,4932,8,1,210,1,,
12,29.6,82.4,1008.5,150,4972,8,1,210,1,,
13,29.8,82.5,1008.9,299.1,3438,8,1,210,1,,
8,28.7,81.7,1008.4,290,3766,8,1,211,1,,
9,29.2,83.7,1008.7,380.8,4002,8,1,211,1,,
10,29.4,82.1,1008.2,315.9,3961,8,1,211,1,,
11,28.9,82.9,1008.6,180.3,4902,8,1,211,1,,
12,29,82.5,1008.6,150,4941,8,1,211,1,,
13,29,82.3,1008.6,299.4,3431,8,1,211,1,,
8,28.2,83.9,1008.8,292.6,3781,8,1,212,1,,
9,27.7,83,1008.5,379.8,4021,8,1,212,1,,
10,28.2,83.2,1008.3,311.8,3993,8,1,212,1,,
11,28.2,82.7,1008.6,176.6,4893,8,1,212,1,,
12,28.5,83.1,1008.3,153.4,4866,8,1,212,1,,
13,28.5,83.1,1008.7,298.2,3433,8,1,212,1,,
8,27.7,83.6,1008.6,297.1,3792,8,1,213,1,,
9,27.7,83.8,1008.5,386.9,4013,8,1,213,1,,
10,27.6,84.3,1008.1,314.2,4008,8,1,213,1,,
11,27.6,84.3,1008.3,174.5,4936,8,1,213,1,,
12,27.2,84.1,1008.5,150,4851,8,1,213,1,,
13,27.9,83.7,1008.2,297.5,3404,8,1,213,1,,
8,27.9,83.8,1008.1,299.1,3800,8,1,214,1,,
9,27.4,85,1008.2,390.4,3967,8,1,214,1,,
10,26.9,84.7,1008.4,312.3,3918,8,1,214,1,,
11,27.4,84.3,1008.3,179,4928,8,1,214,1,,
12,27.5,84.2,1008.6,150,4854,8,1,214,1,,
13,27.6,83.7,1008.5,300.6,3389,8,1,214,1,,
8,27.5,84.9,1008.1,297.9,3755,8,1,215,1,,
9,27,84.7,1008.3,384,4008,8,1,215,1,,
10,26.9,85,1008.2,311.1,3961,8,1,215,1,,
11,26.9,84.6,1008.2,176.9,4889,8,1,215,1,,
12,27.1,84,1008.4,150,4847,8,1,215,1,,
13,27,84.6,1008.5,293.3,3424,8,1,215,1,,
8,26.7,85.5,1008.4,298.5,3703,9,1,216,1,,
9,27.1,85.6,1008.6,381.4,3934,9,1,216,1,,
10,27,84,1008.2,310.8,3933,9,1,216,1,,
11,26.7,84.6,1008.4,175.4,4883,9,1,216,1,,
12,27,85.2,1007.7,150.4,4805,9,1,216,1,,
13,26.8,84,1008,293.8,3425,9,1,216,1,,
8,26.9,85.1,1007.9,294.5,3706,9,1,217,1,,
9,27.4,84.8,1008,382.8,4009,9,1,217,1,,
10,27.2,84.9,1008.2,309.3,3946,9,1,217,1,,
11,27.5,85.5,1008.2,173.2,4857,9,1,217,1,,
12,27,84.7,1008,150,4842,9,1,217,1,,
13,27.2,84.9,1008.1,290,3405,9,1,217,1,,
8,27.8,84.3,1008.5,291.8,3664,9,1,218,1,,
9,27.3,85.1,1008,377.3,4038,9,1,218,1,,
10,27.3,84.5,1008.3,308.3,3937,9,1,218,1,,
11,27.5,84.5,1008.1,170.4,4833,9,1,218,1,,
12,27.2,84.7,1007.9,150.6,4911,9,1,218,1,,
13,27.2,83.7,1008,288.5,3382,9,1,218,1,,
8,27.4,83.8,1008.2,291.1,3646,9,1,219,1,,
9,27.9,83.9,1008.6,371.6,4002,9,1,219,1,,
10,28.1,84.5,1008.2,312.3,3947,9,1,219,1,,
11,27.8,83.5,1008.4,168.4,4828,9,1,219,1,,
12,27.7,83.4,1008.5,150,4897,9,1,219,1,,
13,27.6,84.5,1008.4,292.6,3336,9,1,219,1,,
8,28.4,84.1,1008.4,290.4,3688,9,1,220,1,,
9,28.1,83.3,1008.5,371.4,3997,9,1,220,1,,
10,28.6,84.2,1008.7,316.1,3930,9,1,220,1,,
11,27.8,83.5,1008.2,167.9,4872,9,1,220,1,,
12,28.4,83.5,1008.4,157.2,4950,9,1,220,1,,
13,28.1,84.1,1007.9,288.7,3315,9,1,220,1,,
8,29.1,82.4,1008.1,292.3,3700,9,1,221,1,,
9,28.5,83.3,1008.1,367.1,3986,9,1,221,1,,
10,28.7,83.4,1008.3,314.3,3899,9,1,221,1,,
11,28.9,82.4,1008.1,169.3,4911,9,1,221,1,,
12,28.8,82.6,1008.5,156,4983,9,1,221,1,,
13,29.5,82.3,1008.5,288.2,3279,9,1,221,1,,
8,29.6,81.6,1008.5,289.5,3698,9,1,222,1,,
9,29.5,81.6,1008.5,365.9,4018,9,1,222,1,,
10,29.6,82.1,1008.4,310.7,3849,9,1,222,1,,
11,29.6,82.3,1008.5,173.2,4852,9,1,222,1,,
12,29.4,82.2,1008.1,155.3,5010,9,1,222,1,,
13,30.3,82.1,1008.4,289.4,3291,9,1,222,1,,
8,30.6,80.9,1008.1,285.8,3728,9,1,223,1,,
9,30.3,82.1,1008.3,368,3966,9,1,223,1,,
10,30.3,82,1008.2,314.9,3855,9,1,223,1,,
11,30.3,81.7,1008.2,170.2,4826,9,1,223,1,,
12,30.1,80.8,1008.7,150,5002,9,1,223,1,,
13,30.8,82.1,1008.2,295.1,3269,9,1,223,1,,
8,30.8,80.4,1008.4,286.7,3703,9,1,224,1,,
9,31.6,80.9,1008.4,366.8,3959,9,1,224,1,,
10,30.7,80.3,1008.2,317.3,3829,9,1,224,1,,
11,30.5,80.3,1008.5,172.5,4858,9,1,224,1,,
12,30.7,80.5,1008.5,151.4,5003,9,1,224,1,,
13,30.8,79.8,1008.7,293.8,3233,9,1,224,1,,
8,31.4,79.5,1008.4,284.3,3692,9,1,225,1,,
9,31.8,80.3,1008.5,362.7,3996,9,1,225,1,,
10,31,80.4,1008.2,312.1,3826,9,1,225,1,,
11,31,79.5,1008.8,174.1,4860,9,1,225,1,,
12,31.2,79.7,1008.5,153.3,4985,9,1,225,1,,
13,31.6,80.6,1008.9,288.8,3278,9,1,225,1,,
8,31.7,79.5,1007.9,281.3,3681,9,1,226,1,,
9,31.9,79.8,1008.6,361.4,4048,9,1,226,1,,
10,31.8,79.6,1008.6,319.1,3817,9,1,226,1,,
11,31.8,79.4,1008.8,172.7,4868,9,1,226,1,,
12,31.9,79.4,1008.5,154.8,4965,9,1,226,1,,
13,31.6,80.4,1008.8,289.2,3277,9,1,226,1,,
8,32.4,78.6,1008.7,285.2,3642,9,1,227,1,,
9,32.4,79.4,1008.9,361.7,4008,9,1,227,1,,
10,31.8,78.7,1008.7,320.4,3850,9,1,227,1,,
11,31.5,78.8,1008.6,171.2,4840,9,1,227,1,,
12,32.1,79.2,1008.6,155.9,4983,9,1,227,1,,
13,31.9,78.8,1008.5,287.7,3311,9,1,227,1,,
8,32.1,78.6,1008.7,282.3,3621,9,1,228,1,,
9,31.7,79.6,1009,364.5,4019,9,1,228,1,,
10,31.6,78.9,1008.8,321.6,3848,9,1,228,1,,
11,31.8,78.2,1008.9,170.6,4788,9,1,228,1,,
12,32.3,79.5,1008.9,152.1,5059,9,1,228,1,,
13,31.6,79.7,1008.8,289.6,3334,9,1,228,1,,
8,32.7,79.5,1009,283.2,3573,9,1,229,1,,
9,31.8,79.6,1008.8,365.4,4033,9,1,229,1,,
10,32.1,78.7,1009.1,324,3805,9,1,229,1,,
11,31.7,79.3,1008.7,168.2,4785,9,1,229,1,,
12,31.5,79.6,1008.9,150,5057,9,1,229,1,,
13,32.6,79.4,1008.6,287.6,3341,9,1,229,1,,
8,31.8,79.9,1008.6,285.5,3595,9,1,230,1,,
9,31.2,79.5,1008.6,364.1,4029,9,1,230,1,,
10,31.3,78.9,1008.9,319.6,3793,9,1,230,1,,
11,31.8,78.7,1008.9,165.4,4785,9,1,230,1,,
12,31.6,80.1,1008.7,150,4988,9,1,230,1,,
13,31.8,80.4,1008.8,293.2,3355,9,1,230,1,,
8,31.8,79.7,1008.6,283.9,3639,9,1,231,1,,
9,31.5,80,1008.6,367.8,4092,9,1,231,1,,
10,31.4,79.8,1008.8,315.8,3808,9,1,231,1,,
11,31.3,79.6,1008.6,164.2,4833,9,1,231,1,,
12,31.8,79.3,1008.9,150,4987,9,1,231,1,,
13,31.6,79.7,1008.7,290.6,3350,9,1,231,1,,
8,30.2,79.5,1008.8,282,3639,9,1,232,1,,
9,30.8,80.8,1008.7,368.1,4109,9,1,232,1,,
10,30.6,80.3,1008.8,315.5,3806,9,1,232,1,,
11,30.3,81.3,1008.7,164,4800,9,1,232,1,,
12,31,81.3,1008.8,151.5,4999,9,1,232,1,,
13,30.6,80.8,1009,296,3324,9,1,232,1,,
8,30.4,80.9,1008.3,287.6,3610,9,1,233,1,,
9,30.3,81.2,1008.7,370.4,4181,9,1,233,1,,
10,29.9,81.1,1008.7,310.8,3790,9,1,233,1,,
11,29.9,81,1008.5,163,4787,9,1,233,1,,
12,30.5,81,1008.9,154.4,5033,9,1,233,1,,
13,30.3,80.7,1009,297.5,3369,9,1,233,1,,
8,29.2,82.6,1008.6,286.9,3625,9,1,234,1,,
9,29.1,82.6,1008.6,372.5,4201,9,1,234,1,,
10,29.6,81.4,1008.9,314.1,3750,9,1,234,1,,
11,30.1,81.4,1008.7,163.4,4755,9,1,234,1,,
12,29.3,81.9,1008.7,150,5083,9,1,234,1,,
13,29.3,82,1008.7,297.9,3324,9,1,234,1,,
8,28.8,83.4,1008.3,287.2,3632,9,1,235,1,,
9,28.4,83.1,1008.9,374.1,4208,9,1,235,1,,
10,28.7,83,1008.7,310.2,3735,9,1,235,1,,
11,29.1,82.6,1008.1,165,4721,9,1,235,1,,
12,28.8,82.9,1008.5,150,5067,9,1,235,1,,
13,28.9,82.1,1008.6,291.1,3266,9,1,235,1,,
8,28.8,83.2,1008.6,289.3,3652,9,1,236,1,,
9,28.4,82.8,1008.2,374.8,4183,9,1,236,1,,
10,28.4,82.8,1008.5,311.4,3752,9,1,236,1,,
11,27.9,83.8,1008.4,167.4,4757,9,1,236,1,,
12,28.3,83.8,1008.5,150.6,5058,9,1,236,1,,
13,28.5,83.2,1008.3,294.5,3275,9,1,236,1,,
8,27.1,83.8,1008.2,289.5,3640,9,1,237,1,,
9,27.9,84.2,1008.5,372,4174,9,1,237,1,,
10,28.2,84,1008.7,306.5,3753,9,1,237,1,,
11,27.5,84.5,1008.3,173.7,4736,9,1,237,1,,
12,27.9,84.9,1008.6,152.6,5069,9,1,237,1,,
13,28,84,1009,292.3,3325,9,1,237,1,,
8,27.5,84.5,1007.6,286.8,3614,9,1,238,1,,
9,27.4,84.7,1007.9,366.5,4183,9,1,238,1,,
10,27.2,84.4,1008.6,308.2,3736,9,1,238,1,,
11,27.6,85,1008.4,171.4,4731,9,1,238,1,,
12,26.9,84.1,1008.4,152.2,5084,9,1,238,1,,
13,27.3,83.8,1008.4,292.9,3292,9,1,238,1,,
8,27.4,85.3,1008.6,285.3,3595,9,1,239,1,,
9,26.9,84.8,1008.3,360.4,4136,9,1,239,1,,
10,26.6,84.2,1008.4,306.9,3740,9,1,239,1,,
11,26.4,85,1008.4,171.4,4641,9,1,239,1,,
12,27.6,85.3,1008.5,152,5062,9,1,239,1,,
13,26.8,84.9,1008.4,285.1,3322,9,1,239,1,,
8,27.1,84.8,1008.3,284.1,3590,10,1,240,1,,
9,26.8,84.5,1007.9,364.5,4161,10,1,240,1,,
10,27.5,84.9,1008.4,306.4,3821,10,1,240,1,,
11,26.6,84.6,1008.3,171.9,4636,10,1,240,1,,
12,27,84.6,1008.6,153.9,5079,10,1,240,1,,
13,26.9,84.3,1008.4,284.6,3357,10,1,240,1,,
8,27,85.7,1008.4,286,3639,10,1,241,1,,
9,27.3,84.8,1007.9,370.4,4175,10,1,241,1,,
10,26.2,84.5,1008.3,303.6,3835,10,1,241,1,,
11,27.3,84.4,1008.3,173,4647,10,1,241,1,,
12,27.5,83.9,1008.3,150,5081,10,1,241,1,,
13,27.2,84.9,1008.2,285.7,3343,10,1,241,1,,
8,27.6,85.1,1007.9,286.8,3665,10,1,242,1,,
9,27.4,84.4,1007.8,373.4,4144,10,1,242,1,,
10,27.3,85,1008,303.5,3846,10,1,242,1,,
11,27.3,85.5,1008.3,169.7,4654,10,1,242,1,,
12,27.2,84.9,1008.2,153.6,5064,10,1,242,1,,
13,27.1,84.9,1008.2,285.4,3374,10,1,242,1,,
7,27.2,83.8,1008.3,257.1,4636,10,1,243,1,,
8,28,83.6,1008.1,289.2,3643,10,1,243,1,,
9,27.9,84.5,1008.3,374.4,4186,10,1,243,1,,
10,27.8,84.2,1008.5,297.9,3848,10,1,243,1,,
11,28,83.8,1008.4,170.5,4583,10,1,243,1,,
12,27.9,84.2,1007.9,150.4,5062,10,1,243,1,,
13,27.7,84.1,1008.1,286.3,3383,10,1,243,1,,
7,28.4,83.8,1008,259.6,4677,10,1,244,1,,
8,28.2,84.3,1008.2,286.5,3617,10,1,244,1,,
9,28,83.6,1008.2,368.5,4195,10,1,244,1,,
10,27.9,83.9,1008.1,289.9,3869,10,1,244,1,,
11,28.3,83.3,1008.3,173,4589,10,1,244,1,,
12,28.6,83.7,1008,150,5094,10,1,244,1,,
13,28.5,83.2,1008.1,288.3,3389,10,1,244,1,,
7,28.5,82.4,1008.5,258.6,4618,10,1,245,1,,
8,29,82.1,1008.2,286.9,3656,10,1,245,1,,
9,29.2,83.5,1008.7,362.8,4245,10,1,245,1,,
10,28.8,83,1008.6,290.4,3871,10,1,245,1,,
11,29.4,82.7,1008.4,175.1,4585,10,1,245,1,,
12,28.9,82.6,1008.4,151.9,5082,10,1,245,1,,
13,28.6,83.4,1007.9,290.2,3349,10,1,245,1,,
7,29.1,81.9,1008.1,256.8,4626,10,1,246,1,,
8,29.7,81.6,1008.6,285.5,3620,10,1,246,1,,
9,29.6,82.8,1008.3,360.8,4210,10,1,246,1,,
10,29.5,81.4,1008.3,295.8,3858,10,1,246,1,,
11,29.7,81.7,1008.3,170.8,4592,10,1,246,1,,
12,29.7,81.8,1008.5,151.9,5094,10,1,246,1,,
13,30.1,81.2,1008.6,289.6,3336,10,1,246,1,,
7,30.6,81.1,1008.6,260.5,4676,10,1,247,1,,
8,30.1,81.9,1008.5,285,3670,10,1,247,1,,
9,30.4,81.5,1008.2,353.9,4223,10,1,247,1,,
10,30.1,81.9,1008.1,297.1,3807,10,1,247,1,,
11,30.2,81.8,1008.6,169.6,4557,10,1,247,1,,
12,29.9,80.8,1008.6,151.3,5094,10,1,247,1,,
13,30.2,81.5,1008.2,286.7,3354,10,1,247,1,,
7,30.8,79.5,1008.6,263.1,4681,10,1,248,1,,
8,30.3,79.9,1008.2,285.5,3675,10,1,248,1,,
9,30.9,80,1008.3,355.5,4280,10,1,248,1,,
10,30.9,80.5,1008.6,293.5,3789,10,1,248,1,,
11,30.9,81.1,1008.7,172.5,4550,10,1,248,1,,
12,30.7,80.9,1008.4,150.4,5094,10,1,248,1,,
13,30.2,80.2,1009.1,283.4,3387,10,1,248,1,,
7,31.8,80.3,1008.7,265.8,4698,10,1,249,1,,
8,31.7,80,1008.5,285,3679,10,1,249,1,,
9,31.1,79.4,1008.6,357,4270,10,1,249,1,,
10,31.5,79.6,1008.7,293.5,3773,10,1,249,1,,
11,31.1,79.5,1008.6,171.9,4556,10,1,249,1,,
12,31.6,79.6,1009,151,5065,10,1,249,1,,
13,31.1,80.1,1008.7,286.4,3379,10,1,249,1,,
7,30.9,79.2,1008.9,262.8,4699,10,1,250,1,,
8,31.2,80.8,1008.8,285.1,3698,10,1,250,1,,
9,32.3,79.9,1008.6,351.8,4310,10,1,250,1,,
10,31.6,79.4,1008.6,295.1,3759,10,1,250,1,,
11,31.6,79.3,1008.5,174.3,4558,10,1,250,1,,
12,31.8,79.2,1008.7,150.4,5069,10,1,250,1,,
13,32.3,79.1,1008.7,286.8,3344,10,1,250,1,,
7,31.6,80,1009,259.6,4711,10,1,251,1,,
8,32.1,79,1008.6,286.3,3710,10,1,251,1,,
9,32.3,79,1008.8,350.9,4327,10,1,251,1,,
10,31.7,79.6,1008.6,292.9,3682,10,1,251,1,,
11,31.9,78.7,1008.4,177.9,4574,10,1,251,1,,
12,31.6,79.6,1008.5,150,5081,10,1,251,1,,
13,31.8,79.2,1008.6,293.7,3317,10,1,251,1,,
7,31.8,79.3,1008.9,261.5,4728,10,1,252,1,,
8,31.8,79.7,1008.8,288,3753,10,1,252,1,,
9,31.7,78.4,1008.9,353.3,4313,10,1,252,1,,
10,31.7,78.6,1008.7,290.2,3709,10,1,252,1,,
11,31.5,79.4,1008.9,177.9,4621,10,1,252,1,,
12,32.5,78.8,1008.9,152.8,5094,10,1,252,1,,
13,32.4,79.4,1008.8,290.7,3293,10,1,252,1,,
7,32.8,78.6,1008.4,259.7,4688,10,1,253,1,,
8,31.9,79.3,1009,285.2,3755,10,1,253,1,,
9,31.7,79.7,1008.6,353.1,4312,10,1,253,1,,
10,31.7,78.8,1008.8,286.3,3754,10,1,253,1,,
11,32,78.4,1008.9,178.3,4603,10,1,253,1,,
12,31.8,78.6,1008.3,151.6,5094,10,1,253,1,,
13,31.8,78.2,1008.6,285.9,3331,10,1,253,1,,
7,31.2,78.9,1008.6,256.3,4711,10,1,254,1,,
8,31.7,78.9,1009.3,280.5,3716,10,1,254,1,,
9,31.2,79.5,1008.8,353.8,4318,10,1,254,1,,
10,31.9,78.8,1009,289.4,3717,10,1,254,1,,
11,31.8,78.6,1009,175.3,4573,10,1,254,1,,
12,31.3,79.8,1008.6,151.5,5094,10,1,254,1,,
13,31.9,79.8,1008.9,286,3374,10,1,254,1,,
7,31.1,79.8,1009,253.5,4711,10,1,255,1,,
8,31.7,80.2,1008.6,281.7,3761,10,1,255,1,,
9,31.9,80.5,1008.8,353.8,4372,10,1,255,1,,
10,30.9,79.6,1008.5,286.5,3702,10,1,255,1,,
11,31.2,80.1,1008.8,172.7,4558,10,1,255,1,,
12,31.1,80,1008.7,153.2,5094,10,1,255,1,,
13,31.1,79.9,1008.9,281.6,3465,10,1,255,1,,
7,30.9,79.5,1008.3,253.9,4733,10,1,256,1,,
8,30.7,81.8,1008.4,283.3,3796,10,1,256,1,,
9,31,79.9,1008.9,357.1,4421,10,1,256,1,,
10,30.9,80.5,1008.7,284.5,3661,10,1,256,1,,
11,30.4,80.4,1009,172.4,4583,10,1,256,1,,
12,30.8,81.3,1008.9,150.7,5093,10,1,256,1,,
13,30.8,80.6,1009,284,3464,10,1,256,1,,
7,30.8,81.3,1008.9,252.8,4749,10,1,257,1,,
8,30.4,81.1,1008.7,284,3821,10,1,257,1,,
9,30,81,1008.5,357.6,4444,10,1,257,1,,
10,30.3,81.5,1008.6,280.6,3705,10,1,257,1,,
11,30.6,80.9,1008.7,178.5,4626,10,1,257,1,,
12,30.1,81.3,1009.2,151.3,5034,10,1,257,1,,
13,30.2,80.5,1008.6,285.1,3476,10,1,257,1,,
7,30,80.9,1008.7,258.6,4765,10,1,258,1,,
8,29.7,82.5,1008.4,282.8,3794,10,1,258,1,,
9,29.3,81.9,1008.2,361.8,4398,10,1,258,1,,
10,29.6,82.2,1008.7,276.4,3747,10,1,258,1,,
11,29,82.2,1008.7,180.7,4603,10,1,258,1,,
12,29.3,81,1008.6,150,5010,10,1,258,1,,
13,29.9,81.9,1008.4,287.9,3518,10,1,258,1,,
7,29.3,82.5,1008.6,258.2,4706,10,1,259,1,,
8,28.7,83.3,1008.6,290.1,3800,10,1,259,1,,
9,29,82.9,1008.6,361.6,4369,10,1,259,1,,
10,28.7,83.2,1008.9,276.1,3709,10,1,259,1,,
11,28.6,82.4,1008.5,182.8,4567,10,1,259,1,,
12,28.4,83,1008.6,150.5,5008,10,1,259,1,,
13,29.1,82.7,1008.8,297.8,3519,10,1,259,1,,
7,27.9,83,1008.7,260.2,4723,10,1,260,1,,
8,28.3,83.6,1008.4,289.4,3834,10,1,260,1,,
9,28.2,84,1008.8,359.9,4323,10,1,260,1,,
10,27.5,83.5,1008.6,273.8,3711,10,1,260,1,,
11,28.1,82.6,1008.7,186.2,4557,10,1,260,1,,
12,27.8,83.8,1008.9,151.3,4997,10,1,260,1,,
13,27.9,83.2,1008.6,292.6,3523,10,1,260,1,,
7,28,84,1008.7,259.7,4732,10,1,261,1,,
8,27.8,83.7,1008.2,287.5,3837,10,1,261,1,,
9,27.5,85,1008.3,359.2,4366,10,1,261,1,,
10,27.9,84.6,1008.4,273,3703,10,1,261,1,,
11,27.6,84.3,1008.7,187.1,4536,10,1,261,1,,
12,27.3,83.7,1008.5,154.1,5007,10,1,261,1,,
13,27.8,84.9,1008.7,294.8,3456,10,1,261,1,,
7,27.3,84.9,1008.3,262.1,4705,10,1,262,1,,
8,27.7,83.9,1008.3,287.3,3783,10,1,262,1,,
9,27.2,84.5,1008.5,364,4348,10,1,262,1,,
10,27.3,84.3,1008.2,271.1,3705,10,1,262,1,,
11,26.8,84,1008.4,184.8,4541,10,1,262,1,,
12,27.6,85,1008.5,151.7,5014,10,1,262,1,,
13,27.6,85,1008.4,289.2,3431,10,1,262,1,,
7,26.8,85.2,1008.3,260.2,4739,10,1,263,1,,
8,26.8,84.6,1008.1,287.4,3778,10,1,263,1,,
9,27.5,84.8,1008.1,364.3,4314,10,1,263,1,,
10,26.8,84.7,1008.6,273.2,3674,10,1,263,1,,
11,26.9,84.4,1008.1,189.1,4568,10,1,263,1,,
12,26.8,84.9,1008.4,156.3,4977,10,1,263,1,,
13,26.7,83.9,1008.3,286.4,3508,10,1,263,1,,
15,28.5,76.9,1008.6,374.2,4520,1,2,48,1,,
16,28.7,75.6,1008.3,389.5,2890,1,2,48,1,,
17,28.1,77.6,1008,356.9,3560,1,2,48,1,,
18,28.4,76.3,1008.5,405.3,4875,1,2,48,1,,
19,28.6,75.4,1007.7,382.1,3340,1,2,48,1,,
20,28.2,77.9,1008.2,429.8,4095,1,2,48,1,,
21,28.5,76.1,1008.4,368.6,5000,1,2,48,1,,
22,28.3,76.8,1007.9,395.4,3715,1,2,48,1,,
15,30.9,67.1,1004.9,365.4,4890,1,2,54,1,,
16,31.1,68.7,1004.2,376.8,3125,1,2,54,1,,
17,30.4,66.4,1005.6,392.3,4560,1,2,54,1,,
18,31.2,69.2,1004.6,368.7,2785,1,2,54,1,,
19,30.7,67.8,1005.1,354.1,3890,1,2,54,1,,
20,30.5,68.5,1004.4,388.9,4320,1,2,54,1,,
21,31.4,66.1,1005.3,361.2,5000,1,2,54,1,,
22,30.3,69.6,1004.7,379.5,3615,1,2,54,1,,
15,28.8,78.3,1008.3,415.9,4890,1,2,60,1,,
16,29.1,79.1,1008,406.2,3345,1,2,60,1,,
17,28.5,78.7,1008.6,389.5,4125,1,2,60,1,,
18,28.7,79.4,1007.8,433.8,4760,1,2,60,1,,
19,29.3,78.2,1008.4,371.6,3215,1,2,60,1,,
20,28.3,79.7,1007.7,448.2,4450,1,2,60,1,,
21,28.9,78.6,1008.1,394.7,5000,1,2,60,1,,
22,29,79,1008.3,419.3,3580,1,2,60,1,,
15,28.9,79.7,1008.4,396.4,4815,1,2,66,1,,
16,29.2,78.4,1008.7,432.6,3945,1,2,66,1,,
17,28.6,79.1,1008.2,374.9,4235,1,2,66,1,,
18,28.8,79.6,1008.5,458.2,5000,1,2,66,1,,
19,29.4,78.3,1009,391.3,3580,1,2,66,1,,
20,28.4,79.9,1007.7,413.7,4390,1,2,66,1,,
21,29.1,78.7,1008.8,367.8,4680,1,2,66,1,,
22,28.9,79.3,1008.1,426.9,3425,1,2,66,1,,
15,27.6,78.5,1008.8,341.2,3680,2,2,72,1,,
16,27.9,78.7,1009.1,396.3,3920,2,2,72,1,,
17,27.4,77.7,1009.4,318.9,2745,2,2,72,1,,
18,27.7,78.9,1008.5,438.6,4320,2,2,72,1,,
19,28,78.3,1009.7,374.1,4180,2,2,72,1,,
20,27.1,78.8,1008.2,412.9,3580,2,2,72,1,,
21,27.6,77.5,1009.3,356.7,3125,2,2,72,1,,
22,27.8,78.4,1008.9,391.5,4025,2,2,72,1,,
15,30.2,74.6,1005,378.4,4890,2,2,78,1,,
16,30.5,72.7,1005.4,425.9,3480,2,2,78,1,,
17,29.7,73.9,1005.8,461.3,3925,2,2,78,1,,
18,30,74.3,1005.3,338.6,2680,2,2,78,1,,
19,30.3,72.4,1004.6,402.8,4325,2,2,78,1,,
20,29.5,74.9,1006.3,371.5,3815,2,2,78,1,,
21,30.6,73.3,1004.9,486.7,4125,2,2,78,1,,
22,29.9,72.8,1005.7,354.2,3590,2,2,78,1,,
14,29.1,74.6,1005.3,375.2,4125,2,2,84,1,,
15,29.7,73.1,1004.5,402.8,3580,2,2,84,1,,
16,30.2,75,1004.9,438.9,4820,2,2,84,1,,
17,29.4,74.4,1005.4,391.3,3290,2,2,84,1,,
18,29.8,73.6,1005.8,248.7,2715,2,2,84,1,,
19,30.1,74.8,1004.3,368.5,4925,2,2,84,1,,
20,29.2,73.9,1006,412.6,3780,2,2,84,1,,
21,29.5,74.1,1005.2,385.9,4420,2,2,84,1,,
22,29.9,73.5,1004.7,349.2,3615,2,2,84,1,,
14,27.9,77.2,1006.6,408.6,4680,2,2,90,1,,
15,27.5,76.9,1007,352.7,3915,2,2,90,1,,
16,27.8,76.1,1007.4,385.4,4420,2,2,90,1,,
17,27.2,76.6,1007.1,328.9,5000,2,2,90,1,,
18,27,75.8,1007.9,235.6,4125,2,2,90,1,,
19,27.6,77.1,1007.3,394.2,4580,2,2,90,1,,
20,27.3,76.4,1006.7,361.8,3680,2,2,90,1,,
21,27.9,77.3,1007.5,318.7,3425,2,2,90,1,,
22,27.1,76.7,1006.8,402.5,4320,2,2,90,1,,
14,27.3,76.8,1006.9,342.7,4680,3,2,96,1,,
15,27.9,77.3,1007.4,265.8,3480,3,2,96,1,,
16,28.2,76,1007.6,358.9,4320,3,2,96,1,,
17,27.6,76.6,1007.3,312.4,3780,3,2,96,1,,
18,27.4,75.9,1007.9,245.2,4025,3,2,96,1,,
19,28,77,1007.7,289.6,4420,3,2,96,1,,
20,27.7,76.4,1007.1,334.8,3680,3,2,96,1,,
21,28.1,77.2,1007.5,275.3,4890,3,2,96,1,,
22,27.2,76.7,1006.8,368.5,4215,3,2,96,1,,
14,28.8,76.4,1007.4,312.4,3915,3,2,102,1,,
15,29.5,76.6,1007.8,258.9,4520,3,2,102,1,,
16,29.6,75.5,1008.3,295.6,3780,3,2,102,1,,
17,29,75.9,1007.7,225.8,4125,3,2,102,1,,
18,28.6,75.1,1008.1,338.7,4890,3,2,102,1,,
19,29.2,76.2,1008,272.4,3680,3,2,102,1,,
20,29.8,76.5,1007.3,248.6,4420,3,2,102,1,,
21,29.4,76.3,1007.9,305.3,4215,3,2,102,1,,
22,28.7,76,1007.5,282.9,3580,3,2,102,1,,
14,29.1,77,1007,295.7,4025,3,2,108,1,,
15,29.8,77.6,1007.4,232.5,4680,3,2,108,1,,
16,29.9,76.8,1007.9,278.9,3915,3,2,108,1,,
17,29.4,76.9,1007.3,208.3,4320,3,2,108,1,,
18,29,76.2,1007.7,312.6,5000,3,2,108,1,,
19,29.5,77.3,1007.6,255.7,3780,3,2,108,1,,
20,30.2,77.5,1006.9,225.4,4420,3,2,108,1,,
21,29.7,76.7,1007.5,285.8,4125,3,2,108,1,,
22,29.3,76.4,1007.1,262.3,3680,3,2,108,1,,
14,28.7,78.1,1006.6,278.5,4215,3,2,114,1,,
15,29.3,78.7,1006.9,215.8,4890,3,2,114,1,,
16,29.4,77.8,1007.5,265.4,4025,3,2,114,1,,
17,29,78,1006.7,192.5,4520,3,2,114,1,,
18,28.6,77.3,1007.6,295.8,5000,3,2,114,1,,
19,29.1,78.4,1007.2,238.9,3915,3,2,114,1,,
20,29.6,77.9,1006.5,208.7,4680,3,2,114,1,,
21,29.2,78.3,1007.1,272.6,4320,3,2,114,1,,
22,28.8,77.6,1006.9,245.8,3780,3,2,114,1,,
14,28.5,76.4,1006.1,265.8,4420,4,2,120,1,,
15,29.1,77,1006.5,198.4,5000,4,2,120,1,,
16,29.2,76.3,1006.9,248.7,4320,4,2,120,1,,
17,28.8,76.6,1006.3,178.6,4780,4,2,120,1,,
18,28.4,75.8,1006.8,282.5,5000,4,2,120,1,,
19,28.9,76.7,1006.6,225.8,4125,4,2,120,1,,
20,28.7,76.2,1006,195.4,4890,4,2,120,1,,
21,29.4,76.9,1006.5,258.9,4520,4,2,120,1,,
22,28.6,76.4,1006.4,232.6,4025,4,2,120,1,,
14,28.7,77.6,1006.6,252.6,4680,4,2,126,1,,
15,29.3,77.9,1007,185.7,5000,4,2,126,1,,
16,29.6,77,1007.5,235.8,4520,4,2,126,1,,
17,29,77.4,1006.9,165.4,4925,4,2,126,1,,
18,28.8,76.8,1007.3,268.9,5000,4,2,126,1,,
19,29.4,77.7,1007.2,212.6,4320,4,2,126,1,,
20,29.1,77.3,1006.7,182.5,5000,4,2,126,1,,
21,29.5,77.1,1007.1,245.7,4780,4,2,126,1,,
22,28.7,77.9,1006.5,218.4,4215,4,2,126,1,,
14,29.1,78.5,1006.3,238.9,4890,4,2,132,1,,
15,29.7,78.7,1006.6,172.4,5000,4,2,132,1,,
16,29.9,77.7,1006.9,222.6,4780,4,2,132,1,,
17,29.4,78.2,1006.5,152.7,5000,4,2,132,1,,
18,29,77.5,1006.8,255.8,5000,4,2,132,1,,
19,29.5,78.4,1006.7,198.7,4680,4,2,132,1,,
20,29.8,78.1,1006.4,169.5,5000,4,2,132,1,,
21,29.6,78,1006.8,232.8,4925,4,2,132,1,,
22,29.2,78.6,1006.2,205.6,4520,4,2,132,1,,
14,29.3,79.4,1005.8,225.4,5000,4,2,138,1,,
15,29.9,79.6,1006.2,159.7,5000,4,2,138,1,,
16,30.2,78.9,1006.5,208.9,4925,4,2,138,1,,
17,29.6,79.3,1006.1,139.5,5000,4,2,138,1,,
18,29.4,78.5,1006.4,242.6,5000,4,2,138,1,,
19,30,79.4,1006.3,185.4,4890,4,2,138,1,,
20,29.7,79.1,1005.9,156.8,5000,4,2,138,1,,
21,30.1,78.8,1006.4,218.9,5000,4,2,138,1,,
22,29.3,79.6,1005.7,192.5,4780,4,2,138,1,,
14,29,78,1005.2,212.6,5000,5,2,144,1,,
15,29.6,78.3,1005.5,146.8,5000,5,2,144,1,,
16,29.7,77.5,1006,195.4,5000,5,2,144,1,,
17,29.3,77.9,1005.4,126.7,5000,5,2,144,1,,
18,28.9,77.1,1005.8,228.9,5000,5,2,144,1,,
19,29.4,78.2,1005.7,172.5,5000,5,2,144,1,,
20,29.6,77.7,1005.3,143.9,5000,5,2,144,1,,
21,29.8,77.4,1005.8,205.8,5000,5,2,144,1,,
22,29.1,78.3,1005.1,179.4,4925,5,2,144,1,,
14,29.3,78.9,1005.8,255.8,4850,5,2,150,1,,
15,29.9,79.4,1006.1,205.9,4480,5,2,150,1,,
16,30,78.6,1006.4,200.3,4620,5,2,150,1,,
17,29.6,78.8,1005.9,175.4,4750,5,2,150,1,,
18,29.2,78.2,1006.2,135.6,4500,5,2,150,1,,
19,29.7,79.2,1006.3,230.8,4900,5,2,150,1,,
20,29.4,78.5,1005.7,195.5,4680,5,2,150,1,,
21,30.1,79.3,1006.4,212.4,4820,5,2,150,1,,
22,29.3,78.1,1005.6,188.7,4450,5,2,150,1,,
14,29.5,79.3,1005.4,372.4,3950,5,2,156,1,,
15,30.1,79.6,1005.8,328.8,3600,5,2,156,1,,
16,30.2,79,1006.1,318.9,3750,5,2,156,1,,
17,29.8,79.4,1005.7,301.7,3880,5,2,156,1,,
18,29.4,78.7,1006,309.6,3620,5,2,156,1,,
19,29.9,79.7,1006,356.8,3980,5,2,156,1,,
20,29.6,78.9,1005.5,320.3,3800,5,2,156,1,,
21,30.3,79.9,1006.2,338.5,3720,5,2,156,1,,
22,29.5,78.6,1005.4,295.7,3580,5,2,156,1,,
16,31.9,79,1008.5,317.8,3730,6,2,157,1,,
19,31.9,79,1008.8,359.3,3945,6,2,157,1,,
21,32.4,79.1,1008.7,336.9,3670,6,2,157,1,,
16,31.8,80.1,1008.6,322.5,3731,6,2,158,1,,
19,31.4,79.2,1008.8,358.7,3947,6,2,158,1,,
21,31.9,79.3,1008.9,342,3655,6,2,158,1,,
16,31,80.3,1008.7,321.8,3723,6,2,159,1,,
19,31.5,79,1008.5,356.2,3975,6,2,159,1,,
21,30.6,80.1,1008.8,339.3,3664,6,2,159,1,,
16,30.5,80.9,1008.7,317,3744,6,2,160,1,,
19,30.6,80.5,1008.8,356.7,4025,6,2,160,1,,
21,31,80,1008.7,343.3,3640,6,2,160,1,,
16,29.8,80.6,1009,312.9,3679,6,2,161,1,,
19,30.4,81.7,1008.7,360.6,4029,6,2,161,1,,
21,30.2,79.9,1008.4,343.4,3674,6,2,161,1,,
14,28.9,79.6,1005,382.1,4000,5,2,162,1,,
15,29.5,80.2,1005.5,345.8,3820,5,2,162,1,,
16,29.7,81.8,1008.6,311.5,3690,6,2,162,1,,
17,29.2,79.8,1005.3,325.7,3990,5,2,162,1,,
18,28.9,79.1,1005.1,300.8,3720,5,2,162,1,,
19,28.9,83.2,1008.7,361.8,4000,6,2,162,1,,
20,29,79.4,1004.9,340.2,3920,5,2,162,1,,
21,29.1,82,1008.6,345.8,3634,6,2,162,1,,
22,28.9,79.2,1005.1,315.4,3780,5,2,162,1,,
14,29.3,82.1,1008.8,384.1,4025,6,2,163,1,,
15,28.6,82.9,1008.4,346.6,3754,6,2,163,1,,
16,28.6,83.5,1008.3,312.4,3714,6,2,163,1,,
17,29.1,82.2,1009,325.4,3993,6,2,163,1,,
18,28.5,82.3,1008.8,302.4,3701,6,2,163,1,,
19,29.5,82.4,1008.5,356.7,4013,6,2,163,1,,
20,29,82.8,1008.9,339.2,3920,6,2,163,1,,
21,29,82.4,1008.6,345.6,3624,6,2,163,1,,
22,28.6,83.3,1008.5,313.9,3809,6,2,163,1,,
14,28.6,83.5,1008.1,383.4,4000,6,2,164,1,,
15,28.1,84.4,1008.6,346.7,3812,6,2,164,1,,
16,28,83,1008.7,309,3700,6,2,164,1,,
17,28.1,83.7,1008.3,331.5,4035,6,2,164,1,,
18,28.5,83.9,1008.5,297.7,3693,6,2,164,1,,
19,28.2,82.7,1008.5,356.5,4008,6,2,164,1,,
20,28.7,83.2,1008.7,338,3890,6,2,164,1,,
21,28.4,83.5,1008.5,344.1,3623,6,2,164,1,,
22,28.2,83.7,1008.6,311.1,3822,6,2,164,1,,
14,27.5,83.5,1008.3,381.1,3933,6,2,165,1,,
15,27,83.7,1008.3,348.8,3837,6,2,165,1,,
16,28,84.1,1008.1,313.7,3689,6,2,165,1,,
17,28,83.4,1008.5,334.8,4055,6,2,165,1,,
18,27.7,83.5,1008.5,298.1,3705,6,2,165,1,,
19,27.2,84.3,1008.2,358.7,3994,6,2,165,1,,
20,27.7,84.5,1008.7,341.9,3882,6,2,165,1,,
21,27.8,83.6,1008.4,340.5,3619,6,2,165,1,,
22,28.1,83.6,1008.5,308.1,3854,6,2,165,1,,
14,27.5,85.7,1008.5,380,3936,6,2,166,1,,
15,27.1,85.1,1008.3,352,3804,6,2,166,1,,
16,27.2,84.7,1008.5,319.2,3643,6,2,166,1,,
17,27,84.3,1008.3,332.6,4102,6,2,166,1,,
18,27.4,85,1008.3,298.2,3691,6,2,166,1,,
19,27.6,84.6,1008.4,362.1,3972,6,2,166,1,,
20,27,84.4,1008.1,340.6,3872,6,2,166,1,,
21,27.2,85,1008.5,337.3,3616,6,2,166,1,,
22,27.6,84.4,1008.8,311,3877,6,2,166,1,,
14,27,84.9,1008.3,377,3991,6,2,167,1,,
15,27,84.7,1008.5,350,3801,6,2,167,1,,
16,27.3,85.3,1008.3,321.1,3676,6,2,167,1,,
17,26.5,85.2,1008,329.3,4044,6,2,167,1,,
18,26.9,85.6,1007.9,300.3,3670,6,2,167,1,,
19,26.8,85.2,1008,359.2,3928,6,2,167,1,,
20,27.3,83.8,1008.1,337.8,3908,6,2,167,1,,
21,27.3,84.8,1008.1,333.6,3638,6,2,167,1,,
22,27.3,85.4,1008.1,311.1,3891,6,2,167,1,,
14,26.6,85.4,1008.2,382.2,4006,7,2,168,1,,
15,27.2,85.3,1008.4,350.1,3787,7,2,168,1,,
16,26.6,85.9,1007.9,317.2,3672,7,2,168,1,,
17,26.8,85.8,1008.3,325.4,4076,7,2,168,1,,
18,26.8,85.1,1007.9,297.3,3643,7,2,168,1,,
19,27.3,84.5,1008.1,354.9,3919,7,2,168,1,,
20,26.7,85.1,1008.2,340.4,3926,7,2,168,1,,
21,27.3,84.9,1008.4,324.3,3675,7,2,168,1,,
22,26.9,85.2,1008.5,309.4,3891,7,2,168,1,,
14,27,84.8,1008.2,378.3,3987,7,2,169,1,,
15,27,84.9,1008.3,349.2,3786,7,2,169,1,,
16,27.4,85.2,1008,316.6,3718,7,2,169,1,,
17,27.5,84.9,1008.6,327.4,4099,7,2,169,1,,
18,27,84.5,1008.5,302.2,3580,7,2,169,1,,
19,26.5,84.3,1008.3,350.6,3911,7,2,169,1,,
20,27.1,84.6,1007.8,340.5,3942,7,2,169,1,,
21,27.3,85.1,1008.3,322.6,3661,7,2,169,1,,
22,26.8,84,1008.4,308.8,3894,7,2,169,1,,
14,26.8,84.1,1008.2,378.7,3932,7,2,170,1,,
15,26.9,84.9,1008.2,351.8,3785,7,2,170,1,,
16,27.2,84.6,1008.6,318.4,3703,7,2,170,1,,
17,27.1,84.9,1008.2,328.6,4080,7,2,170,1,,
18,27.5,85,1008.3,299.8,3571,7,2,170,1,,
19,27.9,85.6,1008,344.4,3897,7,2,170,1,,
20,26.9,84,1008.3,340.9,3913,7,2,170,1,,
21,27.3,84.1,1008.5,323.4,3676,7,2,170,1,,
22,27,84.5,1008.4,308.3,3897,7,2,170,1,,
14,27.7,84.4,1008.2,376.3,3924,7,2,171,1,,
15,27.2,83.9,1008.2,353.6,3721,7,2,171,1,,
16,27.3,84.2,1008.2,315.7,3764,7,2,171,1,,
17,27.8,83.7,1007.8,331.3,4037,7,2,171,1,,
18,27.5,83.9,1008,298.9,3524,7,2,171,1,,
19,27.7,83.7,1008.4,344.5,3882,7,2,171,1,,
20,27.6,83.2,1008.5,336.4,3930,7,2,171,1,,
21,27.6,83.5,1008.4,323.9,3714,7,2,171,1,,
22,27.8,83.5,1008.3,304.1,3870,7,2,171,1,,
14,28.1,83.2,1008.3,382.7,3907,7,2,172,1,,
15,28.3,83.8,1008.1,353.3,3701,7,2,172,1,,
16,28.2,83.9,1008.4,320.5,3732,7,2,172,1,,
17,28.3,83.7,1008.3,330,4047,7,2,172,1,,
18,28.2,82.9,1008.3,296.4,3531,7,2,172,1,,
19,28.1,83.1,1008.4,342.6,3849,7,2,172,1,,
20,28.2,84.1,1008.1,336,3879,7,2,172,1,,
21,28.2,83.3,1008.5,329.2,3711,7,2,172,1,,
22,27.9,83.4,1008.2,303.6,3845,7,2,172,1,,
14,28.8,82.8,1008.2,385.6,3840,7,2,173,1,,
15,28.6,82.6,1008.1,354.9,3677,7,2,173,1,,
16,28.3,83.6,1008.4,320.4,3732,7,2,173,1,,
17,29,83.1,1008.6,330.4,4051,7,2,173,1,,
18,29.2,83.6,1007.8,293.4,3520,7,2,173,1,,
19,29.1,82.6,1008,347.3,3869,7,2,173,1,,
20,28.3,83.1,1007.9,334.7,3910,7,2,173,1,,
21,28.6,83.2,1008.2,330.6,3701,7,2,173,1,,
22,29.2,83.2,1008.3,301.7,3829,7,2,173,1,,
14,29.3,82.4,1008.3,382.6,3858,7,2,174,1,,
15,29.2,82.9,1008.5,348.9,3653,7,2,174,1,,
16,29.4,82.4,1008.1,321.4,3768,7,2,174,1,,
17,29.2,82.2,1008.5,329.4,4069,7,2,174,1,,
18,29.6,81.2,1008.2,293.3,3520,7,2,174,1,,
19,29.5,81.9,1008.3,345.9,3864,7,2,174,1,,
20,29.7,81.7,1008,335.7,3950,7,2,174,1,,
21,30,81.7,1008.4,328.7,3689,7,2,174,1,,
22,29.4,81.3,1008.2,303.8,3840,7,2,174,1,,
14,30.2,81.5,1008.3,376.6,3898,7,2,175,1,,
15,30.3,81.8,1008.7,345.4,3661,7,2,175,1,,
16,30.4,81.2,1008.4,324.8,3789,7,2,175,1,,
17,30.5,80.8,1008.7,329.7,4069,7,2,175,1,,
18,30.5,81.6,1008.7,295.1,3512,7,2,175,1,,
19,30,81.2,1008.3,346.1,3866,7,2,175,1,,
20,30.4,80.9,1008.3,331.8,3972,7,2,175,1,,
21,30,81.6,1008.6,329.9,3683,7,2,175,1,,
22,30,81.4,1008.4,303.3,3857,7,2,175,1,,
14,30.8,80.6,1008.2,383.4,3888,7,2,176,1,,
15,31.1,80.7,1008.8,348.2,3634,7,2,176,1,,
16,31.3,79.6,1008.7,321.9,3792,7,2,176,1,,
17,30.3,80.7,1008.4,326.4,4051,7,2,176,1,,
18,30.8,79.4,1008.8,287.9,3478,7,2,176,1,,
19,30.5,80.5,1008.6,338.9,3885,7,2,176,1,,
20,31.3,80.4,1008.6,329.1,3987,7,2,176,1,,
21,30.8,80.9,1008.7,321.4,3672,7,2,176,1,,
22,30.2,80.2,1008.8,308.5,3894,7,2,176,1,,
14,31.4,79.8,1008.6,380.8,3894,7,2,177,1,,
15,31.5,80.2,1008.6,351.7,3648,7,2,177,1,,
16,31.7,79.4,1009,324.7,3813,7,2,177,1,,
17,31.5,79.8,1008.6,329.2,4011,7,2,177,1,,
18,31.2,80.2,1008,287.4,3500,7,2,177,1,,
19,30.9,79.6,1008,340.1,3866,7,2,177,1,,
20,31.2,80.4,1008.7,330.2,4000,7,2,177,1,,
21,31.2,80.2,1008.6,323.1,3636,7,2,177,1,,
22,31.4,80.7,1008.8,310.4,3887,7,2,177,1,,
14,32.3,79.5,1008.6,379.4,3868,7,2,178,1,,
15,31.8,79.4,1008.7,355.4,3661,7,2,178,1,,
16,31.4,79.3,1008.6,320.6,3851,7,2,178,1,,
17,31.3,80.1,1008.7,325.9,3995,7,2,178,1,,
18,32,79.1,1008.6,285,3486,7,2,178,1,,
19,31.5,79.4,1008.3,339.8,3888,7,2,178,1,,
20,31.4,78.8,1008.7,328.5,3983,7,2,178,1,,
21,31.7,79.9,1008.4,330.3,3669,7,2,178,1,,
22,31.6,79.3,1008.9,304.5,3851,7,2,178,1,,
14,32.5,79.4,1008.9,379.2,3953,7,2,179,1,,
15,32.4,79.5,1008.7,356.2,3651,7,2,179,1,,
16,31.8,79,1008.7,319.5,3871,7,2,179,1,,
17,32,78.9,1008.6,336.2,4014,7,2,179,1,,
18,31.6,78.7,1008.8,284.9,3499,7,2,179,1,,
19,32,78.9,1008.7,339.1,3913,7,2,179,1,,
20,31.7,79.1,1008.6,323.5,4062,7,2,179,1,,
21,31.9,78.7,1008.7,330.1,3679,7,2,179,1,,
22,31.8,78.2,1008.7,299.9,3840,7,2,179,1,,
14,31.7,78.2,1009.1,377.5,3970,7,2,180,1,,
15,32.4,79.4,1008.6,357.1,3653,7,2,180,1,,
16,31.8,79.5,1008.6,318.9,3836,7,2,180,1,,
17,31.9,78.8,1008.9,336.9,4034,7,2,180,1,,
18,32.1,79.4,1008.9,279.2,3471,7,2,180,1,,
19,32.4,78.8,1008.8,336.7,3928,7,2,180,1,,
20,31.7,78.9,1008.8,321.2,4059,7,2,180,1,,
21,32.5,78.8,1008.9,325.8,3664,7,2,180,1,,
22,32.2,78.6,1008.9,300.6,3806,7,2,180,1,,
14,32.4,79.3,1009.2,377.5,3953,7,2,181,1,,
15,31.9,79.1,1008.6,356.6,3634,7,2,181,1,,
16,32.2,79.8,1008.9,319,3839,7,2,181,1,,
17,32,78.6,1009,338.9,4063,7,2,181,1,,
18,31.8,79.1,1008.7,281.4,3528,7,2,181,1,,
19,32.1,79,1008.9,336.2,3929,7,2,181,1,,
20,31.7,79.5,1008.8,322.8,4104,7,2,181,1,,
21,32,79.4,1008.6,324,3705,7,2,181,1,,
22,31.7,79.9,1008.6,302.9,3794,7,2,181,1,,
14,31,79.6,1008.4,377.9,4001,7,2,182,1,,
15,31.6,79.2,1008.8,358.9,3629,7,2,182,1,,
16,31.2,78.7,1009,317.9,3803,7,2,182,1,,
17,32,79.6,1009.1,339.7,4059,7,2,182,1,,
18,31.7,79.4,1009,275.3,3527,7,2,182,1,,
19,31.4,79.5,1008.7,338.3,3907,7,2,182,1,,
20,31.6,79.8,1009.1,321.8,4125,7,2,182,1,,
21,32,79.5,1008.4,331.1,3701,7,2,182,1,,
22,31.7,79.5,1008.4,298,3798,7,2,182,1,,
14,31.3,80,1009,379.5,4040,7,2,183,1,,
15,31.6,80.6,1009,360,3637,7,2,183,1,,
16,30.8,80.2,1009,312.9,3812,7,2,183,1,,
17,31.3,79.9,1008.7,344.2,4069,7,2,183,1,,
18,31.6,79.6,1008.5,274.3,3524,7,2,183,1,,
19,31.3,79.7,1008.8,337.7,3885,7,2,183,1,,
20,31.1,80.5,1008.7,323.3,4155,7,2,183,1,,
21,31.2,79.6,1008.9,331.8,3727,7,2,183,1,,
22,31.1,80.4,1008.5,299.3,3758,7,2,183,1,,
14,30.7,79.4,1009,378.3,4019,7,2,184,1,,
15,31,80.5,1009,361.4,3625,7,2,184,1,,
16,30.9,80.2,1009,311.4,3765,7,2,184,1,,
17,30.8,80.7,1009.4,340.4,4046,7,2,184,1,,
18,30.5,81.5,1008.7,270.3,3519,7,2,184,1,,
19,31.1,80.1,1008.9,332.1,3878,7,2,184,1,,
20,30.4,80.2,1008.6,326,4120,7,2,184,1,,
21,30.5,80.3,1009.2,332.1,3719,7,2,184,1,,
14,30.2,81.3,1008.6,373.9,4037,7,2,185,1,,
15,30.4,81.3,1008.7,359.5,3628,7,2,185,1,,
16,30.1,81.9,1008.6,307.8,3788,7,2,185,1,,
17,29.7,81.1,1008.8,338.7,4032,7,2,185,1,,
18,30.4,81.2,1008.8,267.2,3562,7,2,185,1,,
19,30.6,81.1,1008.7,336.5,3877,7,2,185,1,,
20,30.2,81.6,1008.7,329.2,4063,7,2,185,1,,
21,29.9,81.5,1008.9,334.3,3708,7,2,185,1,,
14,29.2,82.1,1008.7,376.3,4105,7,2,186,1,,
15,29.8,82.4,1008.7,360.9,3665,7,2,186,1,,
16,29.6,82,1008.7,305.2,3775,7,2,186,1,,
17,29.5,81.7,1008.7,341.6,4054,7,2,186,1,,
18,29.7,82.5,1008.7,269.2,3533,7,2,186,1,,
19,29.6,82.3,1008.4,334.6,3883,7,2,186,1,,
20,29.7,81.9,1008.3,325.4,4110,7,2,186,1,,
21,29.6,82.8,1008.9,331.5,3628,7,2,186,1,,
14,28.9,82.6,1008.9,379,4115,7,2,187,1,,
15,28.8,82.2,1008.8,358.8,3642,7,2,187,1,,
16,28.9,82.5,1008.9,308.3,3814,7,2,187,1,,
17,29.1,83.3,1008.6,340.8,4033,7,2,187,1,,
18,28.7,83.4,1008.9,265.2,3539,7,2,187,1,,
19,29.3,82.4,1008.6,338.1,3861,7,2,187,1,,
20,29,83.2,1008.8,320.7,4118,7,2,187,1,,
21,28.8,83.9,1008.6,330.7,3602,7,2,187,1,,
14,28.3,83.5,1008.5,378.2,4090,7,2,188,1,,
15,27.7,83.8,1008.2,356.1,3659,7,2,188,1,,
16,28.1,83.6,1008.5,307,3745,7,2,188,1,,
17,28.1,83.2,1008.6,341.5,4056,7,2,188,1,,
18,28.1,83.2,1008.6,268.2,3551,7,2,188,1,,
19,28.5,83.2,1008.4,339.5,3866,7,2,188,1,,
20,28.6,83.3,1008.8,318.3,4122,7,2,188,1,,
21,28.2,84,1008.2,334.1,3628,7,2,188,1,,
14,27.7,85,1008.3,376.9,4068,7,2,189,1,,
15,27.9,83.8,1008.4,353.1,3641,7,2,189,1,,
16,27.6,84.5,1008.6,309.9,3712,7,2,189,1,,
17,27.4,84.8,1008.3,337.8,4044,7,2,189,1,,
18,27.6,84.4,1008.4,268.9,3591,7,2,189,1,,
19,28,83.4,1008.7,344.1,3880,7,2,189,1,,
20,27.9,84.5,1008.4,320.7,4135,7,2,189,1,,
21,27.5,83,1008.5,337.7,3577,7,2,189,1,,
14,27.7,85,1008.1,370.4,4098,7,2,190,1,,
15,27.4,84.3,1008.3,348.2,3673,7,2,190,1,,
16,27.5,85.1,1008.3,313.4,3696,7,2,190,1,,
17,28.1,84.4,1008.3,336.9,4042,7,2,190,1,,
18,26.7,85,1008,272.1,3569,7,2,190,1,,
19,27,84.6,1008.3,342,3893,7,2,190,1,,
20,26.8,85.5,1008.2,325.9,4131,7,2,190,1,,
21,27.2,84,1008.5,337.1,3565,7,2,190,1,,
14,26.7,85.3,1008.2,371.9,4116,7,2,191,1,,
15,27.2,85.3,1008.5,345.3,3661,7,2,191,1,,
16,27.2,84.7,1008.5,314.2,3672,7,2,191,1,,
17,26.9,85,1008.5,337.4,4010,7,2,191,1,,
18,26.7,85.2,1008.4,268.6,3530,7,2,191,1,,
19,27.7,85.6,1008.4,345.5,3919,7,2,191,1,,
20,27,85.1,1008.1,319.6,4128,7,2,191,1,,
21,26.9,84,1008.5,341.3,3563,7,2,191,1,,
14,26.8,84.6,1008.4,369.4,4153,8,2,192,1,,
15,26.4,86.6,1008.2,347.9,3622,8,2,192,1,,
16,27.6,85,1008.1,316.7,3661,8,2,192,1,,
17,26.9,84.7,1008.3,341,4008,8,2,192,1,,
18,26.9,84.4,1008,268.4,3499,8,2,192,1,,
19,27.1,84.7,1008.1,349.8,3900,8,2,192,1,,
20,27.1,85.8,1008,320.8,4125,8,2,192,1,,
21,27.2,85.3,1008.1,340.8,3526,8,2,192,1,,
14,27.1,84.4,1008.2,368.2,4157,8,2,193,1,,
15,26.8,85,1007.8,346.4,3646,8,2,193,1,,
16,26.9,85.4,1008,313.2,3681,8,2,193,1,,
17,27.4,84.9,1008.3,343.1,4015,8,2,193,1,,
18,27.5,85,1008.2,264.8,3545,8,2,193,1,,
19,27.1,84.4,1008.1,347.8,3946,8,2,193,1,,
20,27.7,85,1008.2,319.1,4098,8,2,193,1,,
21,27.6,84.4,1008.1,338.2,3525,8,2,193,1,,
14,27.1,84.3,1008.2,371.6,4140,8,2,194,1,,
15,27.3,84.6,1008.1,347.6,3662,8,2,194,1,,
16,27.7,84.7,1007.9,314.8,3667,8,2,194,1,,
17,27.7,83.6,1008.4,337.9,4031,8,2,194,1,,
18,27.6,85,1008.5,265.2,3525,8,2,194,1,,
19,27.5,85,1007.8,347.4,3937,8,2,194,1,,
20,27.7,84.5,1008.4,317.8,4100,8,2,194,1,,
21,27.7,85.5,1008.1,338.9,3524,8,2,194,1,,
14,27.5,84.8,1008.5,365.3,4147,8,2,195,1,,
15,27.7,83.3,1008.5,350.1,3594,8,2,195,1,,
16,28.1,83.9,1008.4,313.1,3651,8,2,195,1,,
17,27.5,83.9,1008.4,336.2,4074,8,2,195,1,,
18,27.8,85.1,1008.3,268.6,3530,8,2,195,1,,
19,27.9,85.3,1007.7,348.1,4006,8,2,195,1,,
20,27.6,84.7,1007.9,318.6,4123,8,2,195,1,,
21,27.4,85.3,1008.5,339,3569,8,2,195,1,,
14,28.1,83.5,1008.3,371.2,4138,8,2,196,1,,
15,28.2,83.6,1008.2,347.4,3590,8,2,196,1,,
16,27.7,83.2,1008.3,313,3674,8,2,196,1,,
17,28,83,1008.2,336.8,4046,8,2,196,1,,
18,28.1,83.3,1008.3,264.2,3557,8,2,196,1,,
19,28.1,83.6,1008.4,341.2,4016,8,2,196,1,,
20,28.2,83.4,1008.1,313.9,4173,8,2,196,1,,
21,28.6,83.5,1008.3,343.1,3537,8,2,196,1,,
14,29.1,82.9,1008.3,375.8,4206,8,2,197,1,,
15,29.2,82.4,1008.2,347,3549,8,2,197,1,,
16,29.2,82.8,1008.3,315.8,3685,8,2,197,1,,
17,28.8,82,1008.2,337.1,4029,8,2,197,1,,
18,29.1,82.2,1008.1,264.6,3573,8,2,197,1,,
19,28.6,83.8,1008.2,338.6,4044,8,2,197,1,,
20,28.1,82.2,1008.1,316.2,4153,8,2,197,1,,
21,29.4,82.7,1008.6,342.7,3545,8,2,197,1,,
14,29.3,81.8,1008.3,375.2,4172,8,2,198,1,,
15,30,82.9,1008.3,348.6,3525,8,2,198,1,,
16,29.2,81.7,1007.9,312.6,3639,8,2,198,1,,
17,30.2,81.6,1008.4,337.3,4050,8,2,198,1,,
18,29.6,82.3,1008.2,266.3,3562,8,2,198,1,,
19,29.6,82.4,1008.7,336.4,4098,8,2,198,1,,
20,29.3,82.4,1008,309.3,4142,8,2,198,1,,
21,29.5,81.7,1008.3,346.4,3472,8,2,198,1,,
14,30,81.6,1008,375.6,4149,8,2,199,1,,
15,30.3,81.4,1008.4,346.7,3504,8,2,199,1,,
16,29.9,81.7,1008.3,308.4,3651,8,2,199,1,,
17,30.2,80.6,1008.7,340.8,4015,8,2,199,1,,
18,29.6,80.7,1008.3,269.9,3587,8,2,199,1,,
19,30.1,81.5,1008.5,342.1,4087,8,2,199,1,,
20,29.7,80.5,1008.5,311.4,4166,8,2,199,1,,
21,30.4,80.6,1008.7,341.8,3490,8,2,199,1,,
14,31.1,80.7,1008.2,373.9,4167,8,2,200,1,,
15,30.8,80.8,1008.5,347.1,3501,8,2,200,1,,
16,30.7,80.1,1008.4,306.4,3609,8,2,200,1,,
17,30.8,80.2,1008.5,343.6,4080,8,2,200,1,,
18,31.2,81.3,1008.4,268.9,3573,8,2,200,1,,
19,30.9,81.7,1008.4,342,4061,8,2,200,1,,
20,31.1,81.1,1008.1,312.1,4151,8,2,200,1,,
21,31,79.7,1008.9,339.3,3480,8,2,200,1,,
14,31.2,80,1008.6,376,4185,8,2,201,1,,
15,31.3,79.8,1008.6,354.7,3509,8,2,201,1,,
16,31.5,80.2,1008.8,306.1,3586,8,2,201,1,,
17,31.5,80,1008.5,343.7,4123,8,2,201,1,,
18,31.1,79,1008.6,264.5,3570,8,2,201,1,,
19,31.3,79.5,1008.8,342,4036,8,2,201,1,,
20,31,80.2,1008.2,306.3,4170,8,2,201,1,,
21,31.6,78.9,1008.3,342.5,3491,8,2,201,1,,
14,31.7,79.4,1008.4,379.9,4278,8,2,202,1,,
15,31.9,79.6,1008.6,358.1,3499,8,2,202,1,,
16,31.5,80,1008.7,308.6,3552,8,2,202,1,,
17,31.7,79,1008.3,344.9,4132,8,2,202,1,,
18,32.3,79.1,1008.7,266.7,3577,8,2,202,1,,
19,31.9,79.5,1008.8,338.1,4049,8,2,202,1,,
20,31.8,79.5,1008.5,307.9,4191,8,2,202,1,,
21,31.7,79.5,1008.4,345.3,3492,8,2,202,1,,
14,31.8,79.1,1008.9,382.4,4288,8,2,203,1,,
15,32.2,78.9,1008.5,358.8,3464,8,2,203,1,,
16,32.4,79.5,1008.5,306.4,3594,8,2,203,1,,
17,31.7,79.6,1008.6,344.1,4134,8,2,203,1,,
18,32,78.9,1008.7,263.4,3600,8,2,203,1,,
19,32.1,78.9,1008.5,337.5,4089,8,2,203,1,,
20,31.9,78.5,1008.6,309.8,4231,8,2,203,1,,
21,32.5,78.4,1009.1,345.5,3491,8,2,203,1,,
14,31.7,79.9,1008.9,382.6,4271,8,2,204,1,,
15,32.2,78.4,1008.7,354,3548,8,2,204,1,,
16,32,78.4,1008.6,308,3628,8,2,204,1,,
17,31.9,79.1,1009,340.3,4150,8,2,204,1,,
18,31.5,79.5,1008.5,265.8,3588,8,2,204,1,,
19,32.3,78.8,1008.5,335.7,4077,8,2,204,1,,
20,31.9,78.9,1008.7,310.1,4214,8,2,204,1,,
21,31.8,79.6,1008.5,343.6,3462,8,2,204,1,,
14,32.4,79.1,1008.7,383.2,4288,8,2,205,1,,
15,32.2,78.6,1008.6,357.7,3556,8,2,205,1,,
16,31.9,80.3,1009,306.8,3608,8,2,205,1,,
17,31.9,79.7,1009,342.7,4143,8,2,205,1,,
18,31.7,78.5,1008.7,268.4,3649,8,2,205,1,,
19,32,79,1008.6,338.6,4084,8,2,205,1,,
20,31.9,79.5,1008.3,305.2,4200,8,2,205,1,,
21,32.2,79.8,1008.8,340.6,3446,8,2,205,1,,
14,31.7,79.6,1009,380.5,4320,8,2,206,1,,
15,31.9,79.5,1008.8,356.3,3527,8,2,206,1,,
16,31.4,79.6,1008.7,311.4,3656,8,2,206,1,,
17,31.5,79.2,1008.9,342.6,4157,8,2,206,1,,
18,31.8,79.3,1008.4,265.9,3619,8,2,206,1,,
19,31.8,78.5,1008.3,333.8,4072,8,2,206,1,,
20,32.2,79.3,1009,304.8,4177,8,2,206,1,,
21,31.5,78.9,1008.8,341.9,3457,8,2,206,1,,
14,31.2,80.2,1008.8,378.1,4333,8,2,207,1,,
15,31.5,80.1,1008.7,352.6,3519,8,2,207,1,,
16,31.5,79.3,1008.7,314.7,3644,8,2,207,1,,
17,31.3,79.1,1008.8,342.4,4166,8,2,207,1,,
18,30.9,79.3,1008.8,266.8,3582,8,2,207,1,,
19,31.4,78.7,1009.1,333.8,4115,8,2,207,1,,
20,30.9,80.3,1008.9,307.3,4148,8,2,207,1,,
21,31.3,79.9,1008.8,337.6,3459,8,2,207,1,,
14,30.7,80.6,1008.8,376.8,4311,8,2,208,1,,
15,30.5,80.5,1008.9,349.9,3492,8,2,208,1,,
16,31.1,80.7,1008.8,312.1,3645,8,2,208,1,,
17,30.6,79.9,1008.9,341.2,4173,8,2,208,1,,
18,30.9,81,1008.3,271,3601,8,2,208,1,,
19,30.5,80.8,1008.8,335.8,4111,8,2,208,1,,
20,31.3,79.6,1008.9,301,4125,8,2,208,1,,
21,30.6,79.8,1008.8,335.3,3463,8,2,208,1,,
14,30.3,81.2,1008.8,374.3,4319,8,2,209,1,,
15,30.5,81,1008.5,348,3480,8,2,209,1,,
16,30.2,81.7,1008.5,310.9,3651,8,2,209,1,,
17,30.1,81.2,1008.6,337.9,4189,8,2,209,1,,
18,30.4,80.7,1008.9,273.2,3580,8,2,209,1,,
19,30.3,81.8,1008.6,336.1,4057,8,2,209,1,,
20,30.6,81.6,1008.6,298.9,4128,8,2,209,1,,
21,30.4,80.7,1008.7,329.5,3506,8,2,209,1,,
14,29.8,81.3,1008.4,370.4,4300,8,2,210,1,,
15,30,82.5,1008.9,350,3507,8,2,210,1,,
16,29.7,81.5,1008.4,312.4,3610,8,2,210,1,,
17,29.3,82.1,1008.7,335.8,4155,8,2,210,1,,
18,29.7,81.9,1008.5,272.2,3583,8,2,210,1,,
19,29.7,83,1008.4,335.3,4086,8,2,210,1,,
20,29.7,82.6,1008.6,293.4,4134,8,2,210,1,,
21,29.1,81.7,1008.9,328.3,3467,8,2,210,1,,
14,29.1,82.9,1008.4,368.2,4319,8,2,211,1,,
15,28.6,82.7,1008.4,348.9,3526,8,2,211,1,,
16,28.8,83.3,1008.5,315.7,3582,8,2,211,1,,
17,29.6,82.5,1008.7,341.2,4181,8,2,211,1,,
18,28.8,82.4,1008.7,273.3,3585,8,2,211,1,,
19,28.5,82.9,1008.7,332.3,4087,8,2,211,1,,
20,28.7,82.1,1008.6,292.2,4143,8,2,211,1,,
21,28.6,83.1,1008.5,329.6,3463,8,2,211,1,,
14,28.5,83.6,1008.3,366.5,4395,8,2,212,1,,
15,28.3,84.2,1008.3,349.9,3487,8,2,212,1,,
16,27.9,83.7,1008.4,315.3,3609,8,2,212,1,,
17,28.2,83.5,1008.3,343.5,4200,8,2,212,1,,
18,27.8,83.2,1008.3,278,3587,8,2,212,1,,
19,28.1,84.3,1008.4,328.1,4085,8,2,212,1,,
20,28,83.7,1008.2,289.1,4136,8,2,212,1,,
21,28,84.4,1008.3,327.4,3425,8,2,212,1,,
14,27.4,84.3,1008.8,365.1,4455,8,2,213,1,,
15,27.8,84.5,1008.4,351.1,3457,8,2,213,1,,
16,27.5,84,1008.7,313.6,3555,8,2,213,1,,
17,27.6,83.6,1008.2,346.1,4205,8,2,213,1,,
18,27.6,83.8,1008.4,279.8,3530,8,2,213,1,,
19,27.5,84,1008.8,331.8,4084,8,2,213,1,,
20,28.3,84.5,1008.6,292.8,4245,8,2,213,1,,
21,27.3,84.7,1008.7,329.2,3378,8,2,213,1,,
14,27.1,83.6,1008.2,362.4,4409,8,2,214,1,,
15,26.8,84.9,1008.7,347.7,3492,8,2,214,1,,
16,26.8,85.6,1008.6,311.8,3584,8,2,214,1,,
17,27.4,84.2,1008.1,348.6,4209,8,2,214,1,,
18,27.4,84.3,1008.4,281.7,3507,8,2,214,1,,
19,27.1,84.9,1008,328.4,4032,8,2,214,1,,
20,27.3,85.3,1008.6,295.2,4298,8,2,214,1,,
21,27.5,84.9,1008.4,327.3,3382,8,2,214,1,,
14,27,85.4,1008.2,360.8,4455,8,2,215,1,,
15,27.1,84.2,1008.1,347.3,3479,8,2,215,1,,
16,27.2,85.5,1008.1,308.2,3628,8,2,215,1,,
17,27.4,84.7,1008.2,350.4,4232,8,2,215,1,,
18,26.7,84.7,1008.5,283.7,3494,8,2,215,1,,
19,27.2,84.4,1007.9,328.1,4046,8,2,215,1,,
20,27,84.6,1008.4,294,4308,8,2,215,1,,
21,27.5,85.1,1008,325.5,3415,8,2,215,1,,
14,26.8,85.3,1007.9,357.4,4453,9,2,216,1,,
15,26.6,84.2,1008.1,347.4,3477,9,2,216,1,,
16,26.6,85,1008.2,310.1,3636,9,2,216,1,,
17,27.2,84.9,1008.4,353.4,4231,9,2,216,1,,
18,26.8,84.7,1008,285.5,3521,9,2,216,1,,
19,27.5,85.5,1008.4,327.9,4057,9,2,216,1,,
20,27.5,84.8,1008.2,293.9,4302,9,2,216,1,,
21,27.1,85.1,1008.1,328.6,3462,9,2,216,1,,
14,27.3,85.6,1008.4,358.4,4490,9,2,217,1,,
15,27.2,85.3,1008.1,346.7,3465,9,2,217,1,,
16,27,84.7,1008,309.2,3676,9,2,217,1,,
17,27.4,84.7,1008.1,350.2,4143,9,2,217,1,,
18,26.9,84.5,1008.2,281.8,3523,9,2,217,1,,
19,26.6,85,1008.2,324.7,4043,9,2,217,1,,
20,27.4,84.5,1008.5,294.9,4296,9,2,217,1,,
21,27.5,85.6,1008.1,326.7,3454,9,2,217,1,,
14,26.8,84.3,1008.5,359.7,4521,9,2,218,1,,
15,27,84.5,1008,345,3401,9,2,218,1,,
16,27.2,85.3,1008.3,310.1,3675,9,2,218,1,,
17,27.2,83.6,1008.3,351.4,4126,9,2,218,1,,
18,27.3,84.2,1008.2,283.2,3492,9,2,218,1,,
19,27.8,84.5,1008.6,319,4030,9,2,218,1,,
20,27.2,84.6,1007.8,293,4244,9,2,218,1,,
21,27.3,85.3,1008.4,327.9,3408,9,2,218,1,,
14,27.5,83.8,1008.5,356.8,4529,9,2,219,1,,
15,28.3,83.7,1008.5,344.7,3416,9,2,219,1,,
16,27.5,85,1008.4,309.3,3731,9,2,219,1,,
17,28.4,84.2,1008.3,352.6,4127,9,2,219,1,,
18,27.1,84.3,1008.6,273.7,3511,9,2,219,1,,
19,27.3,83.5,1008,319.5,4041,9,2,219,1,,
20,27.9,84.9,1008,294.2,4235,9,2,219,1,,
21,27.2,84.2,1008.4,327.2,3463,9,2,219,1,,
14,28,83.2,1008.2,352.4,4554,9,2,220,1,,
15,28.1,83.6,1008.4,346.2,3438,9,2,220,1,,
16,28.4,82.8,1008.2,311,3780,9,2,220,1,,
17,28.3,82.6,1008.7,355.9,4091,9,2,220,1,,
18,28.2,83.7,1007.9,270.8,3522,9,2,220,1,,
19,28,82.4,1008.5,318.2,4010,9,2,220,1,,
20,28.1,83.7,1008.1,295.9,4243,9,2,220,1,,
21,27.9,82.9,1008.1,324.7,3476,9,2,220,1,,
14,28.8,83.2,1008.6,349.7,4623,9,2,221,1,,
15,28.7,82.5,1008,347.3,3469,9,2,221,1,,
16,29.6,82.8,1008.4,308.7,3758,9,2,221,1,,
17,28.6,82,1007.9,356.8,4065,9,2,221,1,,
18,28.9,83.2,1008.2,269.4,3605,9,2,221,1,,
19,28.9,82.9,1008.2,318.1,3978,9,2,221,1,,
20,28.8,82.4,1008.3,292.8,4245,9,2,221,1,,
21,28.7,82,1008.5,319,3440,9,2,221,1,,
14,29.2,81.3,1008.3,346.1,4657,9,2,222,1,,
15,30,82.2,1008.2,341.8,3499,9,2,222,1,,
16,29,82.2,1008.6,310.6,3765,9,2,222,1,,
17,29.5,82,1008.2,354.2,4085,9,2,222,1,,
18,29.8,81.7,1008.4,269.4,3568,9,2,222,1,,
19,29.7,81.5,1008.2,319.6,4017,9,2,222,1,,
20,29.5,82.1,1008.7,291.8,4276,9,2,222,1,,
21,29,82.1,1008.4,324.3,3465,9,2,222,1,,
14,30.3,81,1008.6,341.2,4659,9,2,223,1,,
15,29.6,81.1,1008.4,341.1,3498,9,2,223,1,,
16,30.5,82.7,1008.3,302.8,3780,9,2,223,1,,
17,30.3,81.5,1008.4,352.1,4084,9,2,223,1,,
18,30.3,80.8,1008.1,264,3566,9,2,223,1,,
19,30.6,81.8,1008.4,314.5,4061,9,2,223,1,,
20,30.2,81.1,1008.4,291.1,4285,9,2,223,1,,
21,30.6,81.4,1008.2,324.3,3480,9,2,223,1,,
14,30.4,81,1008.6,342.6,4647,9,2,224,1,,
15,30.8,79.3,1008.5,334,3519,9,2,224,1,,
16,31.1,79.7,1008.7,301.3,3794,9,2,224,1,,
17,30.9,79.4,1008.6,352.7,4088,9,2,224,1,,
18,31.2,80.5,1008.9,267.8,3580,9,2,224,1,,
19,31.2,80.2,1008.7,313.1,4109,9,2,224,1,,
20,30.5,79.8,1008.6,293.2,4307,9,2,224,1,,
21,31,80.3,1008.6,321,3445,9,2,224,1,,
14,31.5,79.3,1008.4,341.6,4623,9,2,225,1,,
15,31.1,78.8,1008.4,331.8,3553,9,2,225,1,,
16,31,79.4,1008.4,302.9,3780,9,2,225,1,,
17,31.2,78.6,1008.5,357.7,4090,9,2,225,1,,
18,31.7,80.6,1008.8,261.7,3571,9,2,225,1,,
19,31.1,80.9,1008.7,318,4097,9,2,225,1,,
20,31.3,80.3,1008.7,294.9,4282,9,2,225,1,,
21,30.9,79.9,1008.3,319.3,3469,9,2,225,1,,
14,31.9,79.2,1008.4,337.5,4649,9,2,226,1,,
15,31.7,79.6,1008.9,331.1,3574,9,2,226,1,,
16,31.7,79.4,1008.4,302.6,3792,9,2,226,1,,
17,31.6,79.4,1008.7,359.3,4085,9,2,226,1,,
18,31.5,80,1008.6,266.4,3572,9,2,226,1,,
19,31.8,78.9,1008.8,320.2,4172,9,2,226,1,,
20,31.3,79.2,1008.6,293.6,4226,9,2,226,1,,
21,31.4,79.1,1008.7,319.6,3451,9,2,226,1,,
14,31.2,78.6,1009,336,4675,9,2,227,1,,
15,32.1,78.5,1009,326.3,3600,9,2,227,1,,
16,32.2,79.8,1008.5,303.3,3729,9,2,227,1,,
17,32,79.9,1008.9,366,4067,9,2,227,1,,
18,31.9,78.9,1008.7,266.8,3568,9,2,227,1,,
19,32.1,79.5,1008.6,321.4,4163,9,2,227,1,,
20,32.4,79,1008.7,296.7,4156,9,2,227,1,,
21,32.2,79.4,1008.9,319,3433,9,2,227,1,,
14,32.1,78.9,1008.4,331.5,4639,9,2,228,1,,
15,31.5,79.3,1009.1,325.2,3591,9,2,228,1,,
16,32.3,79.5,1008.2,301.8,3707,9,2,228,1,,
17,32.5,78.6,1008.8,367.8,4054,9,2,228,1,,
18,31.9,78.8,1009.1,272.2,3552,9,2,228,1,,
19,32,79.1,1008.7,321.1,4154,9,2,228,1,,
20,31.8,78.8,1008.7,295.6,4200,9,2,228,1,,
21,31.8,79.2,1008.7,316.8,3417,9,2,228,1,,
14,32.1,79.4,1008.6,330.8,4643,9,2,229,1,,
15,32.1,78.9,1009.2,325.4,3580,9,2,229,1,,
16,32.1,79,1008.6,301.1,3684,9,2,229,1,,
17,31.9,79.6,1008.6,372.4,4014,9,2,229,1,,
18,32.2,78.7,1008.7,268.5,3580,9,2,229,1,,
19,31.8,79,1008.9,321.2,4175,9,2,229,1,,
20,32.1,79.6,1008.8,290.8,4138,9,2,229,1,,
21,32.1,80,1008.7,314.2,3414,9,2,229,1,,
14,31.7,79,1009.1,332.3,4650,9,2,230,1,,
15,31.5,78.9,1008.7,323.9,3564,9,2,230,1,,
16,31.6,80.1,1008.7,306,3732,9,2,230,1,,
17,32.2,79.9,1008.8,370.8,4001,9,2,230,1,,
18,31.8,79.7,1009,265.4,3569,9,2,230,1,,
19,32.2,79.7,1008.7,326.9,4109,9,2,230,1,,
20,31.2,79.6,1008.8,289.6,4127,9,2,230,1,,
21,32.1,78.6,1008.7,314,3424,9,2,230,1,,
14,31.1,79.5,1008.9,330.4,4659,9,2,231,1,,
15,31.1,80.9,1008.6,323.8,3580,9,2,231,1,,
16,31.1,79.3,1008.8,309,3721,9,2,231,1,,
17,31.2,79.9,1009,376.4,4009,9,2,231,1,,
18,31.4,79.7,1008.8,262.5,3607,9,2,231,1,,
19,31.5,80.5,1009,330.2,4102,9,2,231,1,,
20,31.9,79.5,1009,289,4126,9,2,231,1,,
21,30.8,79.4,1008.7,314.4,3459,9,2,231,1,,
14,30.2,80.2,1008.7,332.8,4635,9,2,232,1,,
15,30.9,80.5,1008.7,324.7,3587,9,2,232,1,,
16,31,81.1,1008.6,306.5,3747,9,2,232,1,,
17,30.5,80.2,1008.7,372.9,3975,9,2,232,1,,
18,31,81.1,1008.9,258.7,3590,9,2,232,1,,
19,30.6,80.4,1008.5,331.9,4088,9,2,232,1,,
20,31.1,81.2,1008.7,290.8,4137,9,2,232,1,,
21,30.5,81.3,1008.9,317.9,3485,9,2,232,1,,
14,29.7,81.4,1008.7,327.2,4590,9,2,233,1,,
15,30.1,80.4,1008.6,320.9,3565,9,2,233,1,,
16,30.2,80.9,1008.6,305.8,3705,9,2,233,1,,
17,30.8,81.4,1008.5,375,3942,9,2,233,1,,
18,29.9,81.1,1008.9,253.8,3571,9,2,233,1,,
19,29.7,81,1008.6,334.5,4095,9,2,233,1,,
20,30.1,81.3,1008.6,289.3,4120,9,2,233,1,,
21,30.1,81.4,1008.7,317.3,3460,9,2,233,1,,
14,29.3,82,1008.9,323.5,4610,9,2,234,1,,
15,29.5,82.2,1009,318.8,3587,9,2,234,1,,
16,29.7,81.8,1008.1,305.3,3687,9,2,234,1,,
17,29.2,81.6,1009,373.9,3871,9,2,234,1,,
18,29.4,81.3,1008.7,252.3,3602,9,2,234,1,,
19,29.9,81.7,1008.8,342.6,4108,9,2,234,1,,
20,29.8,82,1008.4,286.5,4024,9,2,234,1,,
21,29.6,81.9,1008.7,319,3469,9,2,234,1,,
14,28.9,81.8,1008.7,325.1,4656,9,2,235,1,,
15,29,83.1,1008.3,319.3,3621,9,2,235,1,,
16,29.4,82.5,1008.4,306.4,3671,9,2,235,1,,
17,28.8,83.4,1008.8,371.3,3865,9,2,235,1,,
18,28.7,82,1008.8,251.8,3607,9,2,235,1,,
19,29.1,83.1,1008.3,343.9,4120,9,2,235,1,,
20,29.3,82.7,1008.5,287.9,4027,9,2,235,1,,
21,28.6,83.5,1008.5,312.4,3455,9,2,235,1,,
14,27.9,83,1008.6,322.6,4669,9,2,236,1,,
15,28.5,82.6,1008.6,317.2,3590,9,2,236,1,,
16,28,83.8,1008.3,301.5,3728,9,2,236,1,,
17,28.6,83.5,1008.4,366.3,3894,9,2,236,1,,
18,28.6,83.7,1008.5,255.3,3620,9,2,236,1,,
19,28.2,83.1,1008.6,340.5,4187,9,2,236,1,,
20,28.2,82.7,1008.4,285.8,4004,9,2,236,1,,
21,28.4,83.4,1008.6,308.7,3452,9,2,236,1,,
14,27,84.3,1008.4,320.4,4697,9,2,237,1,,
15,28,83.9,1008.4,315.1,3587,9,2,237,1,,
16,27.9,84,1008.4,302.6,3761,9,2,237,1,,
17,27.8,85,1008.5,363.5,3906,9,2,237,1,,
18,27,84.7,1008.6,256.2,3518,9,2,237,1,,
19,27.8,83.5,1008.3,339.2,4261,9,2,237,1,,
20,28.3,83.7,1008.6,284.2,4021,9,2,237,1,,
21,27.8,84.2,1008.2,309.9,3445,9,2,237,1,,
14,27.3,85.5,1008,316.1,4697,9,2,238,1,,
15,27.4,84,1008.5,311.4,3586,9,2,238,1,,
16,27.1,84.8,1008.2,301.5,3770,9,2,238,1,,
17,28.1,84.7,1008.4,360.1,3909,9,2,238,1,,
18,27.7,85.1,1008.2,258.4,3536,9,2,238,1,,
19,27.1,84.5,1008.2,340.2,4248,9,2,238,1,,
20,27.3,84.2,1008.2,284.6,4078,9,2,238,1,,
21,26.7,84.5,1008.5,314.3,3426,9,2,238,1,,
14,27.3,85,1008.3,314.9,4736,9,2,239,1,,
15,27.5,84.2,1008.2,309.4,3585,9,2,239,1,,
16,27.1,85.3,1008.4,296.6,3734,9,2,239,1,,
17,27.2,84.3,1008.2,365.5,3908,9,2,239,1,,
18,27.3,85,1008.4,254.6,3512,9,2,239,1,,
19,26.7,84.8,1008.2,338,4235,9,2,239,1,,
20,27.3,85.4,1007.8,286.1,4146,9,2,239,1,,
21,27.4,85.1,1008.3,311.9,3401,9,2,239,1,,
14,26.9,85.3,1008.2,320.2,4763,10,2,240,1,,
15,26.6,85.3,1008.1,305.6,3569,10,2,240,1,,
16,26.9,85.9,1008.1,295.5,3722,10,2,240,1,,
17,26.7,85.5,1008.4,372.5,3946,10,2,240,1,,
18,27.3,85.3,1008.3,257.5,3475,10,2,240,1,,
19,27.4,84.8,1008,336.1,4239,10,2,240,1,,
20,27.2,84.1,1008.1,283.4,4139,10,2,240,1,,
21,27.1,84.3,1008.2,308.7,3378,10,2,240,1,,
14,27.5,84.6,1008.4,318.8,4771,10,2,241,1,,
15,27.6,85.1,1008.8,299.4,3574,10,2,241,1,,
16,26.9,85,1008.5,296.4,3703,10,2,241,1,,
17,26.8,85.1,1008.6,369.8,3971,10,2,241,1,,
18,27,85.7,1007.9,262.3,3462,10,2,241,1,,
19,26.7,85.7,1008.4,339.9,4253,10,2,241,1,,
20,27,84.4,1008.2,283.5,4088,10,2,241,1,,
21,27.7,85.1,1008.4,310.7,3372,10,2,241,1,,
14,27.8,84.1,1008.2,319.6,4791,10,2,242,1,,
15,27.5,85.7,1008.3,299.3,3587,10,2,242,1,,
16,28.2,84.6,1008.1,300.2,3693,10,2,242,1,,
17,27.5,85.2,1008.4,365,3980,10,2,242,1,,
18,27.2,85.1,1008.3,266.8,3451,10,2,242,1,,
19,26.7,85.4,1008,337.1,4261,10,2,242,1,,
20,27.1,84.1,1008.2,280.6,4072,10,2,242,1,,
21,27.2,84.7,1008.2,308.6,3372,10,2,242,1,,
14,27.6,85.2,1008,323.5,4832,10,2,243,1,,
15,27.6,84.8,1008.1,293,3574,10,2,243,1,,
16,28.2,83.7,1008.5,300.3,3736,10,2,243,1,,
17,28.3,83.9,1007.9,368,3960,10,2,243,1,,
18,27.6,83.8,1008.1,262.1,3430,10,2,243,1,,
19,28.1,84.6,1008.4,335.7,4253,10,2,243,1,,
20,27.7,84.8,1007.9,283.3,4024,10,2,243,1,,
21,27.5,84,1008.1,304.4,3299,10,2,243,1,,
14,28.8,82.7,1008.1,327.5,4780,10,2,244,1,,
15,28,83.4,1008.2,296.1,3593,10,2,244,1,,
16,28.8,82.9,1008.5,295.6,3709,10,2,244,1,,
17,27.9,82.7,1008.3,366,4015,10,2,244,1,,
18,27.9,83.9,1008.5,262.3,3408,10,2,244,1,,
19,28.4,83.4,1008.4,337.7,4274,10,2,244,1,,
20,28.4,83,1008.3,285.9,4035,10,2,244,1,,
21,28,84.4,1008.2,306.2,3232,10,2,244,1,,
14,28.4,82.5,1008.3,331.8,4779,10,2,245,1,,
15,28.9,82.8,1008.1,289.1,3595,10,2,245,1,,
16,28.6,83,1008.3,294.6,3718,10,2,245,1,,
17,28.9,82.9,1008.1,365,4012,10,2,245,1,,
18,29.1,82.8,1008.5,259,3380,10,2,245,1,,
19,28.1,82.8,1008.3,337.8,4253,10,2,245,1,,
20,29.2,82,1008.1,285.7,4056,10,2,245,1,,
21,28.6,82.1,1008.2,313.1,3243,10,2,245,1,,
14,29.3,82.2,1008.4,332.6,4778,10,2,246,1,,
15,29.7,81.9,1008.2,290,3591,10,2,246,1,,
16,29.7,82.3,1008.6,299.6,3722,10,2,246,1,,
17,29.9,81.5,1008.6,359.3,4010,10,2,246,1,,
18,29.7,82,1008.5,255.9,3391,10,2,246,1,,
19,29.1,82.2,1008.3,339,4236,10,2,246,1,,
20,29.5,82.2,1008.5,281.6,4042,10,2,246,1,,
21,30,81.9,1008.6,318.9,3237,10,2,246,1,,
14,29.6,80.8,1008.7,332.7,4773,10,2,247,1,,
15,30.7,81.8,1008.6,291.9,3551,10,2,247,1,,
16,30,81.5,1008.2,297.1,3756,10,2,247,1,,
17,30.3,81.4,1008.3,360.9,3985,10,2,247,1,,
18,30.3,80.5,1008.4,249.4,3433,10,2,247,1,,
19,30.6,81.7,1008.5,337.9,4264,10,2,247,1,,
20,30.3,81.8,1008.3,274.9,4027,10,2,247,1,,
21,30,80.6,1008.4,318.7,3295,10,2,247,1,,
14,31.1,79.9,1008.5,332.6,4764,10,2,248,1,,
15,30.9,80.7,1008.6,292.9,3563,10,2,248,1,,
16,30.7,79.9,1008.2,296.8,3795,10,2,248,1,,
17,30.7,80.8,1008.6,358.5,4023,10,2,248,1,,
18,30.4,80.4,1008.5,246,3486,10,2,248,1,,
19,30.9,80.6,1008.7,341.7,4229,10,2,248,1,,
20,31.1,79.7,1008.3,274.7,4024,10,2,248,1,,
21,30.4,80.5,1008.1,317,3301,10,2,248,1,,
14,31.3,79.8,1008.3,332.7,4729,10,2,249,1,,
15,32.1,79.8,1008.8,291,3585,10,2,249,1,,
16,31.6,79.9,1009,296,3795,10,2,249,1,,
17,31.3,80.3,1008.9,361.4,4058,10,2,249,1,,
18,31.1,79.7,1008.4,243.4,3481,10,2,249,1,,
19,31,79.5,1008.3,341.1,4250,10,2,249,1,,
20,31.4,79.3,1008.5,277.7,3989,10,2,249,1,,
21,31.4,80.2,1008.7,318.3,3299,10,2,249,1,,
14,31.7,80.1,1008.6,328.7,4729,10,2,250,1,,
15,31.9,79.6,1009,287.9,3569,10,2,250,1,,
16,30.9,79.2,1008.8,300.3,3774,10,2,250,1,,
17,31.7,79.8,1008.7,357.5,4069,10,2,250,1,,
18,31.9,79.5,1008.5,242.9,3438,10,2,250,1,,
19,31.7,79.1,1008.9,341,4262,10,2,250,1,,
20,32.1,78.9,1008.8,276,3955,10,2,250,1,,
21,31.4,78.5,1008.5,317.5,3334,10,2,250,1,,
14,31.7,79.4,1008.7,333.3,4769,10,2,251,1,,
15,32,79.5,1008.7,291.3,3548,10,2,251,1,,
16,32.1,79.6,1008.7,293,3786,10,2,251,1,,
17,32,79.4,1008.7,354.8,4091,10,2,251,1,,
18,32.3,78.8,1008.6,236.5,3421,10,2,251,1,,
19,32.3,79,1009.1,339.2,4325,10,2,251,1,,
20,31.8,79.4,1008.7,278.8,3998,10,2,251,1,,
21,31.9,79,1008.8,316.2,3355,10,2,251,1,,
14,32,79.4,1008.7,332.9,4762,10,2,252,1,,
15,31.7,79.2,1008.7,292.5,3546,10,2,252,1,,
16,32.2,78.5,1008.7,289,3713,10,2,252,1,,
17,31.6,79.7,1008.7,355.2,4110,10,2,252,1,,
18,32.5,79.3,1009,236.4,3341,10,2,252,1,,
19,31.7,79.3,1008.6,342.1,4313,10,2,252,1,,
20,31.6,78.4,1008.5,275.5,4032,10,2,252,1,,
21,32.6,80.1,1008.8,316.8,3400,10,2,252,1,,
14,32.1,79.8,1008.9,335.2,4795,10,2,253,1,,
15,31.8,79.1,1008.8,291.1,3538,10,2,253,1,,
16,32.2,79.1,1009.1,291.1,3707,10,2,253,1,,
17,32.1,78.4,1009,355.7,4093,10,2,253,1,,
18,31.9,79.2,1009,235.8,3315,10,2,253,1,,
19,32,78.8,1009,339.7,4366,10,2,253,1,,
20,32.1,78.8,1008.8,279.1,4090,10,2,253,1,,
21,31.9,79.4,1008.6,315.4,3431,10,2,253,1,,
14,31.8,78.8,1009.1,340.2,4792,10,2,254,1,,
15,31.5,79.8,1008.8,297.4,3541,10,2,254,1,,
16,31.6,79.7,1009,291.6,3745,10,2,254,1,,
17,31.4,79.2,1008.5,360.5,4139,10,2,254,1,,
18,31.6,79.2,1008.9,235,3284,10,2,254,1,,
19,31.4,78.7,1009,337.4,4368,10,2,254,1,,
20,31.7,78.1,1008.9,281.3,4097,10,2,254,1,,
21,31.4,79.3,1008.5,321,3466,10,2,254,1,,
14,31.2,80.2,1008.9,339.1,4759,10,2,255,1,,
15,31.1,81.2,1008.9,299.9,3558,10,2,255,1,,
16,31.2,79.4,1008.8,291.8,3713,10,2,255,1,,
17,31.4,79.8,1008.8,362.4,4194,10,2,255,1,,
18,31.4,79.5,1008.7,233.1,3289,10,2,255,1,,
19,31.2,79.2,1008.8,340.7,4401,10,2,255,1,,
20,31.5,80.1,1008.5,278,4087,10,2,255,1,,
21,31.3,80.1,1008.9,324.7,3448,10,2,255,1,,
14,30.8,80.8,1008.9,339.6,4755,10,2,256,1,,
15,30.9,80.8,1008.5,300.6,3516,10,2,256,1,,
16,30.3,80.7,1008.7,290.8,3707,10,2,256,1,,
17,30.6,79.9,1009.1,356.7,4165,10,2,256,1,,
18,30.3,80.5,1009,232.9,3267,10,2,256,1,,
19,30.8,81.1,1008.5,339.3,4415,10,2,256,1,,
20,31.1,80.1,1008.9,278.3,4135,10,2,256,1,,
21,31,81,1009,317.5,3427,10,2,256,1,,
14,30.4,81.3,1008.6,338.6,4707,10,2,257,1,,
15,30.1,80.9,1008.8,301.1,3529,10,2,257,1,,
16,30.6,81.9,1008.5,288.8,3737,10,2,257,1,,
17,30.1,80.4,1008.9,358.9,4150,10,2,257,1,,
18,30,81.4,1008.8,236.9,3216,10,2,257,1,,
19,30.1,81.1,1008.5,332.6,4443,10,2,257,1,,
20,30.1,80.3,1008.8,284.2,4157,10,2,257,1,,
21,29.8,81.3,1008.3,311,3489,10,2,257,1,,
14,29.4,82.3,1008.7,342.7,4704,10,2,258,1,,
15,29.6,81.7,1008.6,303.4,3560,10,2,258,1,,
16,29.7,82,1008.4,286.3,3726,10,2,258,1,,
17,29.9,82.7,1008.6,357.1,4220,10,2,258,1,,
18,29.6,82.1,1008.6,237.5,3207,10,2,258,1,,
19,29.6,82.5,1008.6,330,4445,10,2,258,1,,
20,29.3,81.5,1008.5,289.6,4148,10,2,258,1,,
21,29.7,82.1,1008.7,311,3516,10,2,258,1,,
14,29,83.2,1009,342.6,4677,10,2,259,1,,
15,28.5,82,1008.4,306.1,3595,10,2,259,1,,
16,28.9,83.6,1008.4,282.7,3727,10,2,259,1,,
17,29.1,82.9,1008.9,357.7,4207,10,2,259,1,,
18,28.6,82.9,1008.7,236.8,3237,10,2,259,1,,
19,29.1,82.7,1008.7,326.5,4443,10,2,259,1,,
20,28.7,82.7,1008.5,293.7,4118,10,2,259,1,,
21,28.7,82.9,1008.6,307.4,3551,10,2,259,1,,
14,28.5,84.4,1008.4,344.6,4718,10,2,260,1,,
15,28,83.7,1008.9,306.9,3636,10,2,260,1,,
16,28.6,82.8,1008.8,281.7,3709,10,2,260,1,,
17,28.3,84,1008.1,356.4,4250,10,2,260,1,,
18,28.2,83.7,1008.2,243.1,3229,10,2,260,1,,
19,28.2,84.1,1008.5,331.3,4405,10,2,260,1,,
20,28.6,83.6,1008.7,297.8,4121,10,2,260,1,,
21,28.1,84,1008.5,311.9,3517,10,2,260,1,,
14,28,84.2,1008.3,343.9,4737,10,2,261,1,,
15,28,83.7,1008.4,306.6,3638,10,2,261,1,,
16,27.3,84.5,1008.4,281.8,3686,10,2,261,1,,
17,27.6,84.9,1008.7,355.9,4235,10,2,261,1,,
18,27.6,84,1008.2,239,3228,10,2,261,1,,
19,27.8,84.2,1008.5,328.3,4458,10,2,261,1,,
20,27.6,84.2,1008.4,292.3,4167,10,2,261,1,,
21,27.4,83.7,1008.4,316.1,3562,10,2,261,1,,
14,27.6,84.8,1008.3,345.1,4767,10,2,262,1,,
15,27.6,84.8,1007.8,302.2,3571,10,2,262,1,,
16,27.2,84.4,1008.3,279.3,3645,10,2,262,1,,
17,27.2,85.9,1008.7,355.9,4219,10,2,262,1,,
18,27.4,84.7,1008.3,238.3,3190,10,2,262,1,,
19,27.3,84.1,1008.3,326.9,4544,10,2,262,1,,
20,27.4,84,1007.9,284.7,4191,10,2,262,1,,
21,26.6,84.7,1007.7,318,3592,10,2,262,1,,
14,27.2,84.5,1008.3,347.4,4730,10,2,263,1,,
15,27.1,85,1008.3,298.8,3589,10,2,263,1,,
16,27.9,84.2,1008.3,273.5,3589,10,2,263,1,,
17,27.1,85,1008,355.8,4260,10,2,263,1,,
18,26.9,85,1008.2,238.7,3184,10,2,263,1,,
19,27.4,84.9,1008.3,329.3,4577,10,2,263,1,,
20,26.9,84.7,1008.4,282.5,4208,10,2,263,1,,
21,27.1,84.9,1008.3,315.2,3602,10,2,263,1,,
23,28.7,75.7,1008.1,351.2,4460,1,3,48,1,,
24,28.1,77.3,1008.6,412.9,2675,1,3,48,1,,
25,28.4,76.4,1008,377.8,3980,1,3,48,1,,
26,28.6,75.9,1008.3,403.6,4320,1,3,48,1,,
27,28.2,77.5,1007.8,364.7,3205,1,3,48,1,,
23,31,67.4,1005,345.8,4125,1,3,54,1,,
24,30.8,65.5,1005.8,397.4,2890,1,3,54,1,,
25,30.6,68.9,1004.3,370.6,4475,1,3,54,1,,
26,31.2,66.7,1005.5,383.2,3280,1,3,54,1,,
27,30.4,69.1,1004.8,356.7,3945,1,3,54,1,,
23,28.6,78.4,1008.7,402.8,4320,1,3,60,1,,
24,28.4,79.5,1007.5,376.1,3125,1,3,60,1,,
25,29.1,78.9,1008.2,437.4,4615,1,3,60,1,,
26,28.7,79.3,1007.9,411.6,3890,1,3,60,1,,
27,28.5,78.1,1008.4,385.9,4180,1,3,60,1,,
23,28.7,78.5,1009.2,403.1,4920,1,3,66,1,,
24,28.3,79.4,1007.8,348.6,2980,1,3,66,1,,
25,29.2,79,1008.6,439.5,4575,1,3,66,1,,
26,28.8,79.8,1008.3,415.2,4125,1,3,66,1,,
27,28.6,78.2,1008.7,382.4,3715,1,3,66,1,,
23,27.3,79,1009.5,368.2,4680,2,3,72,1,,
24,27.5,77.8,1008.6,245.8,2615,2,3,72,1,,
25,27.9,78.1,1009,403.6,4390,2,3,72,1,,
26,27.4,78.7,1008.3,379.4,3815,2,3,72,1,,
27,27.2,77.6,1009.8,334.7,3290,2,3,72,1,,
23,30.2,74.5,1005.1,433.9,4780,2,3,78,1,,
24,29.4,73.6,1006,298.4,2580,2,3,78,1,,
25,30.7,74.1,1004.7,395.6,4420,2,3,78,1,,
26,30.1,72.5,1005.5,412.3,3680,2,3,78,1,,
27,29.8,73.7,1005.9,368.7,3290,2,3,78,1,,
23,30.4,75.3,1004.6,461.8,4215,2,3,84,1,,
24,29,74.7,1005.9,328.4,4680,2,3,84,1,,
25,29.8,73.2,1005,418.7,3925,2,3,84,1,,
26,30,74.3,1004.4,372.5,4125,2,3,84,1,,
27,29.3,73.7,1005.7,405.3,3480,2,3,84,1,,
23,27.4,76.2,1007.7,345.9,3125,2,3,90,1,,
24,27.6,77.6,1006.5,268.4,4890,2,3,90,1,,
25,27.7,76.5,1007.2,376.3,4215,2,3,90,1,,
26,27.5,77,1006.9,358.7,3815,2,3,90,1,,
27,27.2,75.9,1007.8,312.6,4025,2,3,90,1,,
23,27.8,76.3,1007.6,302.7,3925,3,3,96,1,,
24,27.5,76.9,1006.7,258.9,3290,3,3,96,1,,
25,28,76.5,1007.4,345.6,4520,3,3,96,1,,
26,27.9,76.8,1007.2,318.2,3815,3,3,96,1,,
27,27.4,76.1,1007.8,285.4,4125,3,3,96,1,,
23,29.1,75.7,1008.2,265.7,4680,3,3,102,1,,
24,28.9,76.1,1007.6,238.4,3290,3,3,102,1,,
25,29.6,76.4,1007.8,318.5,4320,3,3,102,1,,
26,29.3,75.8,1007.7,275.8,3925,3,3,102,1,,
27,28.8,75.4,1008.1,252.6,4025,3,3,102,1,,
23,29.8,77.2,1007.6,242.9,4580,3,3,108,1,,
24,29.1,76.6,1007.2,215.7,3480,3,3,108,1,,
25,30.1,77.4,1007.4,298.6,4320,3,3,108,1,,
26,29.6,76.9,1007.3,268.4,4025,3,3,108,1,,
27,29.2,76.3,1007.8,238.5,4215,3,3,108,1,,
23,29.4,78.5,1007.3,225.4,4780,3,3,114,1,,
24,28.9,77.7,1006.8,195.6,3680,3,3,114,1,,
25,29.5,78.2,1007,285.7,4520,3,3,114,1,,
26,29.3,78.6,1006.7,252.9,4215,3,3,114,1,,
27,28.7,77.4,1007.4,232.8,4420,3,3,114,1,,
23,29,76.8,1006.7,212.8,4925,4,3,120,1,,
24,28.5,76.1,1006.2,182.5,3915,4,3,120,1,,
25,29.2,77,1006.6,272.8,4680,4,3,120,1,,
26,28.9,76.6,1006.5,238.5,4420,4,3,120,1,,
27,28.7,76.3,1006.8,218.7,4580,4,3,120,1,,
23,29.2,77.6,1007.3,198.6,5000,4,3,126,1,,
24,29,77.4,1006.8,169.8,4125,4,3,126,1,,
25,29.6,77.2,1007.2,258.9,4890,4,3,126,1,,
26,29.3,77.8,1006.9,225.4,4680,4,3,126,1,,
27,28.8,76.9,1007.4,205.8,4780,4,3,126,1,,
23,29.7,78.3,1006.9,185.9,5000,4,3,132,1,,
24,29.3,78.5,1006.5,156.4,4320,4,3,132,1,,
25,29.9,77.8,1006.7,245.7,5000,4,3,132,1,,
26,29.5,78.7,1006.4,212.8,4890,4,3,132,1,,
27,29.1,77.6,1007,192.5,4925,4,3,132,1,,
23,29.8,79,1006.5,172.8,5000,4,3,138,1,,
24,29.6,79.3,1006.1,143.6,4680,4,3,138,1,,
25,30.2,78.6,1006.3,232.5,5000,4,3,138,1,,
26,29.9,79.5,1006,198.7,5000,4,3,138,1,,
27,29.4,78.4,1006.6,179.6,5000,4,3,138,1,,
23,29.5,77.9,1005.9,159.8,5000,5,3,144,1,,
24,29.2,78.1,1005.5,130.5,4890,5,3,144,1,,
25,29.7,77.6,1005.7,218.6,5000,5,3,144,1,,
26,29.4,78.2,1005.4,185.9,5000,5,3,144,1,,
27,29,77.2,1006.1,166.5,5000,5,3,144,1,,
23,29.8,79,1006.2,225.3,4780,5,3,150,1,,
24,29.5,78.6,1005.9,165.9,4520,5,3,150,1,,
25,30,79.1,1006.5,245.8,4890,5,3,150,1,,
26,29.6,78.8,1006.1,208.6,4650,5,3,150,1,,
27,29.2,78.3,1005.8,178.4,4580,5,3,150,1,,
23,30,79.5,1005.9,348.2,3850,5,3,156,1,,
24,29.7,79.2,1005.7,312.8,3680,5,3,156,1,,
25,30.2,79.8,1006.1,365.4,3920,5,3,156,1,,
26,29.8,79.3,1005.8,328.6,3780,5,3,156,1,,
27,29.4,78.8,1005.5,302.5,3650,5,3,156,1,,
23,32,79.1,1008.8,347.2,3814,6,3,157,1,,
25,31.5,78.4,1008.4,361,3885,6,3,157,1,,
26,32,78.9,1008.6,327.3,3796,6,3,157,1,,
23,31.5,79.2,1008.8,345.1,3787,6,3,158,1,,
25,32.1,79.4,1008.7,356.2,3881,6,3,158,1,,
26,32,78.6,1008.7,326.4,3760,6,3,158,1,,
23,31.5,80.1,1008.7,346.3,3772,6,3,159,1,,
25,30.7,79.7,1009.2,357.8,3875,6,3,159,1,,
26,31.2,80,1008.9,326.1,3733,6,3,159,1,,
23,30.8,81,1008.6,342.4,3767,6,3,160,1,,
25,31,80.2,1008.6,362.4,3841,6,3,160,1,,
26,31.4,80.9,1008.9,328.6,3740,6,3,160,1,,
23,29.7,81.1,1008.7,334.7,3782,6,3,161,1,,
25,30,81.4,1008.5,363.9,3832,6,3,161,1,,
26,30.5,81.3,1008.7,330,3787,6,3,161,1,,
23,29.4,82.6,1008.7,336.5,3817,6,3,162,1,,
24,29.1,79.5,1005.2,328.9,3850,5,3,162,1,,
25,29.7,82.3,1008.6,368.6,3812,6,3,162,1,,
26,30,82.3,1008.8,331.6,3816,6,3,162,1,,
27,28.9,79.3,1005,318.6,3800,5,3,162,1,,
23,28.8,82.8,1008.3,339.9,3811,6,3,163,1,,
24,28.8,81.8,1008.6,329.6,3861,6,3,163,1,,
25,29.3,83.4,1008.9,368.6,3789,6,3,163,1,,
26,29.2,82.7,1008.8,332.1,3835,6,3,163,1,,
27,29.4,83.1,1008.5,322.4,3815,6,3,163,1,,
23,27.9,83.9,1008.1,338.2,3837,6,3,164,1,,
24,28.4,83.6,1008.6,326.2,3824,6,3,164,1,,
25,28.9,83.3,1008.3,367.6,3760,6,3,164,1,,
26,28.7,83.9,1008.7,330.4,3880,6,3,164,1,,
27,28.1,84.1,1008.5,317.7,3809,6,3,164,1,,
23,27.6,83.8,1008.3,331.9,3858,6,3,165,1,,
24,27.4,83.7,1008.8,323.2,3813,6,3,165,1,,
25,27.9,83.8,1008.4,370,3779,6,3,165,1,,
26,27.9,84.2,1008.6,337.7,3844,6,3,165,1,,
27,27.9,83.8,1008,321.8,3903,6,3,165,1,,
23,27.3,84.5,1008.3,331.6,3877,6,3,166,1,,
24,27.3,84.4,1008.7,317.5,3884,6,3,166,1,,
25,27.3,84.7,1008.4,368.3,3779,6,3,166,1,,
26,27.1,85.9,1008.4,337.7,3841,6,3,166,1,,
27,27.2,84.3,1008.1,319,3861,6,3,166,1,,
23,27.1,84.2,1008.4,332.7,3882,6,3,167,1,,
24,27.1,85.4,1008.3,319.4,3861,6,3,167,1,,
25,27.2,84.8,1008.4,365.3,3761,6,3,167,1,,
26,27.4,86.2,1008.2,336.9,3830,6,3,167,1,,
27,26.7,84.9,1008,314.2,3871,6,3,167,1,,
23,27.3,85,1008.5,336.6,3898,7,3,168,1,,
24,26.6,86.3,1008.6,315.7,3887,7,3,168,1,,
25,26.8,84.7,1008.5,367,3729,7,3,168,1,,
26,27.2,85.6,1008.6,338.7,3905,7,3,168,1,,
27,26.8,85.2,1008.2,313.3,3898,7,3,168,1,,
23,27,84.6,1008,337.6,3884,7,3,169,1,,
24,27.4,85.2,1008.2,321.3,3913,7,3,169,1,,
25,27.2,84.7,1008.1,362.1,3759,7,3,169,1,,
26,27.1,84,1008.1,342.4,3879,7,3,169,1,,
27,26.9,85.3,1008.1,310.5,3870,7,3,169,1,,
23,27.1,84.2,1008.4,338.4,3861,7,3,170,1,,
24,27.1,84.4,1008,320.4,3914,7,3,170,1,,
25,26.9,84.6,1008,364,3749,7,3,170,1,,
26,27.9,84.1,1008.3,336,3881,7,3,170,1,,
27,26.8,84,1007.8,307.2,3898,7,3,170,1,,
23,27.9,84,1008,335.9,3873,7,3,171,1,,
24,28,84.5,1008.3,321,3950,7,3,171,1,,
25,27.7,84.1,1008.3,363.5,3748,7,3,171,1,,
26,27.9,84.1,1008.4,331.4,3860,7,3,171,1,,
27,27.7,83.9,1008.1,306.6,3903,7,3,171,1,,
23,28.5,83.3,1008.3,340.3,3835,7,3,172,1,,
24,28.2,82.3,1008.7,317.7,3976,7,3,172,1,,
25,28.1,82.7,1008,365.2,3739,7,3,172,1,,
26,28.2,83.9,1008.3,337.3,3835,7,3,172,1,,
23,29,83.2,1008.3,343.7,3900,7,3,173,1,,
24,28.8,83.5,1008.1,315,3966,7,3,173,1,,
25,28.7,82.1,1007.9,362.7,3766,7,3,173,1,,
26,28.4,83.7,1008,338.9,3805,7,3,173,1,,
23,29.6,81.9,1008.5,345.9,3823,7,3,174,1,,
24,29.7,82.1,1008.5,314.9,3999,7,3,174,1,,
25,29.3,82.2,1008.2,364.1,3756,7,3,174,1,,
26,28.9,81.8,1008.5,334.7,3822,7,3,174,1,,
23,30.1,81,1008.5,344.9,3820,7,3,175,1,,
24,30.5,81.4,1008.5,317.8,4024,7,3,175,1,,
25,29.8,81.1,1008.8,369,3771,7,3,175,1,,
26,30.4,80.6,1008.4,338.9,3841,7,3,175,1,,
23,30.5,80.9,1008.8,342,3777,7,3,176,1,,
24,30.8,80.8,1008.2,312.2,4048,7,3,176,1,,
25,30.7,80.7,1008.6,368.4,3784,7,3,176,1,,
26,30.7,80.7,1008.4,341.7,3874,7,3,176,1,,
23,31.3,79.9,1008.8,338,3760,7,3,177,1,,
24,31.6,80.1,1008.7,314.4,4046,7,3,177,1,,
25,31.3,79.7,1008.3,366.6,3809,7,3,177,1,,
26,31.3,80,1008.4,337.2,3862,7,3,177,1,,
23,31,80.1,1008.7,336.2,3719,7,3,178,1,,
24,31.8,80,1008.7,315.3,4053,7,3,178,1,,
25,31.7,79.6,1008.6,362.9,3802,7,3,178,1,,
26,31.6,79.9,1008.8,337.2,3898,7,3,178,1,,
23,31.5,79.3,1008.5,336.2,3779,7,3,179,1,,
24,32.1,79.6,1008.6,316.6,4051,7,3,179,1,,
25,31.6,78.6,1009,361.2,3780,7,3,179,1,,
26,31.6,79.6,1008.6,340.4,3897,7,3,179,1,,
23,31.9,78.5,1008.8,332.2,3830,7,3,180,1,,
24,32.1,79.4,1008.5,312.8,4037,7,3,180,1,,
25,32.5,79.4,1008.7,362,3773,7,3,180,1,,
26,31.4,79.4,1008.9,338.5,3885,7,3,180,1,,
23,32.3,79,1008.6,330.5,3820,7,3,181,1,,
24,31.7,79,1009.1,315.8,4024,7,3,181,1,,
25,31.7,79.3,1008.7,361.8,3804,7,3,181,1,,
26,31.9,78.1,1008.3,341.9,3860,7,3,181,1,,
23,31.8,79.9,1008.6,333.2,3838,7,3,182,1,,
24,31.9,79.4,1008.9,312.3,3990,7,3,182,1,,
25,31.9,79.1,1008.9,357.9,3818,7,3,182,1,,
26,32.2,80.1,1009.1,339.4,3812,7,3,182,1,,
23,31.1,79.3,1008.8,329.7,3868,7,3,183,1,,
24,31.5,79.9,1008.9,316.5,3988,7,3,183,1,,
25,31.3,80.1,1008.7,363.7,3791,7,3,183,1,,
26,30.9,79.7,1008.3,337.5,3805,7,3,183,1,,
22,30.6,80,1009.1,294.8,3757,7,3,184,1,,
23,30.4,80.8,1008.7,327.6,3863,7,3,184,1,,
24,30.7,81.4,1008.8,313.6,4015,7,3,184,1,,
25,31,80,1008.9,365,3793,7,3,184,1,,
26,30.4,80,1008.7,338,3778,7,3,184,1,,
22,29.6,82,1008.8,294.7,3803,7,3,185,1,,
23,30.5,80.6,1008.6,325,3861,7,3,185,1,,
24,30.1,80.8,1008.7,315.5,3985,7,3,185,1,,
25,30,81.3,1008.8,369.9,3767,7,3,185,1,,
26,30.2,81.3,1008.7,335.6,3738,7,3,185,1,,
22,29.5,82.1,1008.7,295.9,3790,7,3,186,1,,
23,29.3,81.1,1008.4,329.6,3868,7,3,186,1,,
24,29.1,82,1008.4,311.2,3990,7,3,186,1,,
25,29.3,82.1,1008.6,369.1,3800,7,3,186,1,,
26,30,82.3,1008.9,334.8,3732,7,3,186,1,,
22,28.8,83.2,1008.6,295.1,3749,7,3,187,1,,
23,29.5,82.1,1008.6,330.9,3869,7,3,187,1,,
24,29.2,83.2,1008.6,314.5,4048,7,3,187,1,,
25,28.8,83.3,1008.2,364.6,3813,7,3,187,1,,
26,28.8,83,1008.2,335.9,3713,7,3,187,1,,
22,28.7,83.2,1008.7,295.2,3712,7,3,188,1,,
23,27.9,83.3,1008,330.5,3825,7,3,188,1,,
24,28.4,83.3,1008.8,318.5,4060,7,3,188,1,,
25,27.6,83.1,1009,363.2,3833,7,3,188,1,,
26,28.1,84,1008.2,335.6,3726,7,3,188,1,,
22,28.1,84.2,1008.7,294.1,3735,7,3,189,1,,
23,27.9,83.8,1008.3,330.7,3832,7,3,189,1,,
24,28.1,83.7,1008,315.1,4071,7,3,189,1,,
25,27.2,84.5,1008.3,363.5,3849,7,3,189,1,,
26,27.6,84.1,1008.4,337.8,3720,7,3,189,1,,
22,26.8,84.3,1008.1,292.5,3751,7,3,190,1,,
23,27.6,84.5,1008.3,326.2,3875,7,3,190,1,,
24,27.3,85.1,1008.1,310.1,4099,7,3,190,1,,
25,27.2,84.8,1008.1,363.1,3864,7,3,190,1,,
26,27,84.3,1008.3,334.8,3726,7,3,190,1,,
22,26.9,85.3,1008.1,294.7,3792,7,3,191,1,,
23,26.8,85.3,1008.4,327,3867,7,3,191,1,,
24,26.7,84.8,1008.3,307.6,4122,7,3,191,1,,
25,26.9,84.4,1008.2,365.9,3892,7,3,191,1,,
26,27.1,84.9,1008.1,334.7,3764,7,3,191,1,,
22,27.3,84.8,1007.8,296,3790,8,3,192,1,,
23,26.9,85,1007.9,326.6,3910,8,3,192,1,,
24,26.4,85.9,1008.2,306.6,4208,8,3,192,1,,
25,27.2,85.8,1008.2,365.9,3833,8,3,192,1,,
26,27.1,85.5,1008.3,332.3,3789,8,3,192,1,,
22,26.9,84.3,1008.5,298.7,3781,8,3,193,1,,
23,27,84.9,1008,326.8,3886,8,3,193,1,,
24,26.8,84.2,1008,307.2,4225,8,3,193,1,,
25,26.8,85.2,1008.4,361.6,3830,8,3,193,1,,
26,26.7,84.6,1008.2,333.7,3827,8,3,193,1,,
22,26.8,84.5,1008.3,301,3779,8,3,194,1,,
23,27.6,85.2,1008.5,322.1,3907,8,3,194,1,,
24,27.8,84.9,1008.2,312.9,4207,8,3,194,1,,
25,28,84.6,1008.5,362.2,3847,8,3,194,1,,
26,27.6,85,1008.4,336.2,3792,8,3,194,1,,
22,28,84.1,1008.1,302.7,3746,8,3,195,1,,
23,27.9,83.9,1008.4,323,3947,8,3,195,1,,
24,27.8,84.4,1008.1,314.7,4199,8,3,195,1,,
25,27.5,83.3,1008.4,362.6,3849,8,3,195,1,,
26,28.4,84.7,1008.2,336.8,3753,8,3,195,1,,
22,27.8,83.4,1008.2,299.6,3795,8,3,196,1,,
23,27.9,83.1,1008.3,326.1,3959,8,3,196,1,,
24,28.6,83.5,1008.4,314.2,4211,8,3,196,1,,
25,27.9,83.3,1008.1,360.6,3856,8,3,196,1,,
26,28.2,83.3,1008.2,338.7,3755,8,3,196,1,,
22,28.7,84,1008.2,304,3826,8,3,197,1,,
23,28.6,83.7,1008.2,323,3935,8,3,197,1,,
24,28.9,82.7,1008.5,315.8,4208,8,3,197,1,,
25,29.1,82.9,1008.3,360.5,3852,8,3,197,1,,
26,28.5,82.2,1007.9,340.9,3748,8,3,197,1,,
22,29.9,81.6,1008.2,305.1,3805,8,3,198,1,,
23,29.1,80.9,1008.3,318,3944,8,3,198,1,,
24,29.2,81.9,1008.2,313.4,4241,8,3,198,1,,
25,29.3,82,1008.5,359.7,3824,8,3,198,1,,
26,29.7,83.6,1008.2,341.3,3791,8,3,198,1,,
22,30.1,80.4,1008.5,300.1,3778,8,3,199,1,,
23,30,81.5,1008.9,318,3883,8,3,199,1,,
24,30.3,81.2,1008.4,311.6,4272,8,3,199,1,,
25,30.2,80.3,1007.9,352.2,3864,8,3,199,1,,
26,30.3,81.8,1008.4,340.9,3771,8,3,199,1,,
22,31.1,81.1,1008.6,300.4,3764,8,3,200,1,,
23,31,80.5,1008.4,316.5,3883,8,3,200,1,,
24,31,81,1008.7,311.3,4256,8,3,200,1,,
25,30.7,80.6,1008.6,352.7,3846,8,3,200,1,,
26,30.9,80.1,1008.4,334.9,3766,8,3,200,1,,
22,31,79.7,1008.3,300.7,3768,8,3,201,1,,
23,31.6,80.2,1008.3,319.9,3896,8,3,201,1,,
24,31.2,79.9,1008.4,315.6,4310,8,3,201,1,,
25,31.3,79.6,1008.6,354.5,3841,8,3,201,1,,
26,31.7,80.8,1008.5,330.2,3776,8,3,201,1,,
22,31.4,80.2,1008.8,302.3,3755,8,3,202,1,,
23,31.2,80.5,1008.7,315.8,3847,8,3,202,1,,
24,31.6,79.9,1008.8,313.6,4327,8,3,202,1,,
25,31.5,79.2,1008.2,354.9,3805,8,3,202,1,,
26,31.5,79.1,1008.9,330.1,3788,8,3,202,1,,
22,31.9,79.4,1008.7,306.6,3750,8,3,203,1,,
23,31.6,79.8,1008.6,312,3859,8,3,203,1,,
24,31.7,78.7,1008.8,314.5,4413,8,3,203,1,,
25,32.1,79.1,1008.7,356.6,3777,8,3,203,1,,
26,32.2,79.1,1008.7,327,3822,8,3,203,1,,
22,31.8,79.3,1008.5,308.9,3713,8,3,204,1,,
23,32.2,79.5,1009.1,315.7,3890,8,3,204,1,,
24,32,78.7,1008.9,313.9,4399,8,3,204,1,,
25,32.1,79.1,1008.7,353.3,3795,8,3,204,1,,
26,32.3,78.8,1008.7,330.7,3788,8,3,204,1,,
22,31.8,79.2,1008.7,309.1,3728,8,3,205,1,,
23,31.7,79.4,1009,320.9,3894,8,3,205,1,,
24,31.7,79.7,1008.8,311.6,4418,8,3,205,1,,
25,32.1,79.2,1008.6,351.3,3794,8,3,205,1,,
26,32.1,78.8,1009.1,330.4,3825,8,3,205,1,,
22,31.6,79.5,1008.6,305.9,3708,8,3,206,1,,
23,31.5,79,1009,318.5,3897,8,3,206,1,,
24,32,78.9,1008.7,314.6,4468,8,3,206,1,,
25,31.9,78.6,1008.7,349.6,3792,8,3,206,1,,
26,31.4,78.8,1008.8,330.6,3809,8,3,206,1,,
22,30.7,80.4,1008.8,302,3753,8,3,207,1,,
23,31,79.8,1008.9,319,3918,8,3,207,1,,
24,30.9,80,1008.8,314.6,4523,8,3,207,1,,
25,30.9,79.8,1008.7,346,3788,8,3,207,1,,
26,31.5,79.8,1008.4,331.8,3782,8,3,207,1,,
22,30.5,80.6,1008.6,295.5,3714,8,3,208,1,,
23,30.3,80.4,1008.7,315.7,3894,8,3,208,1,,
24,31.7,80.9,1008.7,319.4,4513,8,3,208,1,,
25,30.6,80.7,1008.6,345.8,3764,8,3,208,1,,
26,30.6,81.3,1009.1,329.5,3799,8,3,208,1,,
22,30,81.7,1008.8,295.4,3656,8,3,209,1,,
23,29.9,81.4,1008.8,318,3903,8,3,209,1,,
24,30.2,80.8,1008.9,319.3,4511,8,3,209,1,,
25,30,81.4,1008.8,344.1,3757,8,3,209,1,,
26,30,81.1,1008.6,323.9,3802,8,3,209,1,,
22,29.9,82.1,1008.6,298.4,3695,8,3,210,1,,
23,29.5,82,1008.8,311.3,3901,8,3,210,1,,
24,29.4,82.8,1008.9,316.7,4495,8,3,210,1,,
25,29.1,82.7,1008.8,345.6,3709,8,3,210,1,,
26,29.6,81.7,1008.9,322,3782,8,3,210,1,,
22,29.2,82.7,1008.4,300.8,3656,8,3,211,1,,
23,29.1,82.8,1008.4,307.7,3929,8,3,211,1,,
24,28.6,82.7,1008.2,320.2,4469,8,3,211,1,,
25,28.9,82.3,1008.8,339.7,3758,8,3,211,1,,
26,28.3,83.2,1008.8,318.6,3749,8,3,211,1,,
22,28.8,83.5,1008.3,296.7,3619,8,3,212,1,,
23,28.1,82.4,1008.2,306.9,3907,8,3,212,1,,
24,27.9,83.3,1008.2,321.6,4445,8,3,212,1,,
25,28.9,84.2,1008.4,337.5,3703,8,3,212,1,,
26,28.4,83.8,1008.3,314.3,3706,8,3,212,1,,
22,27.8,84.1,1008.2,295.1,3580,8,3,213,1,,
23,27.5,84.1,1008.5,306.6,3907,8,3,213,1,,
24,27.9,84.6,1008.3,318.9,4426,8,3,213,1,,
25,27.8,84.6,1008.5,339.1,3751,8,3,213,1,,
26,27.7,83.8,1008.5,312.7,3723,8,3,213,1,,
22,27.5,84.6,1008.3,290.8,3573,8,3,214,1,,
23,27.5,83.7,1008.4,306,3905,8,3,214,1,,
24,27,84.4,1008.4,314.2,4412,8,3,214,1,,
25,27.3,84.9,1008.4,338.3,3781,8,3,214,1,,
26,27.5,84.7,1008.4,312.9,3722,8,3,214,1,,
22,27,85.1,1008.3,292.7,3560,8,3,215,1,,
23,26.9,84.8,1008.4,310.5,3854,8,3,215,1,,
24,27.1,84.9,1007.8,315.6,4454,8,3,215,1,,
25,27.7,85.2,1008.3,334.2,3787,8,3,215,1,,
26,27.2,85.3,1008.4,311.7,3740,8,3,215,1,,
22,26.4,85.5,1008.1,288.9,3560,9,3,216,1,,
23,27.2,85.6,1008,309.6,3861,9,3,216,1,,
24,26.8,84.1,1008.1,312.7,4495,9,3,216,1,,
25,26.8,84.6,1008.5,335.4,3818,9,3,216,1,,
26,27.1,85,1008.4,309.9,3728,9,3,216,1,,
22,26.8,85.3,1008.2,285,3543,9,3,217,1,,
23,27.7,86,1008,308.3,3866,9,3,217,1,,
24,27.1,84.3,1008,315,4506,9,3,217,1,,
25,26.4,85.1,1008.4,340,3774,9,3,217,1,,
26,27.3,84.7,1008.7,311,3728,9,3,217,1,,
22,27.6,85,1008.1,285.6,3514,9,3,218,1,,
23,27.5,84.7,1008,305,3819,9,3,218,1,,
24,27.2,85.5,1008.6,315.4,4510,9,3,218,1,,
25,27.7,85.4,1007.8,341,3793,9,3,218,1,,
26,27.6,84.4,1008.4,313.2,3765,9,3,218,1,,
22,27.7,83.9,1008.4,286.5,3495,9,3,219,1,,
23,27.1,83.3,1008.4,306.8,3834,9,3,219,1,,
24,27.4,84.4,1008.5,315.3,4497,9,3,219,1,,
25,27.6,83.9,1008.3,338.7,3787,9,3,219,1,,
26,27.6,83.5,1008.1,311.9,3815,9,3,219,1,,
22,28.1,83.5,1008.2,285.2,3487,9,3,220,1,,
23,28.2,83.5,1008.2,301.7,3853,9,3,220,1,,
24,27.8,82.8,1008.3,319.1,4490,9,3,220,1,,
25,28.5,84.4,1008.3,338.6,3772,9,3,220,1,,
26,28.9,83.7,1008.2,310.3,3839,9,3,220,1,,
22,29.3,82.6,1008.3,292,3463,9,3,221,1,,
23,29.1,82.2,1008.1,302.4,3862,9,3,221,1,,
24,28.7,83.1,1008.2,319.4,4496,9,3,221,1,,
25,28.5,83.3,1008.3,341.6,3762,9,3,221,1,,
26,29.5,83.7,1008.5,313.1,3864,9,3,221,1,,
22,29.6,82.1,1008.3,291.6,3438,9,3,222,1,,
23,29.7,82.7,1008.1,301.8,3831,9,3,222,1,,
24,29.4,82,1008.7,320.6,4534,9,3,222,1,,
25,29.3,82.2,1008.3,337.5,3817,9,3,222,1,,
26,29.5,81.6,1008.3,313.9,3820,9,3,222,1,,
22,30.3,80.3,1008.8,296.3,3430,9,3,223,1,,
23,29.9,81,1008.7,304.7,3828,9,3,223,1,,
24,29.9,81.8,1008.6,315.6,4555,9,3,223,1,,
25,30,81.7,1008.6,333.3,3787,9,3,223,1,,
26,30.1,80.8,1008.6,311.7,3829,9,3,223,1,,
22,31.1,80.4,1008.5,293.8,3457,9,3,224,1,,
23,30.1,80.7,1008.6,301.6,3852,9,3,224,1,,
24,30.6,79.7,1008.5,316.7,4565,9,3,224,1,,
25,30.7,80.1,1008.8,332.2,3814,9,3,224,1,,
26,30.5,81.3,1008.2,312.6,3790,9,3,224,1,,
22,31.1,80.3,1008.6,293.3,3414,9,3,225,1,,
23,31,80.3,1008.6,296.8,3840,9,3,225,1,,
24,31.2,79.7,1009.1,312.6,4596,9,3,225,1,,
25,31.4,80,1008.6,335.5,3790,9,3,225,1,,
26,31.1,80,1008.6,312.8,3794,9,3,225,1,,
22,31.7,78.8,1008.7,298.6,3374,9,3,226,1,,
23,31.7,79.6,1008.9,300,3832,9,3,226,1,,
24,31.7,79,1008.6,307.9,4584,9,3,226,1,,
25,32.2,78.8,1008.8,330.8,3781,9,3,226,1,,
26,31.5,79.3,1008.7,312.9,3792,9,3,226,1,,
22,31.9,78.8,1008.5,295.8,3420,9,3,227,1,,
23,32.1,79.9,1008.5,297.8,3782,9,3,227,1,,
24,31.9,78.3,1008.8,304.5,4545,9,3,227,1,,
25,31.9,78.9,1008.7,326.2,3751,9,3,227,1,,
26,32.1,79.1,1008.8,311.2,3760,9,3,227,1,,
22,32.5,78.5,1008.8,292.5,3401,9,3,228,1,,
23,31.8,79.1,1008.3,298.7,3766,9,3,228,1,,
24,31.7,80.1,1008.4,305.2,4528,9,3,228,1,,
25,32.1,79,1008.6,329.7,3715,9,3,228,1,,
26,32,79.6,1008.8,308.3,3784,9,3,228,1,,
22,31.3,80.2,1009,290.1,3411,9,3,229,1,,
23,32.4,79,1008.3,297.7,3801,9,3,229,1,,
24,31.8,79.4,1008.9,302.7,4492,9,3,229,1,,
25,32,78.3,1008.3,328.3,3750,9,3,229,1,,
26,32.2,78.8,1008.7,306.4,3791,9,3,229,1,,
22,31.5,79.9,1008.7,289,3393,9,3,230,1,,
23,31.6,80,1008.9,297.6,3817,9,3,230,1,,
24,31.9,79.7,1008.7,303.5,4484,9,3,230,1,,
25,31.7,78.9,1009.1,322.5,3719,9,3,230,1,,
26,32,79.6,1008.9,306.7,3768,9,3,230,1,,
22,31.4,81,1008.7,287.7,3394,9,3,231,1,,
23,30.7,79.9,1008.8,300.5,3871,9,3,231,1,,
24,31,79.9,1008.9,303.8,4504,9,3,231,1,,
25,31.5,80.2,1009.1,320.1,3747,9,3,231,1,,
26,31.6,80.4,1008.7,303.4,3757,9,3,231,1,,
22,30.8,80.4,1008.7,287.4,3344,9,3,232,1,,
23,31,80.1,1008.9,301.3,3869,9,3,232,1,,
24,30.5,81.3,1008.7,303,4469,9,3,232,1,,
25,31.2,80.4,1008.7,316,3746,9,3,232,1,,
26,31,80,1008.4,306.1,3697,9,3,232,1,,
22,30,80.2,1008.6,284.1,3364,9,3,233,1,,
23,29.8,81.9,1008.9,296.8,3909,9,3,233,1,,
24,30.1,81.5,1008.9,307.1,4490,9,3,233,1,,
25,30.3,82.3,1008.7,315.2,3789,9,3,233,1,,
26,29.8,81.6,1008.7,299.5,3696,9,3,233,1,,
22,29.3,81.8,1008.2,286.7,3333,9,3,234,1,,
23,29.4,82.6,1008.4,290.3,3906,9,3,234,1,,
24,29.6,81.8,1008.5,309.5,4524,9,3,234,1,,
25,29.9,82,1008.3,308.5,3772,9,3,234,1,,
26,29.5,83,1008.7,293.7,3703,9,3,234,1,,
22,28.6,82.4,1008.4,288,3313,9,3,235,1,,
23,28.8,83.2,1008.4,286,3912,9,3,235,1,,
24,28.6,82.4,1008.4,310.6,4526,9,3,235,1,,
25,28.8,82.3,1008.4,300.6,3762,9,3,235,1,,
26,28.9,83.1,1009.1,291.5,3683,9,3,235,1,,
22,28.3,83,1008.5,285.4,3375,9,3,236,1,,
23,27.8,83.2,1008.6,282.7,3919,9,3,236,1,,
24,28.9,83.6,1008.5,318.7,4542,9,3,236,1,,
25,28.4,82.9,1008.6,299.7,3739,9,3,236,1,,
26,28.4,84.4,1008.6,290,3712,9,3,236,1,,
22,27.7,83,1008.3,285.8,3361,9,3,237,1,,
23,28.1,84,1008.6,285.2,3883,9,3,237,1,,
24,27.8,84.2,1008.6,316.4,4534,9,3,237,1,,
25,27.3,83.7,1008.4,296.6,3778,9,3,237,1,,
26,28.3,83.7,1008.2,289.6,3720,9,3,237,1,,
22,27.6,85.1,1008.2,286.6,3415,9,3,238,1,,
23,27.6,84.5,1008.2,282.2,3873,9,3,238,1,,
24,27.5,84.3,1008.4,314.6,4548,9,3,238,1,,
25,27,85.1,1008.2,294.6,3798,9,3,238,1,,
26,27.8,84.4,1008.4,293.8,3727,9,3,238,1,,
22,26.9,84.2,1008.2,283.4,3444,9,3,239,1,,
23,27.7,85.5,1008.7,280.8,3875,9,3,239,1,,
24,27.3,84.1,1008.2,312.3,4543,9,3,239,1,,
25,26.9,85.2,1008.4,295.5,3797,9,3,239,1,,
26,27,85.2,1008.2,294.3,3721,9,3,239,1,,
22,27.2,85.3,1008.1,282.3,3473,10,3,240,1,,
23,27.2,85.1,1008.2,284.7,3823,10,3,240,1,,
24,26.2,84.9,1008.5,307.4,4551,10,3,240,1,,
25,27.2,84.3,1008.2,301.6,3804,10,3,240,1,,
26,27,84.8,1008.1,296.8,3726,10,3,240,1,,
22,27.4,85.2,1008.2,281,3422,10,3,241,1,,
23,27,85.3,1008,279.7,3806,10,3,241,1,,
24,27.3,86,1008.1,305,4521,10,3,241,1,,
25,27.8,84.2,1008.4,293.5,3804,10,3,241,1,,
26,27.5,83.8,1008.1,294,3718,10,3,241,1,,
22,27.7,84.4,1008.5,281.1,3484,10,3,242,1,,
23,27.6,84.2,1008.1,280.6,3788,10,3,242,1,,
24,27.7,84.2,1008.1,298.9,4553,10,3,242,1,,
25,27.5,85,1008,296.2,3788,10,3,242,1,,
26,27,83.8,1008.3,291.7,3734,10,3,242,1,,
22,27.9,83.4,1008.1,280.1,3460,10,3,243,1,,
23,27.6,83.8,1008.1,276.7,3779,10,3,243,1,,
24,28.1,84.5,1007.9,300.2,4508,10,3,243,1,,
25,27.7,83.9,1008,300.4,3790,10,3,243,1,,
26,27.4,83.3,1008.3,293.1,3715,10,3,243,1,,
22,28.1,82.8,1008.2,280.4,3432,10,3,244,1,,
23,28.6,84.3,1008.5,276.8,3828,10,3,244,1,,
24,28.3,83.6,1008.3,301.2,4513,10,3,244,1,,
25,28.6,84,1008,303.6,3805,10,3,244,1,,
26,27.9,84.1,1008.2,289.6,3670,10,3,244,1,,
22,29.4,82.8,1008.1,275,3435,10,3,245,1,,
23,29.5,82.9,1008.1,280.4,3791,10,3,245,1,,
24,28.3,83,1008.3,298,4471,10,3,245,1,,
25,28.5,83,1008.1,308,3830,10,3,245,1,,
26,28.6,82.6,1008.4,289,3666,10,3,245,1,,
22,29.4,82.4,1008.3,271,3487,10,3,246,1,,
23,29.2,81,1008.5,273.1,3820,10,3,246,1,,
24,30,82.6,1008.5,295.4,4400,10,3,246,1,,
25,29.5,82.6,1008,305.2,3823,10,3,246,1,,
26,29.2,82.7,1008.5,291.2,3663,10,3,246,1,,
22,30.3,81.1,1008.5,271.9,3446,10,3,247,1,,
23,30.7,82.1,1008.2,267.1,3800,10,3,247,1,,
24,30.4,81.4,1008.3,298.3,4431,10,3,247,1,,
25,30.8,80.7,1008.1,300.4,3850,10,3,247,1,,
26,30.3,79.9,1008.5,296.5,3646,10,3,247,1,,
22,30.8,80.3,1008.6,269.2,3430,10,3,248,1,,
23,31,81.1,1008.6,268.4,3869,10,3,248,1,,
24,30.8,80.5,1008.5,299.8,4410,10,3,248,1,,
25,30.6,80.4,1008.7,299.5,3857,10,3,248,1,,
26,30.5,80.4,1008.3,293.2,3653,10,3,248,1,,
22,31.8,80.5,1007.9,272.2,3429,10,3,249,1,,
23,31.1,79.5,1008.3,269.3,3863,10,3,249,1,,
24,31.4,79.4,1008.8,300.8,4394,10,3,249,1,,
25,31.4,79.7,1008.5,299.8,3883,10,3,249,1,,
26,31.5,80,1008.3,290.6,3662,10,3,249,1,,
22,31.5,78.9,1008.5,269.7,3397,10,3,250,1,,
23,31.9,79.2,1008.8,267.8,3857,10,3,250,1,,
24,31.7,79,1009,305.2,4420,10,3,250,1,,
25,31.4,77.9,1008.8,302.1,3890,10,3,250,1,,
26,31.9,79.3,1008.5,292.5,3716,10,3,250,1,,
22,31.5,78.6,1008.8,269.4,3416,10,3,251,1,,
23,31.9,78.3,1008.7,269.1,3827,10,3,251,1,,
24,32.4,79.2,1008.9,308.3,4425,10,3,251,1,,
25,32,78.8,1008.8,304.2,3892,10,3,251,1,,
26,32.3,80.1,1008.6,295,3755,10,3,251,1,,
22,32,78.3,1008.9,265.9,3437,10,3,252,1,,
23,32.6,79,1008.6,266.8,3867,10,3,252,1,,
24,32,79.5,1008.9,305.5,4365,10,3,252,1,,
25,32.7,78.2,1008.8,300.2,3918,10,3,252,1,,
26,31.9,78.6,1008.6,294.2,3709,10,3,252,1,,
22,31.6,78.8,1008.7,267.4,3444,10,3,253,1,,
23,31.7,79.3,1009,268.1,3849,10,3,253,1,,
24,31.9,78.1,1008.6,302.3,4353,10,3,253,1,,
25,31.4,78.4,1008.7,300.5,3901,10,3,253,1,,
26,32.4,78.5,1008.9,286.9,3770,10,3,253,1,,
22,31.7,80.3,1008.4,263.8,3413,10,3,254,1,,
23,31.9,79.5,1008.5,271.4,3830,10,3,254,1,,
24,31.9,79.9,1008.9,303.7,4378,10,3,254,1,,
25,31.5,79.3,1008.8,304.5,3922,10,3,254,1,,
26,32,78.6,1008.9,285.7,3774,10,3,254,1,,
22,30.7,79.5,1008.9,261.6,3405,10,3,255,1,,
23,31.2,80,1008.7,273.4,3796,10,3,255,1,,
24,30.5,79.9,1008.4,304.7,4320,10,3,255,1,,
25,31.2,80.9,1008.9,301.2,3930,10,3,255,1,,
26,31.5,79.5,1008.8,279.8,3776,10,3,255,1,,
22,30.2,80.1,1008.7,263.1,3356,10,3,256,1,,
23,30.6,81.1,1008.8,269.8,3797,10,3,256,1,,
24,30.7,80.8,1008.5,307.1,4340,10,3,256,1,,
25,30.9,80.2,1008.5,301,3919,10,3,256,1,,
26,30.1,81.2,1008.5,280.1,3801,10,3,256,1,,
22,30,81.8,1008.6,256.2,3397,10,3,257,1,,
23,30.3,80.4,1009,274.8,3800,10,3,257,1,,
24,30.3,81.6,1008.6,307,4345,10,3,257,1,,
25,30.6,81.6,1008.6,301.8,3957,10,3,257,1,,
26,30.7,82.1,1009,279.6,3834,10,3,257,1,,
22,29.7,82.4,1008.3,260.3,3375,10,3,258,1,,
23,29.4,82,1008.8,275.8,3806,10,3,258,1,,
24,29.5,81.7,1008.4,305.4,4339,10,3,258,1,,
25,29.1,81.5,1008.6,301.4,3956,10,3,258,1,,
26,29.6,82.2,1008.5,284.3,3809,10,3,258,1,,
22,28.7,82.4,1008.8,259.3,3391,10,3,259,1,,
23,29.3,83.3,1008.4,278.2,3839,10,3,259,1,,
24,28.6,83.2,1008.3,304.4,4379,10,3,259,1,,
25,28.8,82.6,1008.7,304.3,3942,10,3,259,1,,
26,28.5,83,1008.2,284.1,3858,10,3,259,1,,
22,28.3,83.5,1008.3,264.2,3349,10,3,260,1,,
23,28.3,83.8,1008.4,274.2,3895,10,3,260,1,,
24,28.5,84.1,1008.4,306.2,4352,10,3,260,1,,
25,29,84.5,1008.8,305.7,4003,10,3,260,1,,
26,28.4,83.5,1008.3,279.1,3883,10,3,260,1,,
22,27.9,84.3,1008.7,267.9,3347,10,3,261,1,,
23,27.3,85,1008.4,277.6,3895,10,3,261,1,,
24,27.6,84,1008.3,304.6,4342,10,3,261,1,,
25,27.6,83.7,1008.3,302.3,4007,10,3,261,1,,
26,27.7,84.4,1008,280.8,3943,10,3,261,1,,
22,27.5,85.5,1008.3,264.3,3337,10,3,262,1,,
23,27.6,84.8,1008.2,277.6,3889,10,3,262,1,,
24,27,85,1008.3,304.6,4352,10,3,262,1,,
25,27.4,84.7,1008.3,302.2,4059,10,3,262,1,,
26,27.7,84.7,1008.1,280.6,3947,10,3,262,1,,
22,26.7,85.1,1008.5,263.4,3290,10,3,263,1,,
23,27.3,85,1008.3,274.2,3850,10,3,263,1,,
24,27.1,84.9,1008.2,308.4,4380,10,3,263,1,,
25,27.3,85.4,1008.3,296.9,4005,10,3,263,1,,
26,26.9,84.7,1008.7,277.2,3933,10,3,263,1,,
28,28.5,76.6,1008.5,421.3,4750,1,4,48,1,,
29,28.3,76,1008.2,385.9,3845,1,4,48,1,,
30,27.1,74,1007.8,373.4,4954,1,4,48,1,,
31,35.9,75.9,1008.8,433.1,3078,2,4,48,1,,
28,31.1,67.9,1005.2,391.8,4680,1,4,54,1,,
29,30.7,68.2,1004.6,364.3,3520,1,4,54,1,,
30,31.4,76.1,1008.3,412.9,4844,1,4,54,1,,
31,32.2,76.6,1009,432.8,3083,2,4,54,1,,
28,29.2,79.2,1008,428.5,4925,1,4,60,1,,
29,28.8,78.7,1008.5,396.8,3475,1,4,60,1,,
30,27.7,72.7,1007.3,341.5,4860,1,4,60,1,,
31,34.2,77.7,1008.9,433.2,3082,2,4,60,1,,
28,29.3,79.2,1008.4,451.8,4860,1,4,66,1,,
29,28.5,78.9,1008,394.6,3340,1,4,66,1,,
30,28.6,74.1,1006.6,423.6,4518,1,4,66,1,,
31,37.5,71.4,1009.6,432.3,3092,2,4,66,1,,
28,27.7,78.5,1008.7,421.3,4520,2,4,72,1,,
29,27.6,78,1009.2,387.9,3125,2,4,72,1,,
30,30.4,75,1006.2,380.9,4866,1,4,72,1,,
31,36.7,74.6,1008.8,431.5,3098,3,4,72,1,,
28,30.3,74.8,1005.2,476.8,4915,2,4,78,1,,
29,29.6,73.2,1005.4,381.9,3125,2,4,78,1,,
30,30.8,74.5,1008.5,345.9,4550,1,4,78,1,,
31,32.7,76.9,1009,429.2,3086,3,4,78,1,,
28,29.6,74.9,1005.3,225.9,2890,2,4,84,1,,
29,29.7,73.4,1004.8,396.8,4320,2,4,84,1,,
30,28.1,76.2,1008.9,350.2,4922,2,4,84,1,,
31,34,77.8,1009.3,429.1,3065,3,4,84,1,,
28,27.6,77.4,1007.1,425.8,4520,2,4,90,1,,
29,27.3,76.8,1006.4,341.2,3580,2,4,90,1,,
30,31,73.3,1007,350.3,4570,2,4,90,1,,
31,37.4,72.5,1009.6,429,3041,3,4,90,1,,
28,28.2,77.3,1007.3,372.8,4680,3,4,96,1,,
29,27.6,76.6,1006.9,295.7,3580,3,4,96,1,,
30,29.9,73,1008.5,389.3,4908,2,4,96,1,,
31,35.4,72.8,1008.9,428.8,3059,4,4,96,1,,
28,29.5,76.6,1007.9,328.9,4780,3,4,102,1,,
29,29,75.2,1007.4,288.3,3815,3,4,102,1,,
30,31.8,74.5,1008.6,428.2,4600,2,4,102,1,,
31,31.5,77.6,1009,429,3076,4,4,102,1,,
28,29.9,77.6,1007.5,305.7,4890,3,4,108,1,,
29,29.4,76.8,1007.1,272.8,3925,3,4,108,1,,
30,28.7,74.8,1009,346.7,4855,2,4,108,1,,
31,34.7,77.3,1009.4,429,3061,4,4,108,1,,
28,29.6,78.1,1007.2,288.5,5000,3,4,114,1,,
29,29,77.8,1006.4,258.6,4125,3,4,114,1,,
30,28.2,72.3,1006,343,4501,2,4,114,1,,
31,37.1,71,1009,429.5,3046,4,4,114,1,,
28,29.3,76.9,1006.4,275.6,5000,4,4,120,1,,
29,28.8,76.5,1005.9,245.8,4320,4,4,120,1,,
30,30.8,73.6,1008.8,358.4,4806,3,4,120,1,,
31,36.7,75.1,1008.9,429.9,3032,5,4,120,1,,
28,29.4,77.5,1007,262.5,5000,4,4,126,1,,
29,29.1,77,1006.6,232.7,4520,4,4,126,1,,
30,27.2,75.9,1008.3,409.1,4590,3,4,126,1,,
31,32.3,78.5,1008.7,431,3070,5,4,126,1,,
28,29.8,78.4,1006.6,248.9,5000,4,4,132,1,,
29,29.4,77.9,1006.5,218.6,4780,4,4,132,1,,
30,31.2,77,1005.8,394.2,4787,3,4,132,1,,
31,33.7,74.5,1009.4,430,3082,5,4,132,1,,
28,30.1,79.2,1006.2,235.8,5000,4,4,138,1,,
29,29.7,78.7,1005.9,205.4,4925,4,4,138,1,,
30,29.6,72.6,1007.4,359.5,4903,3,4,138,1,,
31,38,72.1,1009.1,428.9,3067,5,4,138,1,,
28,29.8,78,1005.6,222.7,5000,5,4,144,1,,
29,29.3,77.5,1005.2,192.5,5000,5,4,144,1,,
30,30.2,84.7,1008,177.3,4663,4,4,144,1,,
31,36.6,73.7,1009.4,426.1,3054,6,4,144,1,,
30,30.5,83.1,1007.9,194.4,4712,4,4,145,1,,
30,29.2,81.8,1007,176.3,4619,4,4,146,1,,
30,30.9,80.7,1007.2,180.2,4784,4,4,147,1,,
30,28.2,81.1,1007.2,183.8,4641,4,4,148,1,,
30,30.2,81.3,1006.9,182.7,4602,4,4,149,1,,
28,29.9,79.4,1006.3,238.9,4920,5,4,150,1,,
29,29.4,78.4,1005.7,192.7,4720,5,4,150,1,,
30,28.8,84.3,1007.3,163.4,4319,5,4,150,1,,
31,32.6,78,1009.4,428.5,3074,6,4,150,1,,
30,29.7,83.7,1007.4,167.8,4425,5,4,151,1,,
30,31.5,85.2,1008.3,150.1,4425,5,4,152,1,,
30,30.6,82.4,1008.1,158,4300,5,4,153,1,,
30,29.3,83.8,1008.4,151.3,4443,5,4,154,1,,
30,29.7,83,1007.8,151.9,4411,5,4,155,1,,
28,30.1,79.6,1006,352.9,3890,5,4,156,1,,
29,29.6,79,1005.6,318.7,3750,5,4,156,1,,
30,30.2,85.8,1007.5,162.4,4332,5,4,156,1,,
31,33.6,77.1,1009.3,427.1,3048,6,4,156,1,,
28,31.7,79.5,1008.8,351.9,3864,6,4,157,1,,
30,28.1,84.4,1007.8,160.5,4419,5,4,157,1,,
31,34.1,76.6,1009.4,424.7,3045,6,4,157,1,,
28,31.8,79.2,1008.7,355.7,3879,6,4,158,1,,
30,31.1,82.2,1007.3,160.9,4309,5,4,158,1,,
31,35.4,74.7,1009.6,421.3,3031,6,4,158,1,,
28,31.5,79.7,1008.8,354.4,3887,6,4,159,1,,
30,30.7,83.1,1007.5,159.2,4485,5,4,159,1,,
31,35.5,73.1,1010,418.3,3053,6,4,159,1,,
28,30.9,80.5,1008.6,356.1,3886,6,4,160,1,,
30,29.3,82.6,1006.6,159.5,4497,5,4,160,1,,
31,36.2,73.3,1009.4,414.6,3043,6,4,160,1,,
28,29.7,80.2,1008.8,353,3897,6,4,161,1,,
30,28.9,84.7,1007.5,151.4,4436,5,4,161,1,,
31,37,72.5,1009.2,416,3066,6,4,161,1,,
28,29.3,82.1,1008.6,357.7,3923,6,4,162,1,,
29,29.2,79.4,1005.3,335.7,3880,5,4,162,1,,
30,30.1,83.9,1008.4,150.5,4409,6,4,162,1,,
31,37.4,72.8,1009.5,412.3,3077,6,4,162,1,,
28,29.3,82.8,1008.7,357.4,3965,6,4,163,1,,
29,28.9,82.5,1008.3,335.1,3914,6,4,163,1,,
30,29.4,83.4,1007.7,166.2,4360,6,4,163,1,,
31,38.9,74.6,1008.8,410,3083,6,4,163,1,,
28,28.2,82.8,1008.1,361.8,3978,6,4,164,1,,
29,28.9,83.6,1008.4,332.3,3944,6,4,164,1,,
30,30.9,84.8,1008.4,160.5,4373,6,4,164,1,,
31,37.3,71.9,1009.1,412,3086,6,4,164,1,,
28,27.9,84.9,1008.1,360.1,3969,6,4,165,1,,
29,27.4,84.4,1008.5,332.4,3898,6,4,165,1,,
30,28.9,81.6,1008,162,4433,6,4,165,1,,
31,38,73.2,1009.1,411.2,3066,6,4,165,1,,
28,27.6,84.3,1008.1,355.9,4001,6,4,166,1,,
29,27.2,83.9,1008.2,334.7,3937,6,4,166,1,,
30,31.4,81.9,1006.6,169,4387,6,4,166,1,,
31,38,73.4,1008.7,409.1,3087,6,4,166,1,,
28,26.9,84.6,1008.4,353.2,3948,6,4,167,1,,
29,27.1,84.6,1008.6,332.5,3904,6,4,167,1,,
30,29.7,83.9,1006.9,150.9,4303,6,4,167,1,,
31,37.4,72.6,1008.9,408,3103,6,4,167,1,,
28,26.5,85,1008.3,352,3959,7,4,168,1,,
29,27.2,85.2,1008.1,332.4,3918,7,4,168,1,,
30,29.1,83.7,1007.9,157.1,4411,6,4,168,1,,
31,37.1,73.9,1009.1,408.9,3110,7,4,168,1,,
28,27.4,83.8,1007.9,353,3956,7,4,169,1,,
29,27.1,85.1,1008.1,333.5,3920,7,4,169,1,,
30,27.8,85.5,1006.6,150.3,4338,6,4,169,1,,
31,35.1,73.4,1009,404.7,3116,7,4,169,1,,
28,27.8,85.3,1008.3,353.9,3949,7,4,170,1,,
29,27.2,84.5,1008.2,328.7,3902,7,4,170,1,,
30,30,83.9,1006.6,170.1,4074,6,4,170,1,,
31,35.5,75.2,1008.7,402.2,3136,7,4,170,1,,
28,28,84.3,1008.2,351.1,3944,7,4,171,1,,
29,27.8,83.4,1008.1,335.4,3870,7,4,171,1,,
30,31.3,83.6,1007.9,163.2,4096,6,4,171,1,,
31,34.5,75.3,1009,403.1,3175,7,4,171,1,,
27,27.9,83.7,1008.2,307.1,3906,7,4,172,1,,
28,27.9,83.5,1008.3,343.3,3935,7,4,172,1,,
29,28.1,83.1,1008.2,332.6,3864,7,4,172,1,,
30,31.5,82.4,1008.1,160.8,4067,6,4,172,1,,
31,33.8,76,1008.8,398.5,3182,7,4,172,1,,
27,28.4,83.4,1008.3,305.7,3927,7,4,173,1,,
28,28.5,83,1008.4,341.5,3949,7,4,173,1,,
29,28.6,83.3,1008.3,329.1,3890,7,4,173,1,,
30,31.2,83.3,1007.3,159.7,4179,6,4,173,1,,
31,32.9,75.4,1008.9,400.3,3171,7,4,173,1,,
27,29.2,81.2,1008.5,308.8,3939,7,4,174,1,,
28,29.7,81.9,1008.7,338.7,3991,7,4,174,1,,
29,29.2,81.2,1008.3,334.4,3837,7,4,174,1,,
30,31.7,84.4,1007.1,164.6,4190,6,4,174,1,,
31,31.9,78.2,1009.1,405.7,3148,7,4,174,1,,
27,29.9,81.4,1008.6,304.6,3927,7,4,175,1,,
28,30.1,80.8,1008.4,334.8,4013,7,4,175,1,,
29,30.2,81.6,1008.6,331.8,3839,7,4,175,1,,
30,31.9,82,1006.8,150,4179,6,4,175,1,,
31,32.5,77.6,1009.1,406.7,3151,7,4,175,1,,
27,31,79.9,1008.8,304.3,3963,7,4,176,1,,
28,30.3,81.2,1008.3,336.7,4012,7,4,176,1,,
29,30.7,81.4,1008.3,334.4,3860,7,4,176,1,,
30,29.9,82.5,1008.2,154.5,3976,6,4,176,1,,
31,31,76.6,1009.4,408.2,3147,7,4,176,1,,
27,30.4,79.7,1008.5,306.3,3954,7,4,177,1,,
28,31.3,79.6,1008.6,336.5,3966,7,4,177,1,,
29,30.8,80.2,1008.6,334.3,3872,7,4,177,1,,
30,30.4,84.5,1007.5,176.2,4112,6,4,177,1,,
31,32.4,80.1,1009.2,407.4,3154,7,4,177,1,,
27,32,79.1,1008.7,303.6,3953,7,4,178,1,,
28,31.4,79.1,1008.5,339.7,3964,7,4,178,1,,
29,31.6,79.4,1008.7,336.1,3827,7,4,178,1,,
30,28.1,83,1008.4,170.6,4196,6,4,178,1,,
31,32.7,76.7,1009.4,402.7,3164,7,4,178,1,,
27,31.9,79,1008.7,309.4,3946,7,4,179,1,,
28,31.7,78.9,1008.6,338.3,3930,7,4,179,1,,
29,32.3,78.5,1008.9,335.9,3790,7,4,179,1,,
30,31.3,84.2,1007.8,155.9,4112,6,4,179,1,,
31,32.9,76.5,1009.2,400.7,3151,7,4,179,1,,
27,31.4,78.8,1009.1,311.9,3936,7,4,180,1,,
28,31.8,79.4,1008.8,337.2,3928,7,4,180,1,,
29,32.2,78.5,1009,333.3,3746,7,4,180,1,,
30,30.2,82.7,1007.9,174.6,3960,6,4,180,1,,
31,32.3,75.9,1009.6,399.2,3168,7,4,180,1,,
27,32.1,79,1008.8,309.2,3867,7,4,181,1,,
28,31.9,79,1008.9,338,3879,7,4,181,1,,
29,32.4,79.2,1009,330.3,3691,7,4,181,1,,
30,28,82.9,1008.2,177.8,4106,6,4,181,1,,
31,33.7,74.3,1009.3,396.4,3148,7,4,181,1,,
27,31.2,78.8,1008.9,309.3,3904,7,4,182,1,,
28,31.6,78.6,1008.9,339.7,3858,7,4,182,1,,
29,32.2,79.4,1008.9,331.8,3682,7,4,182,1,,
30,28.8,83.2,1008.1,150.9,3911,7,4,182,1,,
31,35.2,76.8,1009.3,392.2,3164,7,4,182,1,,
27,30.9,80.8,1009.1,309,3887,7,4,183,1,,
28,31.2,78.8,1009,341.2,3891,7,4,183,1,,
29,31.3,80.7,1008.8,334.2,3624,7,4,183,1,,
30,30.7,83.5,1006.5,163.9,4195,7,4,183,1,,
31,35.1,73.2,1009.5,391.1,3154,7,4,183,1,,
27,30.6,80.6,1009.1,308.4,3843,7,4,184,1,,
28,31.2,79.9,1008.9,345.1,3844,7,4,184,1,,
29,31.1,79.7,1009,334.9,3622,7,4,184,1,,
30,28.8,82,1006.8,170.1,4009,7,4,184,1,,
31,36.5,73.4,1009.8,388.9,3139,7,4,184,1,,
27,30.7,81,1009,309.9,3843,7,4,185,1,,
28,30.1,81,1008.9,337.3,3897,7,4,185,1,,
29,30.1,81.1,1008.5,333.9,3690,7,4,185,1,,
30,30.6,84.1,1007.4,179.9,4154,7,4,185,1,,
31,36.9,72.9,1009.5,384.1,3151,7,4,185,1,,
27,29.8,81.6,1008.6,308,3841,7,4,186,1,,
28,29.5,82.5,1008.6,338.2,3825,7,4,186,1,,
29,29.9,81.6,1008.7,333.7,3687,7,4,186,1,,
30,28.6,84.4,1008.3,165.5,3904,7,4,186,1,,
31,37.3,73.7,1009.3,384.4,3147,7,4,186,1,,
27,29,83,1008.3,306,3833,7,4,187,1,,
28,29.1,82.6,1008.3,335.2,3799,7,4,187,1,,
29,28.6,83,1008.7,330.7,3747,7,4,187,1,,
30,29,83.7,1008.3,165.4,4138,7,4,187,1,,
31,38.1,74.3,1009,383.4,3141,7,4,187,1,,
27,28.4,82.8,1008.6,302.3,3845,7,4,188,1,,
28,28.3,82.6,1008.6,338.4,3781,7,4,188,1,,
29,28.7,83.8,1008.3,331.5,3756,7,4,188,1,,
30,28.7,84.4,1007.2,175.5,4132,7,4,188,1,,
31,38.8,72.2,1009,381.4,3141,7,4,188,1,,
27,28.1,83.5,1008.5,301.4,3819,7,4,189,1,,
28,27.5,85.1,1008.7,339.1,3757,7,4,189,1,,
29,27.9,84.9,1008.4,337.2,3770,7,4,189,1,,
30,28.7,83.8,1006.9,159.9,3958,7,4,189,1,,
31,37.5,72.3,1009.1,380.4,3162,7,4,189,1,,
27,27,84.2,1008.2,300.4,3810,7,4,190,1,,
28,27.5,84.1,1008.1,339.9,3741,7,4,190,1,,
29,27.2,85.8,1008.5,335.4,3774,7,4,190,1,,
30,29.6,83.4,1008.1,179.4,3911,7,4,190,1,,
31,37.4,72.7,1009,384.1,3149,7,4,190,1,,
27,27.2,85.3,1008,299.3,3786,7,4,191,1,,
28,26.5,85.2,1008.6,341.3,3724,7,4,191,1,,
29,27.3,84.8,1008.3,332.5,3724,7,4,191,1,,
30,29.7,84.2,1007,161.7,3746,7,4,191,1,,
31,38.1,72.1,1009,382.6,3136,7,4,191,1,,
27,26.7,84.2,1007.9,297.4,3801,8,4,192,1,,
28,26.4,85.1,1008.1,338,3663,8,4,192,1,,
29,27,85.1,1008.3,330.3,3685,8,4,192,1,,
30,28.7,83.3,1007.4,178.5,3767,7,4,192,1,,
31,36.8,74.4,1008.8,377.6,3132,8,4,192,1,,
27,27.4,85.9,1008.2,296.6,3771,8,4,193,1,,
28,27.6,84.3,1007.8,342.5,3662,8,4,193,1,,
29,27.3,84.7,1008.1,327.7,3684,8,4,193,1,,
30,29.1,82.9,1006.5,160.3,3822,7,4,193,1,,
31,35.8,74.4,1009,380.7,3143,8,4,193,1,,
27,26.9,84.9,1007.8,291.9,3755,8,4,194,1,,
28,27.3,84.8,1008.3,342.5,3615,8,4,194,1,,
29,27.3,85.3,1008.3,331,3729,8,4,194,1,,
30,28.4,82.4,1008,189.6,3833,7,4,194,1,,
31,35.3,75.1,1009.1,380.9,3162,8,4,194,1,,
27,28.1,83.6,1008,285.8,3782,8,4,195,1,,
28,27.3,83.8,1008.1,340.8,3620,8,4,195,1,,
29,28.1,83.9,1008,328.5,3713,8,4,195,1,,
30,29.6,83.2,1007.8,157.1,3914,7,4,195,1,,
31,35.1,75.8,1008.8,381,3188,8,4,195,1,,
27,28,82,1008.8,284.5,3794,8,4,196,1,,
28,28.2,83.2,1008.3,342.4,3593,8,4,196,1,,
29,27.7,84,1008.3,324.4,3779,8,4,196,1,,
30,28.1,82.8,1008.3,171.5,3892,7,4,196,1,,
31,33.8,77.3,1008.7,378.5,3181,8,4,196,1,,
27,29.4,82.7,1008.3,282.9,3834,8,4,197,1,,
28,28.4,82.9,1008.2,344.3,3562,8,4,197,1,,
29,28.6,83.4,1008.6,326,3759,8,4,197,1,,
30,29.3,82.5,1007.5,174.2,3815,7,4,197,1,,
31,32.2,76.8,1008.8,380.1,3158,8,4,197,1,,
27,29.6,81.5,1008.3,285.3,3848,8,4,198,1,,
28,29.1,81.7,1008.5,342.7,3557,8,4,198,1,,
29,29.1,82,1008.1,324.5,3788,8,4,198,1,,
30,29.5,84.2,1006.6,152.9,3712,7,4,198,1,,
31,33.2,76.1,1008.7,377.7,3201,8,4,198,1,,
27,30.2,80.8,1008.7,288.4,3883,8,4,199,1,,
28,29.8,80.8,1008.8,344.1,3539,8,4,199,1,,
29,30.4,81.8,1008.6,325.3,3799,8,4,199,1,,
30,29.4,83.3,1008.3,172.4,3801,7,4,199,1,,
31,32.1,77.8,1009,376.7,3194,8,4,199,1,,
27,30.8,80.5,1008.7,290.9,3860,8,4,200,1,,
28,31.1,80,1008.5,344,3573,8,4,200,1,,
29,30.8,80.2,1008.3,322.8,3790,8,4,200,1,,
30,29.7,83.8,1008,181.3,3902,7,4,200,1,,
31,32,77.9,1009.5,372.2,3230,8,4,200,1,,
27,31.4,80.2,1008.4,293.2,3885,8,4,201,1,,
28,31.3,80.2,1008.6,337.9,3551,8,4,201,1,,
29,31.1,80.1,1008.6,323.2,3802,8,4,201,1,,
30,28.5,82.9,1007.5,173.8,3883,7,4,201,1,,
31,32.4,77,1009.1,373.4,3238,8,4,201,1,,
27,31.5,78.7,1008.8,298.8,3897,8,4,202,1,,
28,31.4,80.4,1008.4,335.8,3580,8,4,202,1,,
29,32,79.4,1008.9,324.3,3837,8,4,202,1,,
30,30.4,84.6,1007.8,169,3760,8,4,202,1,,
31,31.6,77.4,1009.5,374.4,3229,8,4,202,1,,
27,32.1,78.5,1008.7,298.1,3874,8,4,203,1,,
28,32.1,79.6,1008.3,337.5,3535,8,4,203,1,,
29,32.4,79.4,1008.7,324.2,3825,8,4,203,1,,
30,30.6,82.4,1007.6,176.5,3743,8,4,203,1,,
31,32.2,76.4,1010,370.5,3216,8,4,203,1,,
27,32.1,79.2,1008.7,297.7,3939,8,4,204,1,,
28,31.4,78.6,1008.8,339.9,3561,8,4,204,1,,
29,31.8,79.5,1008.6,328.6,3821,8,4,204,1,,
30,28.3,83.2,1007.7,164,3721,8,4,204,1,,
31,33.7,76.1,1009.3,373.7,3202,8,4,204,1,,
27,32.2,78.2,1008.8,293.7,3924,8,4,205,1,,
28,32.2,78.6,1008.9,337.1,3577,8,4,205,1,,
29,31.6,79.2,1008.9,330.5,3790,8,4,205,1,,
30,29,84.8,1007.8,159.7,3797,8,4,205,1,,
31,34.2,75.8,1009.2,370,3211,8,4,205,1,,
27,30.9,79.4,1008.9,295.2,3962,8,4,206,1,,
28,31.7,79.8,1009.3,336.4,3541,8,4,206,1,,
29,31.3,79.7,1008.9,325.8,3809,8,4,206,1,,
30,29.4,83,1006.7,170.5,3916,8,4,206,1,,
31,35.9,75.4,1009.4,369.4,3209,8,4,206,1,,
27,31.2,79.5,1009,289.9,3989,8,4,207,1,,
28,30.8,79.4,1009,337.3,3546,8,4,207,1,,
29,30.7,80.3,1009.2,321.7,3847,8,4,207,1,,
30,28.1,83.5,1006.9,188,3878,8,4,207,1,,
31,36.4,73.9,1009.1,365.4,3214,8,4,207,1,,
27,30.8,80.7,1008.8,290,3998,8,4,208,1,,
28,30.9,80.9,1008.4,339.7,3556,8,4,208,1,,
29,31.2,80.2,1008.9,319.7,3838,8,4,208,1,,
30,29.2,82,1007.6,175.9,3723,8,4,208,1,,
31,37,74,1009.3,365.6,3222,8,4,208,1,,
27,29.8,80.9,1009.1,291.6,4033,8,4,209,1,,
28,29.7,81.4,1008.5,340.6,3558,8,4,209,1,,
29,30.5,80.5,1008.8,320.4,3771,8,4,209,1,,
30,30.2,82.4,1007.7,187.7,3793,8,4,209,1,,
31,37.5,74.6,1009.1,360.1,3218,8,4,209,1,,
27,29.4,82,1008.8,294.9,4033,8,4,210,1,,
28,29.2,82.2,1008.8,338.3,3579,8,4,210,1,,
29,29.8,82.2,1008.8,320.7,3716,8,4,210,1,,
30,30.4,81.3,1007.9,175.9,3633,8,4,210,1,,
31,37.1,73.8,1009.1,355.5,3210,8,4,210,1,,
27,29,83.1,1008.8,294,4075,8,4,211,1,,
28,29.2,82.6,1008.2,337.1,3591,8,4,211,1,,
29,28.5,83,1009.1,324,3765,8,4,211,1,,
30,28.3,83.7,1007.8,178.7,3632,8,4,211,1,,
31,37.2,74.3,1009.3,356,3224,8,4,211,1,,
27,27.8,82.9,1008.6,295,4072,8,4,212,1,,
28,27.8,83.4,1008.6,333,3567,8,4,212,1,,
29,28.4,83.7,1008.3,326.4,3764,8,4,212,1,,
30,28.8,82.7,1007.7,162.8,3535,8,4,212,1,,
31,38.4,73.7,1009,352.4,3211,8,4,212,1,,
27,27.6,83.9,1008.2,294.5,4029,8,4,213,1,,
28,28.1,84.3,1008.5,331.6,3574,8,4,213,1,,
29,27.9,84.1,1008.5,325.7,3772,8,4,213,1,,
30,29.6,82.7,1007.6,176.5,3601,8,4,213,1,,
31,37.9,70.1,1009.3,347.8,3226,8,4,213,1,,
27,27.7,84.8,1008.6,294.6,4032,8,4,214,1,,
28,27.2,83.7,1008.6,331.6,3550,8,4,214,1,,
29,27.6,84,1008.1,326.5,3816,8,4,214,1,,
30,28.9,81.9,1007.8,184.7,3687,8,4,214,1,,
31,37.5,73.2,1008.9,347.4,3220,8,4,214,1,,
27,27.1,84.5,1008,291.3,4023,8,4,215,1,,
28,27.1,84.7,1008.6,333,3514,8,4,215,1,,
29,27.6,84.3,1008.2,321.6,3801,8,4,215,1,,
30,28.8,81.2,1007.9,171.4,3651,8,4,215,1,,
31,36.8,72.4,1009.2,347.4,3228,8,4,215,1,,
27,26.7,85.7,1008.1,292.2,4044,9,4,216,1,,
28,26.6,85.1,1008.3,334,3507,9,4,216,1,,
29,27.3,85,1008.2,322.8,3778,9,4,216,1,,
30,29.3,83.4,1006.6,163.2,3773,8,4,216,1,,
31,36.1,73.6,1008.7,345.6,3207,9,4,216,1,,
27,27.3,85.3,1007.8,290.9,4077,9,4,217,1,,
28,26.9,85.2,1008.3,337.2,3527,9,4,217,1,,
29,27.2,85.1,1008.4,319,3810,9,4,217,1,,
30,27.5,83.7,1008.4,162.9,3653,8,4,217,1,,
31,36.6,73.6,1008.7,342.1,3195,9,4,217,1,,
27,27,85,1008.2,291.6,4111,9,4,218,1,,
28,27.1,84.7,1008.1,333.8,3472,9,4,218,1,,
29,27.4,84.6,1008.1,316.2,3779,9,4,218,1,,
30,28.5,83.9,1006.9,175.5,3526,8,4,218,1,,
31,34.8,75,1008.7,338.1,3169,9,4,218,1,,
27,27.3,84.4,1008.3,287,4156,9,4,219,1,,
28,28.4,83.8,1008.2,333.8,3473,9,4,219,1,,
29,27.4,83.7,1008.1,316.2,3770,9,4,219,1,,
30,29,82.8,1007.2,179.8,3552,8,4,219,1,,
31,34.6,75.5,1009,338.9,3175,9,4,219,1,,
27,28.4,83.3,1008.1,284.1,4141,9,4,220,1,,
28,27.5,83.4,1008.6,332.6,3520,9,4,220,1,,
29,27.9,83.1,1008.2,319.2,3755,9,4,220,1,,
30,27,82.1,1007.3,182,3628,8,4,220,1,,
31,32.9,76.4,1009.1,337.2,3186,9,4,220,1,,
27,28.8,82.6,1008.6,286.5,4153,9,4,221,1,,
28,28.9,82.6,1008.3,332.1,3518,9,4,221,1,,
29,28.5,82.9,1008.1,314.8,3767,9,4,221,1,,
30,27.8,83.2,1006.7,177.7,3732,8,4,221,1,,
31,32.9,78.1,1008.8,338.7,3182,9,4,221,1,,
27,30.1,81.9,1008.4,287.1,4171,9,4,222,1,,
28,29.3,81.3,1008.5,331.8,3566,9,4,222,1,,
29,29.7,81.7,1008.4,316.5,3750,9,4,222,1,,
30,27.8,82.7,1007.9,191.2,3732,9,4,222,1,,
31,32.1,77.2,1009,341.7,3191,9,4,222,1,,
27,29.9,81.1,1008.3,288,4175,9,4,223,1,,
28,30.1,80.5,1008.5,331.5,3551,9,4,223,1,,
29,30.7,80.8,1008.5,312.3,3755,9,4,223,1,,
30,28.2,81.3,1006.8,162.7,3740,9,4,223,1,,
31,32.2,78.9,1009.2,339.6,3222,9,4,223,1,,
27,30.2,80.8,1008.5,292.8,4207,9,4,224,1,,
28,30.9,80.7,1008.3,329.5,3582,9,4,224,1,,
29,30.4,80.4,1008.2,314.2,3767,9,4,224,1,,
30,27.9,82.7,1007.9,184.7,3611,9,4,224,1,,
31,31.6,76.8,1008.9,337,3232,9,4,224,1,,
27,31.6,79.3,1008.8,291.8,4190,9,4,225,1,,
28,31,79.8,1008.6,325.4,3577,9,4,225,1,,
29,31.6,79.7,1008.8,313.9,3771,9,4,225,1,,
30,27.5,83.2,1008.3,186.3,3592,9,4,225,1,,
31,32,73.8,1009.1,335.1,3254,9,4,225,1,,
27,31,80.1,1008.6,291.1,4203,9,4,226,1,,
28,31.6,79.2,1008.3,324.8,3557,9,4,226,1,,
29,32.3,79.2,1008.9,314.9,3755,9,4,226,1,,
30,29,82.2,1007.6,177.4,3732,9,4,226,1,,
31,32.1,79.6,1009.5,333.5,3280,9,4,226,1,,
27,32.5,79,1008.7,293.7,4199,9,4,227,1,,
28,32.2,79.3,1008.6,323.1,3558,9,4,227,1,,
29,31.5,78.6,1008.9,319.6,3759,9,4,227,1,,
30,29,82.9,1006.4,176.6,3656,9,4,227,1,,
31,33.1,76.9,1009.5,332.8,3288,9,4,227,1,,
27,31.8,77.9,1009,294,4219,9,4,228,1,,
28,31.9,78.2,1008.8,324.1,3579,9,4,228,1,,
29,32,79.4,1008.8,322.5,3769,9,4,228,1,,
30,29.8,82.7,1007.5,182.3,3500,9,4,228,1,,
31,33.9,78.3,1009.4,331.1,3251,9,4,228,1,,
27,31.8,79.4,1008.7,294.2,4226,9,4,229,1,,
28,31.7,79.5,1008.6,324.5,3545,9,4,229,1,,
29,32,78.8,1008.6,312.6,3808,9,4,229,1,,
30,27.7,81.3,1007.2,186.3,3742,9,4,229,1,,
31,35.2,75.4,1009.5,334.2,3259,9,4,229,1,,
27,32,79.7,1008.7,295.6,4219,9,4,230,1,,
28,31.9,79.7,1008.6,325.4,3554,9,4,230,1,,
29,31.6,79.2,1008.4,310.2,3786,9,4,230,1,,
30,30.3,84.7,1006.5,206.4,3217,9,4,230,1,,
31,34.9,76.4,1009.5,334.5,3232,9,4,230,1,,
27,31,80.2,1008.8,291.7,4207,9,4,231,1,,
28,31.3,79.4,1008.6,323.7,3540,9,4,231,1,,
29,31,80,1008.8,305.7,3748,9,4,231,1,,
30,30.8,82.3,1007.2,205.6,3367,9,4,231,1,,
31,36.4,74.8,1009.1,334.7,3195,9,4,231,1,,
27,31,80.7,1008.8,296.9,4241,9,4,232,1,,
28,30.4,81,1008.7,322.4,3498,9,4,232,1,,
29,30.4,81.4,1009.1,302.7,3690,9,4,232,1,,
30,27.4,80.4,1006.8,192.8,3168,9,4,232,1,,
31,37.7,72.7,1009.7,332.3,3209,9,4,232,1,,
27,30.1,81,1008.6,295.2,4197,9,4,233,1,,
28,30.8,82.4,1008.6,325.5,3494,9,4,233,1,,
29,30.2,81.2,1008.8,304.5,3705,9,4,233,1,,
30,30.1,84.9,1007.3,194.9,3414,9,4,233,1,,
31,36.7,74.3,1009.3,332.4,3213,9,4,233,1,,
27,29.1,82.3,1009,295,4180,9,4,234,1,,
28,30,82.2,1008.7,317.5,3465,9,4,234,1,,
29,29.2,82.1,1008.8,301.8,3715,9,4,234,1,,
30,31.4,84.7,1006.8,183.5,3016,9,4,234,1,,
31,36.9,73.4,1009.2,333.7,3212,9,4,234,1,,
27,28.9,83.5,1008.1,294.1,4151,9,4,235,1,,
28,28.9,82.9,1008.3,314.7,3480,9,4,235,1,,
29,29.5,82.5,1008.7,296.1,3764,9,4,235,1,,
30,28.1,84.2,1007.7,205.8,3350,9,4,235,1,,
31,37.9,74.4,1009.7,334.5,3210,9,4,235,1,,
27,27.7,82.9,1008.5,291.5,4182,9,4,236,1,,
28,27.8,83.6,1008.7,315.2,3488,9,4,236,1,,
29,27.6,82.7,1008.2,298.3,3796,9,4,236,1,,
30,31.4,80.6,1006.5,174.5,3074,9,4,236,1,,
31,37.8,71.8,1009,333.1,3252,9,4,236,1,,
27,27.7,84,1008.4,290.9,4173,9,4,237,1,,
28,27.1,83.7,1008.8,312.9,3524,9,4,237,1,,
29,27.3,84.6,1008.4,302.4,3816,9,4,237,1,,
30,31.7,84.9,1006.7,214.5,3410,9,4,237,1,,
31,37.8,71.5,1009,332.7,3257,9,4,237,1,,
27,27.1,85.1,1008.2,289.4,4190,9,4,238,1,,
28,27.2,84.5,1008.5,312.6,3533,9,4,238,1,,
29,27.1,84.9,1008.2,304.1,3837,9,4,238,1,,
30,27.8,82.2,1006.6,197,3185,9,4,238,1,,
31,38,73,1009.1,330.3,3296,9,4,238,1,,
27,27.2,84.5,1008.4,290.7,4199,9,4,239,1,,
28,26.8,84.3,1008.1,310.4,3524,9,4,239,1,,
29,27.2,85.2,1008.4,306.1,3810,9,4,239,1,,
30,28.4,82.8,1008.2,181.2,3318,9,4,239,1,,
31,37.2,73.7,1008.7,330.5,3312,9,4,239,1,,
27,26.9,84.8,1008.2,286.6,4202,10,4,240,1,,
28,27.3,85,1008.3,310.2,3489,10,4,240,1,,
29,27.1,84.4,1008.5,306.7,3861,10,4,240,1,,
30,29.2,83.6,1007.7,213.2,3445,9,4,240,1,,
31,35.9,72.1,1008.9,328.7,3321,10,4,240,1,,
27,27.4,85.3,1008.1,289.5,4263,10,4,241,1,,
28,27.1,85,1008.4,306.4,3426,10,4,241,1,,
29,26.8,84.7,1008.3,304.1,3880,10,4,241,1,,
30,28.2,82.7,1007.8,175.3,3436,9,4,241,1,,
31,35.1,72.8,1008.9,327.2,3282,10,4,241,1,,
27,27.2,84.9,1007.7,285.3,4269,10,4,242,1,,
28,27.4,84.8,1008.2,305.9,3450,10,4,242,1,,
29,27.4,84.7,1008.4,302.8,3814,10,4,242,1,,
30,28.6,80.7,1007.8,212.1,3030,9,4,242,1,,
31,35.7,73.7,1009.3,325.1,3294,10,4,242,1,,
27,27.4,85.1,1008.3,287.9,4272,10,4,243,1,,
28,27.6,84,1008.2,301.7,3443,10,4,243,1,,
29,27.8,84.2,1008.1,309.8,3791,10,4,243,1,,
30,27.8,80.8,1006.9,190.4,3032,9,4,243,1,,
31,35,77.1,1009.2,321.3,3275,10,4,243,1,,
27,27.9,83.2,1008.3,285.6,4296,10,4,244,1,,
28,28.2,84.3,1008.2,301.7,3469,10,4,244,1,,
29,28.5,83.5,1008.4,310.2,3772,10,4,244,1,,
30,29.5,84.6,1008.4,197.2,3259,9,4,244,1,,
31,33.6,77,1008.9,317.2,3288,10,4,244,1,,
27,29.1,82.8,1007.9,290.4,4294,10,4,245,1,,
28,28.6,83.5,1008.6,301,3451,10,4,245,1,,
29,29.4,82.5,1008.2,312.4,3723,10,4,245,1,,
30,30.6,84,1007,187.8,3242,9,4,245,1,,
31,32.8,76.5,1008.5,318,3294,10,4,245,1,,
27,30.3,82.3,1008.3,291.4,4237,10,4,246,1,,
28,30,82.4,1008.4,304.7,3488,10,4,246,1,,
29,29.3,83,1008.2,315.3,3779,10,4,246,1,,
30,27.2,81.9,1006.8,185.9,3062,9,4,246,1,,
31,33.3,77,1009.1,318.9,3263,10,4,246,1,,
27,30.5,82.5,1008,290.2,4238,10,4,247,1,,
28,30,81.3,1008.5,304.2,3445,10,4,247,1,,
29,30.2,81.2,1008.2,313.4,3829,10,4,247,1,,
30,27.5,82,1006.9,201.9,3057,9,4,247,1,,
31,33.4,76.9,1009.1,319.4,3250,10,4,247,1,,
27,31,81.6,1008.6,296.3,4247,10,4,248,1,,
28,30.5,79.8,1008.6,300.1,3448,10,4,248,1,,
29,30.9,80.5,1008.8,315,3825,10,4,248,1,,
30,30.9,81.4,1008,175.7,3424,9,4,248,1,,
31,32.9,77.7,1009.1,318.8,3269,10,4,248,1,,
27,31.4,80,1008.8,294.7,4275,10,4,249,1,,
28,31.8,80.6,1008.2,295.7,3423,10,4,249,1,,
29,31.3,79.5,1008.5,313.9,3843,10,4,249,1,,
30,30.5,80.9,1007.3,168.1,3385,9,4,249,1,,
31,32.1,78.2,1008.9,316.5,3230,10,4,249,1,,
27,31.3,79.3,1008.5,294.6,4269,10,4,250,1,,
28,31.3,78.6,1008.6,297.2,3450,10,4,250,1,,
29,31.3,79.4,1008.6,310.8,3833,10,4,250,1,,
30,29,82.5,1007.6,161.9,3421,9,4,250,1,,
31,33.4,79.1,1009.4,313.7,3281,10,4,250,1,,
27,32.3,78.7,1008.4,290.2,4303,10,4,251,1,,
28,31.8,79,1008.8,296.3,3472,10,4,251,1,,
29,31.2,78.7,1008.5,309.5,3766,10,4,251,1,,
30,29.6,83.9,1007.6,193,3391,9,4,251,1,,
31,32.6,76.5,1009.4,313.8,3297,10,4,251,1,,
27,31.7,79.2,1008.7,292.3,4300,10,4,252,1,,
28,32.1,78.8,1008.4,300.2,3449,10,4,252,1,,
29,32.1,79.5,1008.7,310.6,3752,10,4,252,1,,
30,30.3,80.9,1007.9,187.6,3360,9,4,252,1,,
31,33.8,76.1,1009.5,312.6,3312,10,4,252,1,,
27,32.7,80.1,1008.7,290.6,4398,10,4,253,1,,
28,32,78.1,1008.8,299.9,3452,10,4,253,1,,
29,31.4,79.1,1008.9,306.1,3739,10,4,253,1,,
30,28.5,81.5,1006.6,176.6,3392,9,4,253,1,,
31,34.5,76.4,1009.5,310.9,3325,10,4,253,1,,
27,31.3,79.4,1008.8,290.3,4350,10,4,254,1,,
28,32.6,79.1,1009,300.9,3429,10,4,254,1,,
29,31.6,80.8,1008.8,300,3676,10,4,254,1,,
30,28.7,82.6,1008.1,177.9,3158,10,4,254,1,,
31,35.3,73.7,1009.4,311.4,3363,10,4,254,1,,
27,31.4,79.4,1009.1,285.5,4355,10,4,255,1,,
28,31.5,79.8,1009,306.2,3432,10,4,255,1,,
29,31.5,81.1,1008.7,298.5,3690,10,4,255,1,,
30,28.4,81.2,1007.3,211.9,3033,10,4,255,1,,
31,36.2,76.2,1009.3,311.1,3382,10,4,255,1,,
27,30.1,79.4,1008.6,283.1,4403,10,4,256,1,,
28,30.7,81,1009,302.9,3416,10,4,256,1,,
29,30.5,79.2,1009,296.2,3723,10,4,256,1,,
30,28.8,84.1,1006.5,171.1,3199,10,4,256,1,,
31,35.3,75.3,1009,312.3,3400,10,4,256,1,,
27,30.1,81.9,1008.6,284.6,4385,10,4,257,1,,
28,30.3,81.2,1008.5,304,3435,10,4,257,1,,
29,29.9,81.3,1008.9,299,3731,10,4,257,1,,
30,29.6,81.9,1007.2,188.6,3419,10,4,257,1,,
31,36,71,1009.6,313.9,3386,10,4,257,1,,
27,29.3,81.1,1008.7,285,4412,10,4,258,1,,
28,29.4,82,1008.5,300.1,3418,10,4,258,1,,
29,29.6,82.3,1008.7,294.7,3694,10,4,258,1,,
30,30.8,81.8,1006.6,219,3003,10,4,258,1,,
31,37.2,73.4,1009.3,315.2,3399,10,4,258,1,,
27,28.9,83.8,1008.6,287.6,4406,10,4,259,1,,
28,28.9,82,1008.5,299.8,3451,10,4,259,1,,
29,28.2,83.2,1008.5,296.7,3708,10,4,259,1,,
30,31.6,81.1,1006.5,176.1,3088,10,4,259,1,,
31,38.7,73.7,1009.3,313.7,3394,10,4,259,1,,
27,28,83.9,1008.5,289.8,4421,10,4,260,1,,
28,28.2,82.9,1008.5,297.5,3466,10,4,260,1,,
29,27.9,83.4,1008.4,294.4,3737,10,4,260,1,,
30,31.9,83.7,1006.8,184.3,3278,10,4,260,1,,
31,38,74.4,1009,313.4,3352,10,4,260,1,,
27,27.5,84.7,1008.2,291.3,4463,10,4,261,1,,
28,27.6,82.8,1009.2,297.3,3467,10,4,261,1,,
29,28.5,84.7,1008.4,297.8,3789,10,4,261,1,,
30,31,80.6,1007,183.1,3146,10,4,261,1,,
31,38.2,74.9,1008.9,319,3359,10,4,261,1,,
27,27.2,85.2,1008.4,293.5,4442,10,4,262,1,,
28,26.9,83.9,1008.3,297.7,3486,10,4,262,1,,
29,26.9,85.2,1008.5,300.9,3815,10,4,262,1,,
30,28.4,84.4,1008,212.1,3442,10,4,262,1,,
31,36.3,72.5,1009.2,322.2,3377,10,4,262,1,,
27,27.1,84.2,1008.6,287.1,4435,10,4,263,1,,
28,27.2,84.3,1007.8,296.8,3468,10,4,263,1,,
29,27,85.9,1008.4,299.1,3831,10,4,263,1,,
30,27.4,80.3,1006.7,173.8,3106,10,4,263,1,,
31,37.9,72.1,1008.8,318,3369,10,4,263,1,,
30,27.1,82.9,1008,183,3224,10,4,264,1,,
31,36.9,74,1009,315.3,3355,11,4,264,1,,
30,27.2,81.9,1007.9,167,3240,10,4,265,1,,
31,35.9,73.8,1009.1,313.3,3348,11,4,265,1,,
30,31.2,84.9,1006.7,219.4,3065,10,4,266,1,,
31,35.2,74.6,1008.6,310.3,3363,11,4,266,1,,
30,32,82.4,1006.5,203,3323,10,4,267,1,,
31,33.5,77,1008.7,310.7,3353,11,4,267,1,,
30,28.3,81.7,1008.1,210.3,3200,10,4,268,1,,
31,33,76.4,1009.1,309.4,3356,11,4,268,1,,
30,29.1,84.3,1007.1,208.8,3188,10,4,269,1,,
31,33.3,77.5,1008.9,307.7,3361,11,4,269,1,,
30,27.4,82,1006.8,192.1,3447,10,4,270,1,,
31,32.3,77.4,1008.7,307.5,3350,11,4,270,1,,
30,28.7,81,1007.9,182.8,3112,10,4,271,1,,
31,32.6,76.6,1008.9,307.6,3354,11,4,271,1,,
31,33.1,75.8,1009.1,309,3346,11,4,272,1,,
31,31.6,76.4,1008.9,310.9,3342,11,4,273,1,,
31,32.2,75,1009,313.1,3352,11,4,274,1,,
31,33.5,77.7,1009.1,317.1,3395,11,4,275,1,,
31,33.2,72.6,1009.3,316.8,3387,11,4,276,1,,
31,34.1,74.8,1009.6,316.1,3409,11,4,277,1,,
31,35.6,72.8,1009.3,314.1,3464,11,4,278,1,,
31,35.9,75.2,1009,313.6,3487,11,4,279,1,,
31,36.9,74.4,1009.4,312.9,3457,11,4,280,1,,
31,36.7,73.5,1009.2,313.5,3470,11,4,281,1,,
31,38.3,73.9,1009.3,314.2,3493,11,4,282,1,,
32,36.4,73.8,1006.7,393.3,3039,2,5,48,1,,
33,35.7,73,1009.5,406.1,3441,2,5,48,1,,
34,36.6,72.5,1005.8,382.9,3043,2,5,48,1,,
35,36.7,73.1,1005.9,420.5,3376,2,5,48,1,,
36,36.3,74.8,1006.9,414,3212,2,5,48,1,,
32,32.3,77.5,1006.8,392.6,3045,2,5,54,1,,
33,33.2,76.6,1009.1,408.7,3463,2,5,54,1,,
34,32.3,77,1006,382.2,3026,2,5,54,1,,
35,32.5,77.6,1005.4,420.4,3371,2,5,54,1,,
36,32.3,75.4,1007.1,412.7,3188,2,5,54,1,,
32,33.7,76.1,1007.6,387.6,3107,2,5,60,1,,
33,33.3,76,1009.6,410.7,3456,2,5,60,1,,
34,33.1,74.9,1006.6,377.2,3052,2,5,60,1,,
35,33.1,77,1006.7,421,3364,2,5,60,1,,
36,32.8,77.3,1007.3,414.3,3223,2,5,60,1,,
32,37.2,73.3,1007,388.1,3116,2,5,66,1,,
33,36.9,73.1,1009.6,407.9,3451,2,5,66,1,,
34,38.3,72.6,1005.8,375.6,3054,2,5,66,1,,
35,37.1,69.9,1006.3,421.3,3366,2,5,66,1,,
36,38.1,72.4,1006.7,414.1,3268,2,5,66,1,,
32,36.2,74.9,1006.8,388.3,3101,3,5,72,1,,
33,36.5,72.4,1009.6,408.4,3447,3,5,72,1,,
34,36,73.3,1006.2,376.2,3039,3,5,72,1,,
35,37,72.5,1005.8,420,3367,3,5,72,1,,
36,36.5,71.8,1006.7,412.9,3250,3,5,72,1,,
32,32.4,79.1,1007.1,388.2,3096,3,5,78,1,,
33,32,77,1009.6,409.1,3472,3,5,78,1,,
34,31.6,76.8,1006,376.4,3032,3,5,78,1,,
35,33,77,1005.9,417.4,3397,3,5,78,1,,
36,31.1,77,1006.8,415.7,3255,3,5,78,1,,
32,33.5,76.4,1007.4,385.2,3113,3,5,84,1,,
33,33.3,73.3,1010.1,408,3489,3,5,84,1,,
34,33.8,78.1,1006.6,375.5,3032,3,5,84,1,,
35,32.8,75.6,1006.7,417.5,3400,3,5,84,1,,
36,33.7,76.1,1007.4,411.6,3238,3,5,84,1,,
32,37.1,74.6,1007.1,385,3136,3,5,90,1,,
33,38.4,75.4,1009.6,407.5,3520,3,5,90,1,,
34,37.4,74.1,1006.2,374.8,3037,3,5,90,1,,
35,37.6,72,1006.3,416,3407,3,5,90,1,,
36,38.1,73.1,1007.1,411.8,3252,3,5,90,1,,
32,36.4,74.1,1007.1,385.3,3147,4,5,96,1,,
33,36.1,73.2,1009.2,406.6,3519,4,5,96,1,,
34,36.2,72.4,1006,373.8,3050,4,5,96,1,,
35,35.7,74.2,1006.1,414.8,3424,4,5,96,1,,
36,37.5,74,1006.6,410.7,3267,4,5,96,1,,
32,31.6,76.1,1007.1,385.7,3165,4,5,102,1,,
33,32.1,76.1,1009.6,408.5,3552,4,5,102,1,,
34,32.1,78.3,1005.9,376.5,3019,4,5,102,1,,
35,32.6,76.5,1005.8,412.1,3433,4,5,102,1,,
36,32.9,75.5,1007,408.1,3260,4,5,102,1,,
32,33.8,77.5,1007.3,385.1,3148,4,5,108,1,,
33,33.3,77.1,1009.9,406.5,3570,4,5,108,1,,
34,33.7,76.7,1006.3,376.5,3048,4,5,108,1,,
35,33.5,77.5,1006.5,412.9,3442,4,5,108,1,,
36,33.9,76.9,1007.2,407,3252,4,5,108,1,,
32,37,71.3,1007.1,387.4,3120,4,5,114,1,,
33,37.3,72.5,1009.5,404.8,3579,4,5,114,1,,
34,36.5,73.4,1005.8,373.8,3084,4,5,114,1,,
35,37.1,73.2,1006.3,409.8,3470,4,5,114,1,,
36,39,73.2,1007.1,408.9,3283,4,5,114,1,,
32,36.3,72.5,1006.7,387,3110,5,5,120,1,,
33,37.3,73.4,1009.1,407,3572,5,5,120,1,,
34,36.2,72.6,1005.9,377.1,3051,5,5,120,1,,
35,37.1,72.7,1005.7,407.9,3485,5,5,120,1,,
36,37.4,75.9,1007,407.4,3282,5,5,120,1,,
32,32.9,78.6,1006.5,384.8,3115,5,5,126,1,,
33,31.5,77.2,1009.4,410.8,3585,5,5,126,1,,
34,31.9,78.6,1006.4,376.1,3029,5,5,126,1,,
35,32.6,77.1,1006,404.6,3496,5,5,126,1,,
36,32.3,76.7,1007.2,406.6,3305,5,5,126,1,,
35,32.1,76.6,1005.7,403.8,3507,5,5,127,1,,
35,31.1,77.4,1006.1,401.9,3518,5,5,128,1,,
35,32,77.6,1006.3,402.2,3542,5,5,129,1,,
35,32.6,76.6,1006.1,399.3,3548,5,5,130,1,,
35,33.5,76.3,1006.4,397,3556,5,5,131,1,,
32,34.1,75.7,1007.3,381.7,3087,5,5,132,1,,
33,33.4,75.3,1009.9,412.9,3595,5,5,132,1,,
34,34.5,77.8,1006.6,373.7,3032,5,5,132,1,,
35,34.1,76.9,1006.1,397.3,3572,5,5,132,1,,
36,33.8,75.1,1007,403.3,3300,5,5,132,1,,
33,33.8,76.2,1009.9,413,3591,5,5,133,1,,
35,34.3,76.3,1006.2,396.6,3597,5,5,133,1,,
33,34.8,74.6,1010.1,411.5,3585,5,5,134,1,,
35,35.5,75.5,1006.2,393.7,3603,5,5,134,1,,
33,35.3,74.8,1010,409.8,3575,5,5,135,1,,
35,35.9,74.3,1006.2,393.8,3609,5,5,135,1,,
33,37.4,71.9,1010,411.6,3511,5,5,136,1,,
35,36.6,74.4,1006.3,392,3634,5,5,136,1,,
33,37.5,73.1,1009.9,410.1,3536,5,5,137,1,,
35,36.7,72.8,1006.6,390.1,3636,5,5,137,1,,
32,38.3,71.1,1007.7,382.3,3105,5,5,138,1,,
33,37.8,73.1,1009.6,413.1,3539,5,5,138,1,,
34,37.5,73.3,1006.6,374.6,3014,5,5,138,1,,
35,37.4,71.1,1006.2,387.3,3645,5,5,138,1,,
36,37.7,72.3,1007.4,401.4,3309,5,5,138,1,,
33,39,74.6,1009.3,411,3522,5,5,139,1,,
35,38.5,70.5,1006.1,387.4,3604,5,5,139,1,,
33,38,72.8,1009.7,412.3,3555,5,5,140,1,,
35,38.7,73,1006.3,385.5,3599,5,5,140,1,,
33,38.4,72.1,1009.4,411.5,3567,5,5,141,1,,
35,37.8,74.8,1006.3,385,3608,5,5,141,1,,
33,37.5,71.6,1009.6,409.9,3562,5,5,142,1,,
35,37.9,75.3,1006,384.3,3604,5,5,142,1,,
33,37.1,73.1,1009.3,406.5,3564,5,5,143,1,,
35,37.2,72.7,1006,380.6,3603,5,5,143,1,,
32,36.8,73.5,1006.9,381.1,3119,6,5,144,1,,
33,36.9,74.1,1009.5,404.3,3542,6,5,144,1,,
34,37.2,74.1,1006.1,376.8,3000,6,5,144,1,,
35,36.9,74.2,1005.8,379.3,3627,6,5,144,1,,
36,36.6,75.5,1006.6,405.1,3301,6,5,144,1,,
33,35.7,73.8,1009.2,403.9,3535,6,5,145,1,,
34,35.8,73.8,1005.6,376.7,3054,6,5,145,1,,
35,35.2,73.2,1005.6,378.5,3603,6,5,145,1,,
33,34.4,74.4,1009.4,404.4,3552,6,5,146,1,,
34,34.1,75,1006,376.1,3055,6,5,146,1,,
35,35.5,74.1,1005.9,376.5,3605,6,5,146,1,,
33,34.4,75.5,1009.4,403.6,3558,6,5,147,1,,
34,33.6,75.9,1005.7,370.9,3082,6,5,147,1,,
35,33.4,76.6,1005.6,373.6,3657,6,5,147,1,,
33,33,76.2,1009.4,403.4,3535,6,5,148,1,,
34,34,76.3,1006,372.3,3090,6,5,148,1,,
35,33.8,77.2,1005.9,371.9,3634,6,5,148,1,,
33,32.9,75.3,1009.4,401.2,3573,6,5,149,1,,
34,33.3,76.4,1006.2,372.1,3098,6,5,149,1,,
35,32.7,75.7,1005.7,367.9,3640,6,5,149,1,,
32,32.4,76.1,1006.8,378.4,3142,6,5,150,1,,
33,32.5,77.9,1009.9,398.8,3585,6,5,150,1,,
34,31.8,77.4,1005.9,370,3085,6,5,150,1,,
35,33.2,77.6,1005.9,367.1,3582,6,5,150,1,,
36,31.7,76.9,1007.6,406,3316,6,5,150,1,,
32,31.8,75.4,1007.1,380.6,3161,6,5,151,1,,
33,31.5,77.7,1009.9,396.8,3571,6,5,151,1,,
34,31.6,79.4,1006.4,373.1,3064,6,5,151,1,,
35,31.9,75.9,1006.1,365.7,3568,6,5,151,1,,
32,31.7,75.8,1007.1,379.5,3145,6,5,152,1,,
33,32,79.4,1009.8,394.1,3603,6,5,152,1,,
34,32,76.1,1006,370.5,3092,6,5,152,1,,
35,32.1,77.5,1006.4,366.3,3576,6,5,152,1,,
32,32.4,79.2,1007.2,379,3130,6,5,153,1,,
33,31.3,79.5,1009.9,396.9,3574,6,5,153,1,,
34,31.9,78.4,1006.4,374.3,3066,6,5,153,1,,
35,31.6,76.2,1006.3,365.1,3585,6,5,153,1,,
32,33.1,77,1007.1,378.3,3143,6,5,154,1,,
33,32.5,76.9,1009.6,393.5,3588,6,5,154,1,,
34,33,78.2,1006.1,375.5,3076,6,5,154,1,,
35,32.9,75.6,1006.5,366.3,3547,6,5,154,1,,
32,32.9,77.9,1007.4,377,3154,6,5,155,1,,
33,33.2,78,1009.7,392.4,3564,6,5,155,1,,
34,32.8,75.9,1006.2,378.8,3080,6,5,155,1,,
35,34.1,77,1006.2,366.5,3531,6,5,155,1,,
32,33.7,74.9,1007.6,375.6,3152,6,5,156,1,,
33,34.3,76.3,1010,393.1,3596,6,5,156,1,,
34,33.9,75.4,1006.3,380.1,3056,6,5,156,1,,
35,33.8,75.4,1006.8,365.8,3548,6,5,156,1,,
36,33.9,75.4,1007.4,405.2,3356,6,5,156,1,,
32,34.6,76.4,1007.2,376.4,3145,6,5,157,1,,
33,33.8,76.3,1009.9,396.5,3583,6,5,157,1,,
34,34,75.7,1006.5,379,3068,6,5,157,1,,
35,33.8,76.4,1006.4,362.2,3546,6,5,157,1,,
36,34.2,75.2,1007.1,404.7,3365,6,5,157,1,,
32,35.9,74.2,1007.4,374,3193,6,5,158,1,,
33,35.6,75.4,1010,395.8,3613,6,5,158,1,,
34,35.3,75.7,1006.3,377.6,3095,6,5,158,1,,
35,36,75.9,1006.3,357.7,3533,6,5,158,1,,
36,34.4,75.5,1007.4,406,3393,6,5,158,1,,
32,35.2,74.9,1007.2,372.5,3205,6,5,159,1,,
33,35.9,72.9,1010.1,397.1,3629,6,5,159,1,,
34,36.2,73,1006.5,372.9,3100,6,5,159,1,,
35,35.1,72.5,1006.6,357,3572,6,5,159,1,,
36,35.8,73.3,1007.2,408.7,3400,6,5,159,1,,
32,37.1,75.4,1007,372.2,3238,6,5,160,1,,
33,35.9,72.8,1009.5,397.2,3605,6,5,160,1,,
34,37.4,72.9,1006.3,373.6,3072,6,5,160,1,,
35,36,73.8,1006.1,355,3572,6,5,160,1,,
36,37.4,74.3,1007.5,409.8,3379,6,5,160,1,,
32,36.3,73.6,1007.3,372.3,3226,6,5,161,1,,
33,36.3,74.6,1010,395.8,3606,6,5,161,1,,
34,36.8,73.9,1006.3,372.3,3091,6,5,161,1,,
35,36.9,73.4,1006.5,355.9,3560,6,5,161,1,,
36,37.3,72.1,1007.2,410.2,3362,6,5,161,1,,
32,36.9,71,1007.4,373.7,3235,6,5,162,1,,
33,36.4,73.8,1009.6,395.6,3560,6,5,162,1,,
34,37.8,73.2,1006.3,372.3,3092,6,5,162,1,,
35,37.6,73.7,1006.5,353.8,3577,6,5,162,1,,
36,37.9,71.4,1007.5,408.1,3345,6,5,162,1,,
32,37.6,71.1,1007.3,370.7,3225,6,5,163,1,,
33,38.4,71.9,1009.4,394.1,3551,6,5,163,1,,
34,38.1,72.2,1006.2,369.5,3095,6,5,163,1,,
35,38.1,71.6,1006.4,353.3,3546,6,5,163,1,,
36,37.2,72.1,1006.8,406.2,3370,6,5,163,1,,
32,37.7,72.4,1006.9,369.9,3216,6,5,164,1,,
33,38.5,72.2,1009.9,394,3573,6,5,164,1,,
34,37.6,71.5,1006.2,369.1,3114,6,5,164,1,,
35,37.9,72.6,1006,355,3575,6,5,164,1,,
36,37.9,71.4,1007.1,405.7,3413,6,5,164,1,,
32,38.2,73.7,1007,370.1,3262,6,5,165,1,,
33,37.9,74,1009.3,393.4,3568,6,5,165,1,,
34,37.7,73.1,1006.2,369.2,3101,6,5,165,1,,
35,37.7,72.2,1006,353.8,3566,6,5,165,1,,
36,38.3,73,1007.2,404.6,3415,6,5,165,1,,
32,37,71.7,1007.1,373.2,3260,6,5,166,1,,
33,38.3,74.4,1009.5,390,3580,6,5,166,1,,
34,37.7,73.3,1006,364.2,3107,6,5,166,1,,
35,35.7,74.7,1006,352.6,3576,6,5,166,1,,
36,38.4,71.3,1007.1,403.6,3413,6,5,166,1,,
32,38,73.4,1006.7,370.4,3276,6,5,167,1,,
33,36.3,74.9,1009.3,389.2,3570,6,5,167,1,,
34,38.2,72.9,1005.8,364.2,3117,6,5,167,1,,
35,37.1,72.9,1005.7,348.1,3553,6,5,167,1,,
36,36.8,73.5,1006.9,402,3402,6,5,167,1,,
32,36,73.9,1007.1,369,3306,7,5,168,1,,
33,36,74.5,1009.3,388.5,3554,7,5,168,1,,
34,37.1,72.5,1006.1,364.5,3118,7,5,168,1,,
35,35.9,74.5,1006,345.6,3503,7,5,168,1,,
36,35.5,73.1,1006.7,401.5,3445,7,5,168,1,,
32,35.2,73.8,1006.5,368.3,3325,7,5,169,1,,
33,36.2,75.3,1009.3,390.2,3555,7,5,169,1,,
34,35.9,75.4,1006.1,361.5,3138,7,5,169,1,,
35,35.8,74,1005.7,346.7,3509,7,5,169,1,,
36,35.5,73.4,1006.6,401,3460,7,5,169,1,,
32,35,76.2,1006.6,368,3318,7,5,170,1,,
33,35.4,73.4,1009.4,388.9,3562,7,5,170,1,,
34,35,75.1,1005.9,360.4,3165,7,5,170,1,,
35,34.5,73.8,1005.8,344.1,3511,7,5,170,1,,
36,35.4,75.8,1007,399.6,3505,7,5,170,1,,
32,34.4,76.1,1006.9,365,3304,7,5,171,1,,
33,34.3,75.7,1009.4,386.9,3577,7,5,171,1,,
34,34.2,74.5,1005.8,359.9,3193,7,5,171,1,,
35,34.7,74.2,1005.8,345.1,3513,7,5,171,1,,
36,34,75.7,1007,400,3463,7,5,171,1,,
32,33.1,76,1006.8,365.6,3290,7,5,172,1,,
33,34.1,74.8,1009.2,384.7,3558,7,5,172,1,,
34,33.8,75.3,1006.4,359.6,3222,7,5,172,1,,
35,33.9,75.9,1005.9,345.2,3505,7,5,172,1,,
36,33.5,77.1,1006.5,400.7,3475,7,5,172,1,,
32,32.1,78.9,1006.6,366.5,3294,7,5,173,1,,
33,32.6,77.7,1009.7,384.1,3555,7,5,173,1,,
34,32.8,77.2,1006.1,361.3,3247,7,5,173,1,,
35,33.9,77.3,1006.2,346.5,3515,7,5,173,1,,
36,33.5,76,1007.1,400.2,3513,7,5,173,1,,
32,32.5,77.1,1006.9,366.6,3289,7,5,174,1,,
33,32.8,74.7,1009.2,378.6,3537,7,5,174,1,,
34,32.8,76.8,1005.9,361.1,3269,7,5,174,1,,
35,33.1,77.3,1005.8,345.7,3499,7,5,174,1,,
36,33.8,78.6,1007,404,3529,7,5,174,1,,
32,32.7,77.9,1007.1,364.8,3288,7,5,175,1,,
33,31.7,78.8,1009,377,3553,7,5,175,1,,
34,32,78.4,1006.4,358.5,3256,7,5,175,1,,
35,31.1,76.5,1006.1,347.1,3485,7,5,175,1,,
36,31.6,77.3,1007.1,404.9,3510,7,5,175,1,,
32,31.4,77,1006.9,366.6,3292,7,5,176,1,,
33,32.2,78.9,1009.6,376.9,3520,7,5,176,1,,
34,31.9,77.7,1006.1,360.4,3268,7,5,176,1,,
35,32.5,76.2,1005.9,349.2,3490,7,5,176,1,,
36,31.5,77.1,1007.2,405.4,3516,7,5,176,1,,
32,32.2,77.1,1007.2,370.8,3290,7,5,177,1,,
33,31.6,75.5,1009.8,376.8,3530,7,5,177,1,,
34,32.1,75.9,1006,360.2,3229,7,5,177,1,,
35,32,77.6,1006,347.7,3493,7,5,177,1,,
36,31.7,79.1,1006.9,407.2,3535,7,5,177,1,,
32,32.1,77.6,1006.7,370.1,3286,7,5,178,1,,
33,32,76.1,1009.8,374.7,3513,7,5,178,1,,
34,32.9,76.9,1007,364,3228,7,5,178,1,,
35,33,75.4,1006.6,346.7,3474,7,5,178,1,,
36,33,76.6,1007.2,406.5,3529,7,5,178,1,,
32,32.4,77.2,1007.3,365.7,3276,7,5,179,1,,
33,32.6,76,1009.6,371.4,3525,7,5,179,1,,
34,32.8,77.7,1006.7,359.9,3196,7,5,179,1,,
35,32.2,77,1006.1,344.7,3473,7,5,179,1,,
36,33,78.3,1007,404.4,3517,7,5,179,1,,
32,32.1,76.5,1007.4,363.3,3291,7,5,180,1,,
33,34.3,76.2,1009.9,371.7,3536,7,5,180,1,,
34,33.2,76.8,1006.5,361.3,3176,7,5,180,1,,
35,34.1,77.2,1006.2,343.5,3444,7,5,180,1,,
36,33.5,76.1,1007.5,403.7,3526,7,5,180,1,,
32,33.6,74.7,1007.5,361.1,3293,7,5,181,1,,
33,33.8,77.3,1009.7,372.2,3550,7,5,181,1,,
34,33.1,76.5,1006.3,356.4,3182,7,5,181,1,,
35,33.2,74.4,1006.6,344.3,3456,7,5,181,1,,
36,34.4,75.9,1007.5,402.6,3563,7,5,181,1,,
32,34.7,74.6,1007.3,358.9,3302,7,5,182,1,,
33,34,74.6,1009.9,371.7,3560,7,5,182,1,,
34,35.4,74.9,1006.4,355.3,3178,7,5,182,1,,
35,34.3,74.3,1006.2,343.1,3455,7,5,182,1,,
36,36.3,75.7,1007.4,403.1,3544,7,5,182,1,,
32,35.5,74.4,1007.2,355.1,3324,7,5,183,1,,
33,36.2,74.4,1010,370.8,3543,7,5,183,1,,
34,35.1,73.7,1006.6,355.1,3185,7,5,183,1,,
35,35.3,74.7,1006.5,340.9,3464,7,5,183,1,,
36,35.9,73.6,1007.5,400.8,3541,7,5,183,1,,
32,36.7,76.1,1007.1,353.8,3325,7,5,184,1,,
33,36.5,74.5,1010.1,371.1,3573,7,5,184,1,,
34,36,73.6,1006,354.7,3217,7,5,184,1,,
35,37.1,75.2,1006.5,341,3463,7,5,184,1,,
36,35.6,72.6,1007.4,398.3,3566,7,5,184,1,,
32,37.6,72.8,1007.1,355.5,3322,7,5,185,1,,
33,37.3,74.2,1010,369.8,3591,7,5,185,1,,
34,36.4,72.7,1006.5,356.4,3212,7,5,185,1,,
35,37.6,72.2,1006.5,339.6,3496,7,5,185,1,,
36,36.6,73.8,1007.1,398.2,3538,7,5,185,1,,
32,38,73.7,1007.2,354.3,3318,7,5,186,1,,
33,37.1,73.3,1009.9,371.1,3611,7,5,186,1,,
34,37.3,71,1006.3,359.7,3221,7,5,186,1,,
35,37.9,72.9,1006.2,339.9,3509,7,5,186,1,,
36,37.4,72.1,1007.4,398.4,3517,7,5,186,1,,
32,37.9,73.5,1007,353.7,3299,7,5,187,1,,
33,38.4,72.6,1009.6,369.8,3620,7,5,187,1,,
34,37.9,73,1006.3,357.3,3241,7,5,187,1,,
35,37.7,72.8,1006.4,336.3,3527,7,5,187,1,,
36,37.8,71.9,1007.3,400.1,3492,7,5,187,1,,
32,37.5,72.6,1006.7,357,3279,7,5,188,1,,
33,37.1,73.9,1009.6,368.1,3573,7,5,188,1,,
34,38.1,72.6,1006,359.1,3257,7,5,188,1,,
35,38.3,73.8,1006,335.6,3535,7,5,188,1,,
36,38.4,71.8,1007,399.4,3532,7,5,188,1,,
32,37.9,73.8,1006.8,351.6,3273,7,5,189,1,,
33,37.9,72.5,1009.4,366,3576,7,5,189,1,,
34,37.6,73.7,1006,356.7,3246,7,5,189,1,,
35,38.3,73.1,1005.8,335.3,3578,7,5,189,1,,
36,37.4,73.5,1006.8,396.1,3536,7,5,189,1,,
32,37.2,70.6,1007,351.3,3300,7,5,190,1,,
33,37.3,73.5,1009.3,365.5,3603,7,5,190,1,,
34,36.7,73.4,1005.7,353.5,3208,7,5,190,1,,
35,37.9,74.6,1006.2,337.3,3588,7,5,190,1,,
36,37.6,70.1,1007.2,391,3536,7,5,190,1,,
32,36.6,71.7,1006.8,350.3,3322,7,5,191,1,,
33,37.1,73.7,1009.5,364.7,3605,7,5,191,1,,
34,37.1,73.2,1005.9,350.6,3188,7,5,191,1,,
35,37.4,73.6,1005.9,338,3581,7,5,191,1,,
36,37.8,75.5,1006.8,387.4,3566,7,5,191,1,,
32,37.2,75,1006.9,351.1,3312,8,5,192,1,,
33,36.2,74,1009.3,367,3625,8,5,192,1,,
34,36.7,73.2,1006,348,3195,8,5,192,1,,
35,37.4,72.9,1006,339.9,3581,8,5,192,1,,
36,36.9,73.3,1006.7,385.1,3562,8,5,192,1,,
32,35.9,73.2,1006.8,350.5,3350,8,5,193,1,,
33,35.1,73,1009.3,365.4,3625,8,5,193,1,,
34,36.4,75,1005.8,347.7,3194,8,5,193,1,,
35,35.2,75.5,1005.9,340.7,3582,8,5,193,1,,
36,35.9,73.8,1006.7,385.6,3536,8,5,193,1,,
32,34.9,75.1,1006.8,348.7,3338,8,5,194,1,,
33,35.3,75.3,1009.4,367.5,3600,8,5,194,1,,
34,35,74.7,1005.8,347.3,3177,8,5,194,1,,
35,35.9,72.9,1005.9,342.6,3588,8,5,194,1,,
36,34.8,73.3,1006.8,380.9,3557,8,5,194,1,,
32,34.9,74.6,1006.5,349.3,3364,8,5,195,1,,
33,34.3,75,1009.6,362.3,3561,8,5,195,1,,
34,33.7,74.2,1005.6,344.1,3184,8,5,195,1,,
35,34.4,75.2,1005.8,338.5,3577,8,5,195,1,,
36,33.6,73.8,1006.7,383.5,3575,8,5,195,1,,
32,33.3,75.8,1006.9,347.1,3352,8,5,196,1,,
33,33.7,77.3,1009.5,359.9,3594,8,5,196,1,,
34,33.1,76.7,1005.9,339.4,3201,8,5,196,1,,
35,33.1,76.9,1005.7,336.6,3573,8,5,196,1,,
36,32.5,74.9,1006.7,387.2,3560,8,5,196,1,,
32,33.3,77.3,1007.1,343.8,3346,8,5,197,1,,
33,32.3,78,1009.2,358.4,3610,8,5,197,1,,
34,33.3,75.7,1006,336.8,3206,8,5,197,1,,
35,32.5,77,1006,337.4,3590,8,5,197,1,,
36,32.4,78.2,1006.9,388.5,3549,8,5,197,1,,
32,32.5,76.2,1007.1,345.4,3337,8,5,198,1,,
33,31.7,78.5,1009.4,357.9,3637,8,5,198,1,,
34,31.8,75.3,1005.9,335.8,3202,8,5,198,1,,
35,32.7,76.7,1005.9,334.9,3575,8,5,198,1,,
36,32.4,78.4,1006.9,390,3560,8,5,198,1,,
32,32.1,78.8,1007.4,346.1,3353,8,5,199,1,,
33,31.7,78.4,1009.9,355.8,3668,8,5,199,1,,
34,31.5,76.9,1006.2,334.9,3209,8,5,199,1,,
35,32.2,76.6,1006.3,334,3609,8,5,199,1,,
36,31.6,77.3,1007.2,390.5,3563,8,5,199,1,,
32,31.6,77.8,1007.2,344.9,3344,8,5,200,1,,
33,31.1,77.8,1009.4,356.8,3689,8,5,200,1,,
34,31.7,78.6,1005.9,335.1,3236,8,5,200,1,,
35,32.3,76.6,1006.1,329.9,3616,8,5,200,1,,
36,31.1,75.6,1006.8,388.7,3559,8,5,200,1,,
32,31.5,75.6,1006.8,345.3,3351,8,5,201,1,,
33,33.1,78.7,1009.7,353.9,3704,8,5,201,1,,
34,32.3,77.1,1006.1,336.4,3211,8,5,201,1,,
35,31.8,76.2,1006.5,331.1,3640,8,5,201,1,,
36,31.4,78.3,1006.9,385.1,3564,8,5,201,1,,
32,32.2,76.7,1007.3,344.1,3328,8,5,202,1,,
33,32.4,78.6,1009.3,357.4,3718,8,5,202,1,,
34,31.9,76.7,1006.6,336.3,3195,8,5,202,1,,
35,32.8,75.8,1006.2,329.7,3609,8,5,202,1,,
36,32.9,79.1,1007.3,387.5,3543,8,5,202,1,,
32,33.3,77,1007.3,345,3315,8,5,203,1,,
33,32.5,77.4,1010.1,356.9,3686,8,5,203,1,,
34,32.7,76.1,1006.2,337.5,3171,8,5,203,1,,
35,32.6,76.2,1006.4,333.9,3612,8,5,203,1,,
36,34,74.8,1007.2,387.8,3515,8,5,203,1,,
32,34.1,76.1,1007.5,345.7,3298,8,5,204,1,,
33,33.4,77.2,1010,355.8,3716,8,5,204,1,,
34,34.3,77,1006.7,335.8,3172,8,5,204,1,,
35,33.6,75.9,1006.5,331,3654,8,5,204,1,,
36,33,75.1,1007.3,389.9,3518,8,5,204,1,,
32,34.5,75.9,1007.4,344.7,3299,8,5,205,1,,
33,34.6,76.4,1009.8,353.9,3685,8,5,205,1,,
34,33.5,75.1,1006.6,337.5,3153,8,5,205,1,,
35,34.2,75.2,1006.6,328.4,3671,8,5,205,1,,
36,34,72.7,1007.5,390.7,3488,8,5,205,1,,
32,35.4,75.6,1007.4,340.9,3313,8,5,206,1,,
33,34.9,75.9,1009.9,354,3711,8,5,206,1,,
34,34.8,74.8,1006.2,337.9,3142,8,5,206,1,,
35,35.7,74.8,1006.8,328.9,3688,8,5,206,1,,
36,35,75.2,1007.6,388.4,3474,8,5,206,1,,
32,36.1,76.7,1007.6,336.3,3318,8,5,207,1,,
33,36,74.8,1009.6,352.6,3749,8,5,207,1,,
34,35.7,73.9,1006.3,337.1,3141,8,5,207,1,,
35,36.5,76,1006.5,329.7,3720,8,5,207,1,,
36,35.5,75.7,1007.6,387.6,3498,8,5,207,1,,
32,37.4,74.4,1007.4,337.3,3309,8,5,208,1,,
33,36.6,75.7,1009.7,352.3,3745,8,5,208,1,,
34,36.3,73.1,1006.5,339.6,3147,8,5,208,1,,
35,35.9,72.1,1006.4,325.4,3717,8,5,208,1,,
36,35.3,74.6,1007.1,390.3,3480,8,5,208,1,,
32,37.4,73.1,1007.3,338.2,3294,8,5,209,1,,
33,37.4,74.2,1009.9,353.5,3748,8,5,209,1,,
34,37.6,71.9,1006.4,336.6,3121,8,5,209,1,,
35,37.3,73,1006.3,322.6,3736,8,5,209,1,,
36,36.7,73.9,1007.4,388.6,3491,8,5,209,1,,
32,38.2,72.5,1007.3,334.6,3312,8,5,210,1,,
33,37.5,71.2,1009.9,353.1,3750,8,5,210,1,,
34,37.2,74.1,1006.5,336.3,3094,8,5,210,1,,
35,37.1,70.8,1006.2,323.6,3741,8,5,210,1,,
36,37.8,73.3,1007.1,388.8,3523,8,5,210,1,,
32,38.6,72.2,1006.9,334.3,3344,8,5,211,1,,
33,37.8,72.6,1009.6,351.2,3758,8,5,211,1,,
34,37.8,73,1006.3,331.8,3080,8,5,211,1,,
35,37.3,72.8,1006.3,323,3739,8,5,211,1,,
36,37.3,71.8,1007.2,385.9,3490,8,5,211,1,,
32,37.3,71.5,1007,331.9,3331,8,5,212,1,,
33,38.2,71.8,1009.5,350,3762,8,5,212,1,,
34,38,73.1,1005.7,330.7,3086,8,5,212,1,,
35,38.2,70.9,1005.9,319.6,3770,8,5,212,1,,
36,38.5,70.4,1007,386.6,3499,8,5,212,1,,
32,36.9,73.3,1007.1,327.7,3364,8,5,213,1,,
33,37.8,73.3,1009.2,346.3,3769,8,5,213,1,,
34,38.3,73.4,1006.2,328.3,3052,8,5,213,1,,
35,38.3,72.9,1005.7,320.3,3801,8,5,213,1,,
36,37.7,71.6,1007.1,383.8,3508,8,5,213,1,,
32,38.4,72.2,1007.2,325.7,3371,8,5,214,1,,
33,37.3,73.8,1009.7,345.9,3751,8,5,214,1,,
34,37.4,73.9,1006.3,328.9,3064,8,5,214,1,,
35,37.9,72.9,1006.1,320,3823,8,5,214,1,,
36,37.7,73.1,1006.8,387.1,3518,8,5,214,1,,
32,36.7,75.5,1006.8,325.2,3361,8,5,215,1,,
33,37.6,73.5,1009.1,342.3,3785,8,5,215,1,,
34,37.3,72.7,1005.9,331.5,3048,8,5,215,1,,
35,37.6,73.1,1005.8,318.4,3837,8,5,215,1,,
36,37,73.6,1006.7,385.5,3570,8,5,215,1,,
32,37.4,75.7,1007.1,326.3,3352,9,5,216,1,,
33,37.2,71.3,1009.1,343.8,3788,9,5,216,1,,
34,37.3,73.5,1006.2,327.8,3064,9,5,216,1,,
35,36.3,73,1005.9,319.8,3843,9,5,216,1,,
36,36.1,73.7,1006.7,382.7,3582,9,5,216,1,,
32,36.2,74.4,1007.1,327.7,3342,9,5,217,1,,
33,36.1,74.3,1009.5,343,3783,9,5,217,1,,
34,35.4,73,1005.9,329.1,3050,9,5,217,1,,
35,35.6,74.7,1005.8,315.1,3861,9,5,217,1,,
36,35.8,75.3,1006.9,383.7,3567,9,5,217,1,,
32,35.5,75.7,1006.2,328.5,3337,9,5,218,1,,
33,35.5,75.2,1009.4,342.6,3777,9,5,218,1,,
34,34.3,74.9,1005.9,329.4,3073,9,5,218,1,,
35,35.2,75,1006,316.8,3880,9,5,218,1,,
36,35.3,75.7,1006.6,382.2,3541,9,5,218,1,,
32,33.8,74.8,1006.8,328.7,3314,9,5,219,1,,
33,35,76,1009.2,344.3,3754,9,5,219,1,,
34,34.2,77.5,1005.9,327.9,3044,9,5,219,1,,
35,33.8,74.8,1006.1,312.2,3881,9,5,219,1,,
36,34.6,76.3,1007.1,381,3554,9,5,219,1,,
32,33.6,76.8,1007.2,325.7,3310,9,5,220,1,,
33,34.6,76,1009.1,347.3,3748,9,5,220,1,,
34,33.4,75.9,1006.1,328,3024,9,5,220,1,,
35,33.7,74.4,1005.9,313.3,3855,9,5,220,1,,
36,34,75.4,1006.6,378.7,3550,9,5,220,1,,
32,33,77.8,1006.8,327.3,3275,9,5,221,1,,
33,33,77.4,1009.6,347.1,3739,9,5,221,1,,
34,33,77.4,1006.3,329,3043,9,5,221,1,,
35,33.7,75.7,1006,312.4,3860,9,5,221,1,,
36,32.4,76,1007,377.7,3560,9,5,221,1,,
32,31.8,77.4,1006.6,324.2,3268,9,5,222,1,,
33,32.5,76.7,1009.5,349.6,3757,9,5,222,1,,
34,32.4,77.5,1006.3,325.5,3039,9,5,222,1,,
35,31.8,78.3,1006,314.8,3838,9,5,222,1,,
36,32.1,76.5,1007,377.2,3579,9,5,222,1,,
32,32.5,75.4,1007,325.5,3267,9,5,223,1,,
33,32.2,78.1,1009.7,346.6,3762,9,5,223,1,,
34,31.7,77.7,1006.3,323.5,3000,9,5,223,1,,
35,32,77.5,1006.1,315.3,3838,9,5,223,1,,
36,32.8,76.6,1007.2,374.2,3624,9,5,223,1,,
32,31.8,77.8,1007,327.4,3249,9,5,224,1,,
33,33.3,78.6,1009.5,344.6,3753,9,5,224,1,,
34,31.8,78.3,1006.3,323.6,3000,9,5,224,1,,
35,33.1,77.4,1005.5,314.7,3866,9,5,224,1,,
36,31.6,78.1,1006.9,373.1,3658,9,5,224,1,,
32,32.1,77.5,1007.1,320.9,3249,9,5,225,1,,
33,32.5,78.9,1009.8,344.1,3747,9,5,225,1,,
34,31.5,77.8,1006.1,327.1,3015,9,5,225,1,,
35,31.6,76.3,1006,311.8,3860,9,5,225,1,,
36,31.7,79.5,1007.1,374.3,3670,9,5,225,1,,
32,32.9,77.9,1007.3,317.9,3260,9,5,226,1,,
33,32.6,76.3,1009.4,346.6,3731,9,5,226,1,,
34,32.1,76.5,1006.3,325.9,3041,9,5,226,1,,
35,32.9,78.6,1005.8,310.2,3870,9,5,226,1,,
36,32.6,75.7,1007.1,375.9,3666,9,5,226,1,,
32,32.6,77.1,1007.3,315.1,3246,9,5,227,1,,
33,32.7,77.4,1010.1,346.3,3710,9,5,227,1,,
34,33,76,1006.8,325.2,3060,9,5,227,1,,
35,33,78.6,1005.9,304.2,3914,9,5,227,1,,
36,32.9,75.1,1007.2,377.3,3644,9,5,227,1,,
32,33.7,76,1007.2,312.5,3243,9,5,228,1,,
33,33.3,75.5,1009.9,348,3663,9,5,228,1,,
34,33.2,76.6,1006.5,320.6,3103,9,5,228,1,,
35,33.9,75.6,1006.4,303.9,3906,9,5,228,1,,
36,33.9,76.4,1007.3,375.9,3638,9,5,228,1,,
32,35,75.1,1007.4,311.9,3224,9,5,229,1,,
33,34,75.1,1009.6,348.4,3638,9,5,229,1,,
34,34.9,75.2,1006.2,320.5,3109,9,5,229,1,,
35,34.3,76,1006.8,305,3944,9,5,229,1,,
36,34,76.6,1007.3,378.8,3647,9,5,229,1,,
32,34.1,74,1007.4,311.3,3242,9,5,230,1,,
33,34.4,75.9,1010.2,347.4,3617,9,5,230,1,,
34,35.2,75.2,1006.6,322.6,3124,9,5,230,1,,
35,34.3,74.7,1006.5,300.4,3972,9,5,230,1,,
36,34.7,76,1007.5,374.7,3630,9,5,230,1,,
32,35.8,74.3,1007.2,312.2,3227,9,5,231,1,,
33,35.4,75.4,1009.9,346.4,3627,9,5,231,1,,
34,35.3,75.7,1006.8,328.1,3105,9,5,231,1,,
35,36.1,74,1006.4,302.1,3959,9,5,231,1,,
36,35.7,72.8,1007.8,375.5,3634,9,5,231,1,,
32,35.9,74.4,1007.1,316.3,3232,9,5,232,1,,
33,36.5,75.3,1009.7,343.9,3603,9,5,232,1,,
34,36.6,71.7,1006.5,326.2,3147,9,5,232,1,,
35,37.1,73.5,1006.5,301.5,4007,9,5,232,1,,
36,36.3,73.2,1006.9,371.2,3675,9,5,232,1,,
32,37.3,72.5,1007.2,314.6,3225,9,5,233,1,,
33,36.9,72.2,1009.9,343.1,3585,9,5,233,1,,
34,36.7,71.6,1006.3,321.4,3165,9,5,233,1,,
35,36.7,72.7,1006,298.5,4025,9,5,233,1,,
36,37.9,72.7,1007.5,371.4,3691,9,5,233,1,,
32,37.9,72.5,1007.4,319.1,3222,9,5,234,1,,
33,37.9,74.4,1009.8,337.2,3628,9,5,234,1,,
34,36.6,72.9,1005.9,320,3201,9,5,234,1,,
35,38.4,73.7,1006.3,295.9,4046,9,5,234,1,,
36,36.9,71.1,1007.5,366.7,3692,9,5,234,1,,
32,38,73.1,1007.5,318.2,3209,9,5,235,1,,
33,38.3,74.6,1009.9,339,3636,9,5,235,1,,
34,38.1,71.8,1006.2,319.2,3214,9,5,235,1,,
35,37.4,71.3,1006.1,291,4022,9,5,235,1,,
36,37.7,72.2,1007.2,364.5,3703,9,5,235,1,,
32,37.4,72.5,1007,321.4,3248,9,5,236,1,,
33,37.9,73,1009.5,339.1,3587,9,5,236,1,,
34,37.3,73.2,1005.6,317.2,3208,9,5,236,1,,
35,38.9,71,1005.9,290.4,4028,9,5,236,1,,
36,38.1,74.7,1006.8,363.8,3715,9,5,236,1,,
32,37.4,72,1007,323.4,3253,9,5,237,1,,
33,37.9,74,1009.6,341.7,3585,9,5,237,1,,
34,38.2,72.7,1005.8,314.4,3216,9,5,237,1,,
35,37.8,70.7,1006.2,288.7,4056,9,5,237,1,,
36,37.8,71.3,1007.2,363.7,3693,9,5,237,1,,
32,37.3,72.9,1006.8,323.8,3242,9,5,238,1,,
33,38.1,72,1009.7,341.4,3584,9,5,238,1,,
34,37.6,72.3,1005.9,315,3209,9,5,238,1,,
35,37.3,73.9,1006.2,286.9,4077,9,5,238,1,,
36,37.8,74.6,1006.9,362.9,3728,9,5,238,1,,
32,36.9,74.5,1006.7,320.1,3247,9,5,239,1,,
33,35.8,73,1009.4,342.3,3619,9,5,239,1,,
34,37.1,75.5,1005.7,310.5,3228,9,5,239,1,,
35,36.5,73.6,1006.1,287.2,4129,9,5,239,1,,
36,36.6,75,1007.1,360.2,3718,9,5,239,1,,
32,36.3,74.3,1006.9,319.2,3250,10,5,240,1,,
33,37.5,75,1009.2,340.8,3637,10,5,240,1,,
34,36.2,73.5,1005.8,309.2,3263,10,5,240,1,,
35,36.8,73.4,1006.4,289.6,4100,10,5,240,1,,
36,36.2,72,1006.9,357.7,3728,10,5,240,1,,
32,35.4,74.5,1007,316.5,3253,10,5,241,1,,
33,36,76,1009.8,344.6,3670,10,5,241,1,,
34,36.2,75.2,1005.6,306.1,3210,10,5,241,1,,
35,35.4,73.3,1006,290,4115,10,5,241,1,,
36,35.1,75.3,1006.9,355.4,3738,10,5,241,1,,
32,35.5,75.5,1007,314.6,3220,10,5,242,1,,
33,35.3,76.3,1009.6,343.5,3663,10,5,242,1,,
34,34.6,76,1006,304.8,3213,10,5,242,1,,
35,34.2,74.4,1005.8,285.5,4101,10,5,242,1,,
36,35,76.5,1006.6,354.3,3729,10,5,242,1,,
32,34.3,76,1007.1,316.1,3234,10,5,243,1,,
33,33.8,74.7,1009,343.2,3647,10,5,243,1,,
34,33.9,75.8,1006,300.8,3223,10,5,243,1,,
35,34.9,74.1,1006.1,286.9,4099,10,5,243,1,,
36,34.2,76.2,1006.7,352.8,3752,10,5,243,1,,
32,33.9,76,1006.6,315.6,3257,10,5,244,1,,
33,33.1,76.9,1009.4,343.2,3677,10,5,244,1,,
34,34,75.8,1006.1,305.6,3224,10,5,244,1,,
35,33.2,77,1005.7,284.7,4102,10,5,244,1,,
36,34.2,76.7,1006.8,351.5,3766,10,5,244,1,,
32,33.2,77.5,1006.8,314.2,3271,10,5,245,1,,
33,33.3,78.2,1009.4,345.7,3688,10,5,245,1,,
34,33.1,76,1006,305.7,3231,10,5,245,1,,
35,31.8,75.2,1005.8,284.8,4089,10,5,245,1,,
36,33,75,1007,349,3742,10,5,245,1,,
32,32.1,76.6,1007,315,3270,10,5,246,1,,
33,32.5,78.5,1009.3,348.9,3686,10,5,246,1,,
34,31.9,77.3,1006.3,305.8,3254,10,5,246,1,,
35,32.3,75.5,1006.2,284.4,4099,10,5,246,1,,
36,31.6,76.9,1006.7,343.6,3738,10,5,246,1,,
32,31.5,76.6,1007,314.5,3278,10,5,247,1,,
33,31.5,78,1009.5,352.2,3681,10,5,247,1,,
34,32,78.1,1006.2,303.1,3264,10,5,247,1,,
35,32.3,77.4,1005.9,285.9,4106,10,5,247,1,,
36,31.9,77.2,1006.9,346.4,3752,10,5,247,1,,
32,32.3,77.4,1007.1,313.7,3305,10,5,248,1,,
33,32.2,76,1009.8,349.8,3698,10,5,248,1,,
34,31.5,76.8,1006.2,302.9,3244,10,5,248,1,,
35,31.9,77.4,1006.1,284.8,4118,10,5,248,1,,
36,31.8,77.3,1007.4,347.5,3727,10,5,248,1,,
32,32.8,76.1,1007.1,312.9,3303,10,5,249,1,,
33,31.9,75.3,1009.7,349.2,3719,10,5,249,1,,
34,32.6,77.9,1006.1,299,3244,10,5,249,1,,
35,31.6,76.5,1006.3,283.7,4141,10,5,249,1,,
36,31.6,76.5,1007.1,345.5,3731,10,5,249,1,,
32,33.3,77.3,1007.1,313.3,3312,10,5,250,1,,
33,33.2,79,1009.9,348.9,3694,10,5,250,1,,
34,32.2,77.2,1006.3,294.2,3240,10,5,250,1,,
35,32.6,76.5,1006.4,285.3,4154,10,5,250,1,,
36,32.8,78,1007.2,341.5,3714,10,5,250,1,,
32,33,78.5,1007.4,311.9,3276,10,5,251,1,,
33,33,76.9,1009.8,349.4,3720,10,5,251,1,,
34,32.7,77.3,1006.2,296.8,3205,10,5,251,1,,
35,33.2,76.5,1006.5,283.3,4164,10,5,251,1,,
36,32.6,75.5,1007.5,338.3,3730,10,5,251,1,,
32,33.4,77.5,1007.3,306.6,3270,10,5,252,1,,
33,33.1,75.4,1009.8,347.4,3691,10,5,252,1,,
34,34.2,76,1006.6,296.1,3232,10,5,252,1,,
35,34.8,76.7,1006.3,281.6,4166,10,5,252,1,,
36,32.7,76.9,1007.3,340.5,3711,10,5,252,1,,
32,34.7,76.2,1007.2,304.7,3265,10,5,253,1,,
33,33.7,74.4,1010.1,350,3672,10,5,253,1,,
34,34,74.5,1006.8,295.1,3240,10,5,253,1,,
35,34.6,75.8,1006.3,279.5,4172,10,5,253,1,,
36,33.9,75.3,1007.3,339.1,3708,10,5,253,1,,
32,34.7,73,1007.5,306.4,3238,10,5,254,1,,
33,35.3,75.9,1009.6,349.5,3727,10,5,254,1,,
34,35.6,74,1006.6,293.1,3240,10,5,254,1,,
35,35,75.5,1006.6,284.2,4147,10,5,254,1,,
36,34.8,72.9,1007.6,344,3717,10,5,254,1,,
32,36.4,74.3,1007.6,305.7,3244,10,5,255,1,,
33,36.1,74.1,1009.8,344.7,3740,10,5,255,1,,
34,35.8,72.9,1006.3,295,3262,10,5,255,1,,
35,36.1,74.5,1006,285.9,4159,10,5,255,1,,
36,35.2,73.3,1007.5,343.9,3715,10,5,255,1,,
32,36.7,73,1007.6,302.6,3240,10,5,256,1,,
33,37.5,73,1009.5,342.5,3761,10,5,256,1,,
34,36.5,74,1006.4,297,3261,10,5,256,1,,
35,36.9,72.1,1006.3,282.9,4205,10,5,256,1,,
36,36.9,71.7,1007.5,343.6,3699,10,5,256,1,,
32,37.4,72.8,1007.4,304.6,3264,10,5,257,1,,
33,36.9,72.5,1009.8,342.2,3736,10,5,257,1,,
34,37.2,74.4,1006.2,299.3,3234,10,5,257,1,,
35,37.7,72.6,1006,282.5,4231,10,5,257,1,,
36,36.4,73.4,1007.6,342.4,3685,10,5,257,1,,
32,36.6,73,1007.4,301.2,3282,10,5,258,1,,
33,37.5,72.4,1009.6,339.4,3759,10,5,258,1,,
34,38.4,72.5,1006.3,294.7,3228,10,5,258,1,,
35,36.7,72,1006,283.5,4227,10,5,258,1,,
36,37.7,74.7,1007.3,342.6,3713,10,5,258,1,,
32,38.2,71.5,1007.3,300.9,3298,10,5,259,1,,
33,37.6,70.7,1009.7,340,3746,10,5,259,1,,
34,37.4,72.1,1006.2,295.8,3236,10,5,259,1,,
35,37.7,72.9,1006,279.8,4258,10,5,259,1,,
36,38.1,71.9,1006.8,340,3694,10,5,259,1,,
32,37.5,72.8,1006.7,295.6,3304,10,5,260,1,,
33,37.7,72,1009.5,341.4,3748,10,5,260,1,,
34,38.2,71.5,1006,298.6,3225,10,5,260,1,,
35,38.7,72.8,1006.2,281.5,4264,10,5,260,1,,
36,38.3,73.4,1007.1,336.7,3734,10,5,260,1,,
32,38.4,72.9,1007,294.4,3289,10,5,261,1,,
33,38.3,71.7,1009.5,342.5,3735,10,5,261,1,,
34,38.7,72.4,1006.1,299.9,3254,10,5,261,1,,
35,37.7,72.7,1006.3,280.8,4254,10,5,261,1,,
36,37.7,73.3,1007,336.3,3749,10,5,261,1,,
32,37.5,73.3,1006.8,295.1,3297,10,5,262,1,,
33,38.1,72.3,1009.4,345.1,3730,10,5,262,1,,
34,37.5,72.5,1006,299.8,3275,10,5,262,1,,
35,37.7,73.6,1006.1,281.1,4241,10,5,262,1,,
36,37.3,74.2,1006.6,333.4,3778,10,5,262,1,,
32,37.3,74.2,1006.8,295.6,3292,10,5,263,1,,
33,37.2,73.9,1009.4,344.8,3732,10,5,263,1,,
34,37.1,73.9,1006.3,299.8,3285,10,5,263,1,,
35,37.5,73.3,1005.8,281.8,4236,10,5,263,1,,
36,37.4,75.8,1006.9,336,3744,10,5,263,1,,
32,36.7,73.2,1006.6,295,3258,11,5,264,1,,
33,35.8,74.1,1009.2,345.5,3763,11,5,264,1,,
34,35.7,71.2,1006,298.8,3278,11,5,264,1,,
35,35.7,72.8,1005.8,282.2,4222,11,5,264,1,,
36,35.8,74.7,1006.5,334.8,3771,11,5,264,1,,
32,35.6,72.8,1006.9,296.3,3244,11,5,265,1,,
33,34.9,75.8,1009.2,344.5,3748,11,5,265,1,,
34,35.9,74.3,1006.1,298.2,3267,11,5,265,1,,
35,35.7,73.2,1006,284.8,4258,11,5,265,1,,
36,36,74.4,1006.7,334.4,3786,11,5,265,1,,
32,35.2,75.9,1007,295.9,3263,11,5,266,1,,
33,35.1,75.1,1009.5,342.2,3785,11,5,266,1,,
34,35.5,74.8,1006,296.4,3257,11,5,266,1,,
35,35.5,75.9,1005.4,284.4,4251,11,5,266,1,,
36,34.7,75.4,1007,333.2,3791,11,5,266,1,,
32,33.9,75.7,1006.7,293.6,3267,11,5,267,1,,
33,34.6,75.7,1009.3,340.8,3784,11,5,267,1,,
34,34.3,75.6,1006,295.1,3224,11,5,267,1,,
35,34.7,73.1,1005.9,283.2,4277,11,5,267,1,,
36,34.5,76.2,1007,330.3,3784,11,5,267,1,,
32,33.7,77.4,1006.9,294.1,3283,11,5,268,1,,
33,33.6,76,1009.2,340.3,3770,11,5,268,1,,
34,33.3,77,1005.9,293.8,3247,11,5,268,1,,
35,34.3,75.3,1005.7,282.8,4315,11,5,268,1,,
36,33.3,75.3,1006.5,323,3811,11,5,268,1,,
32,34.2,74.9,1006.7,296.3,3280,11,5,269,1,,
33,33,76.5,1009.5,341.5,3794,11,5,269,1,,
34,32.5,75.2,1005.9,292,3231,11,5,269,1,,
35,32.9,75.4,1005.8,282.4,4324,11,5,269,1,,
36,32.1,78.3,1007,321.4,3827,11,5,269,1,,
32,32.8,77.3,1007.4,293.3,3308,11,5,270,1,,
33,32.6,77.5,1009.4,342.1,3813,11,5,270,1,,
34,32.3,77.6,1006,291.8,3271,11,5,270,1,,
35,32,76.5,1005.8,283.9,4310,11,5,270,1,,
32,33,76.3,1007.2,290.5,3312,11,5,271,1,,
33,31.3,77.7,1009.8,340.5,3805,11,5,271,1,,
34,31.9,77.6,1006,289.3,3263,11,5,271,1,,
35,31.9,76.8,1005.7,281.4,4339,11,5,271,1,,
32,31.9,75,1007.2,290,3345,11,5,272,1,,
33,31.8,75.9,1009.6,339.8,3812,11,5,272,1,,
34,31.8,77.8,1006.6,287.1,3258,11,5,272,1,,
35,31.4,76.4,1005.9,280.4,4380,11,5,272,1,,
32,32.4,79.6,1007.2,289,3345,11,5,273,1,,
33,32.3,76.5,1009.7,339.9,3806,11,5,273,1,,
34,32.1,77.7,1006.3,288.9,3213,11,5,273,1,,
35,32,77.4,1006,279.5,4408,11,5,273,1,,
32,32.2,74.9,1007.2,284.1,3357,11,5,274,1,,
33,32.6,77.2,1009.6,339.7,3804,11,5,274,1,,
34,31.2,76.6,1006.5,284.9,3156,11,5,274,1,,
35,32.5,79.2,1006.5,278.5,4409,11,5,274,1,,
32,32.3,75.8,1007.2,282.8,3361,11,5,275,1,,
33,33.2,76.5,1009.6,339.4,3812,11,5,275,1,,
34,33.2,76.9,1006.2,282.2,3141,11,5,275,1,,
35,33.7,76.8,1006.6,281.7,4409,11,5,275,1,,
32,34,75.6,1007.4,287.5,3372,11,5,276,1,,
33,33,77,1010,336.8,3802,11,5,276,1,,
34,33.6,75.6,1006.5,275.7,3127,11,5,276,1,,
35,33.7,77.2,1006.5,282.4,4385,11,5,276,1,,
32,34.1,74.8,1007.3,284.9,3381,11,5,277,1,,
33,34.2,74.9,1010,336.3,3784,11,5,277,1,,
34,33.7,75.4,1006.4,276.5,3093,11,5,277,1,,
35,33.8,75.1,1006.6,279.2,4419,11,5,277,1,,
32,35.1,72.8,1007.4,286.3,3376,11,5,278,1,,
33,34.6,76.2,1010.2,336.6,3783,11,5,278,1,,
34,35,75.6,1006.8,274.7,3103,11,5,278,1,,
35,35.4,76.2,1006.2,278.5,4429,11,5,278,1,,
32,35.5,73,1007,287.2,3376,11,5,279,1,,
33,35.6,74.9,1009.9,332.6,3807,11,5,279,1,,
34,34.9,72,1006.6,273.9,3130,11,5,279,1,,
35,35.9,74.7,1006.4,278,4453,11,5,279,1,,
32,36.9,75.3,1007.5,285.3,3383,11,5,280,1,,
33,37.2,74.5,1009.7,330.5,3774,11,5,280,1,,
34,35.8,74.3,1006.8,273.9,3139,11,5,280,1,,
35,35.9,75.3,1006.6,275.2,4464,11,5,280,1,,
32,36.8,72.6,1007.4,282.8,3342,11,5,281,1,,
33,37.9,72.9,1010.3,333.6,3759,11,5,281,1,,
34,37.1,71.7,1006.7,271.9,3153,11,5,281,1,,
35,37.6,72.1,1006.3,274.3,4455,11,5,281,1,,
32,37.2,72.6,1007.5,281,3356,11,5,282,1,,
33,37.2,73.4,1009.4,332,3752,11,5,282,1,,
34,36.8,71.7,1006.6,270.4,3185,11,5,282,1,,
35,37.6,72.3,1006.5,272.2,4474,11,5,282,1,,
31,37.6,72.4,1009.2,312.4,3517,11,5,283,1,,
32,37.8,73.9,1007.4,282.6,3324,11,5,283,1,,
33,38.8,72.8,1009.6,329.9,3773,11,5,283,1,,
34,37.9,70.8,1006.4,268.4,3203,11,5,283,1,,
35,37.1,72.5,1006.2,271,4470,11,5,283,1,,
31,37.7,73.9,1009,312.6,3524,11,5,284,1,,
32,38.1,73.4,1007.2,283,3329,11,5,284,1,,
33,37.8,72.5,1009.5,326.1,3757,11,5,284,1,,
34,38,71.1,1006.2,272,3216,11,5,284,1,,
35,37.7,73.4,1006.3,270.1,4451,11,5,284,1,,
31,37.4,72.7,1009.1,311.6,3501,11,5,285,1,,
32,37.5,71,1006.9,287.6,3323,11,5,285,1,,
33,37.6,72.4,1009.5,325.1,3751,11,5,285,1,,
34,37.9,73.8,1006.1,271.6,3198,11,5,285,1,,
35,38.8,71.8,1005.7,265.3,4457,11,5,285,1,,
31,38.4,73,1008.8,314.1,3516,11,5,286,1,,
32,36.6,73.7,1007.1,289.4,3336,11,5,286,1,,
33,38.3,73.9,1009.4,324.8,3747,11,5,286,1,,
34,37.7,74,1005.9,273.7,3200,11,5,286,1,,
35,37.5,74,1006.1,265,4455,11,5,286,1,,
31,36.5,72.3,1008.9,313.9,3532,11,5,287,1,,
32,37.5,75.1,1006.7,286.7,3317,11,5,287,1,,
33,35.7,73.3,1009.5,320.8,3760,11,5,287,1,,
34,36.7,74.3,1005.9,274.4,3197,11,5,287,1,,
35,37.7,75.2,1006.1,263.3,4474,11,5,287,1,,
31,37,74.3,1009.1,313.3,3521,12,5,288,1,,
32,36.4,75.2,1006.9,286.9,3285,12,5,288,1,,
33,36.4,74.1,1009.3,322.5,3768,12,5,288,1,,
34,36.5,74.3,1006,269.6,3178,12,5,288,1,,
35,36.3,72.7,1005.7,261.8,4480,12,5,288,1,,
31,35.8,74.3,1008.3,311.4,3530,12,5,289,1,,
32,35.4,72.5,1007,289.2,3304,12,5,289,1,,
33,36.3,75.5,1009.1,320.2,3781,12,5,289,1,,
34,36.2,74.2,1005.8,266.1,3160,12,5,289,1,,
35,36.8,73.5,1006.1,260.4,4443,12,5,289,1,,
31,34.8,74.4,1009,308.8,3548,12,5,290,1,,
32,34.5,76.5,1006.7,286,3288,12,5,290,1,,
33,34.8,74.8,1009.6,318.8,3765,12,5,290,1,,
34,34,74.9,1005.8,263.4,3162,12,5,290,1,,
35,34.7,76.2,1005.9,260.4,4473,12,5,290,1,,
31,33.6,78.4,1008.8,307.3,3575,12,5,291,1,,
32,34,75.7,1006.8,282.4,3316,12,5,291,1,,
33,33.8,77.8,1009.3,315.2,3733,12,5,291,1,,
34,34.4,77.7,1005.6,264.9,3185,12,5,291,1,,
35,33.7,74.6,1005.4,261.3,4488,12,5,291,1,,
31,33.3,77.7,1008.9,306.3,3574,12,5,292,1,,
32,33.4,75.5,1007,279.2,3287,12,5,292,1,,
33,33.2,76,1009.5,316.1,3736,12,5,292,1,,
34,33.1,76.4,1005.8,264.4,3219,12,5,292,1,,
35,33.9,75,1005.5,257.9,4473,12,5,292,1,,
31,33.5,76.9,1009,306.6,3580,12,5,293,1,,
32,33.5,78.6,1006.8,278.3,3267,12,5,293,1,,
33,32.7,77,1009,319.3,3753,12,5,293,1,,
34,33.2,77.2,1005.9,260.7,3218,12,5,293,1,,
35,33.7,77.7,1005.8,257.7,4463,12,5,293,1,,
31,32.7,77,1009,303.5,3589,12,5,294,1,,
32,32.4,76.6,1006.9,278.3,3249,12,5,294,1,,
33,32.8,76,1009.7,317.6,3737,12,5,294,1,,
34,33,75.6,1005.8,260.1,3202,12,5,294,1,,
35,32.6,75.9,1006.1,255.2,4482,12,5,294,1,,
31,31.2,77.6,1009,303.5,3572,12,5,295,1,,
32,31.9,75.5,1006.9,277.4,3257,12,5,295,1,,
33,32.1,77.3,1009.3,315,3721,12,5,295,1,,
34,31.7,76.9,1005.8,257.4,3220,12,5,295,1,,
35,31.9,76.5,1006.4,254.7,4479,12,5,295,1,,
31,30.9,77,1008.9,299.1,3591,12,5,296,1,,
32,32.1,78.3,1006.8,273.6,3271,12,5,296,1,,
33,31.5,77,1009.3,312.8,3746,12,5,296,1,,
34,31.3,75.8,1006.1,258,3219,12,5,296,1,,
35,32.4,76.1,1006.3,253.7,4495,12,5,296,1,,
31,32.9,76.5,1009.2,297.7,3581,12,5,297,1,,
32,31.1,77.5,1006.9,275.9,3279,12,5,297,1,,
33,32.5,76.3,1009.9,308.1,3798,12,5,297,1,,
34,31.9,77.4,1005.9,258.2,3230,12,5,297,1,,
35,31.3,76.9,1006.2,254.9,4512,12,5,297,1,,
31,32.7,78.1,1009.1,297,3610,12,5,298,1,,
32,32.3,78.3,1007,273.4,3258,12,5,298,1,,
33,33.1,76.5,1009.8,304.5,3802,12,5,298,1,,
34,32.2,78.1,1006.1,259.7,3237,12,5,298,1,,
35,32.2,77.4,1006.5,253.7,4509,12,5,298,1,,
31,33.2,77.5,1009.6,298.9,3634,12,5,299,1,,
32,32.4,76.8,1007.4,274.5,3225,12,5,299,1,,
33,32.8,75.9,1009.7,302.5,3783,12,5,299,1,,
34,32.7,76.7,1006.4,261.3,3219,12,5,299,1,,
35,31.9,76.4,1006,252.7,4532,12,5,299,1,,
31,33.6,75.8,1009.4,297,3599,12,5,300,1,,
32,33.4,75.1,1007.3,278.4,3234,12,5,300,1,,
33,33.1,74.8,1010,299.9,3762,12,5,300,1,,
34,33.1,77.2,1006.3,262.3,3257,12,5,300,1,,
35,32.4,77.4,1006.3,251.8,4526,12,5,300,1,,
31,34.1,76,1009.3,295.8,3599,12,5,301,1,,
32,34.7,77.6,1007.6,276.7,3212,12,5,301,1,,
33,34.6,76,1010.1,300.9,3805,12,5,301,1,,
34,34,76.3,1006.2,263,3264,12,5,301,1,,
35,33.4,74.8,1006.8,248.8,4498,12,5,301,1,,
31,35.7,74.6,1009.7,289.6,3629,12,5,302,1,,
32,35,74.4,1007.1,276.4,3221,12,5,302,1,,
33,34.9,73.5,1010,298.8,3789,12,5,302,1,,
34,35.2,74.4,1006.1,263.3,3226,12,5,302,1,,
35,35.1,74.9,1006.4,248.1,4514,12,5,302,1,,
31,36.4,75.3,1009,290.8,3632,12,5,303,1,,
32,36.7,74,1007.4,274.2,3242,12,5,303,1,,
33,35.8,75.2,1009.7,300.5,3773,12,5,303,1,,
34,35.6,75.3,1006.5,266.3,3250,12,5,303,1,,
35,35.5,74.6,1006.6,245.3,4471,12,5,303,1,,
31,35.2,75.1,1009.7,286.2,3639,12,5,304,1,,
32,36.4,72.6,1007.3,274.2,3250,12,5,304,1,,
33,36.4,74.2,1009.8,296.2,3795,12,5,304,1,,
34,36.2,73.8,1006.4,262.4,3235,12,5,304,1,,
35,36.8,76.3,1006.4,244.9,4469,12,5,304,1,,
31,37.8,74.5,1009.5,280.1,3657,12,5,305,1,,
32,37.6,71.9,1007.1,274.7,3239,12,5,305,1,,
33,36.8,74,1009.6,293.2,3816,12,5,305,1,,
34,36.8,71.3,1006.4,261.1,3205,12,5,305,1,,
35,37.9,73.2,1006.3,245.9,4462,12,5,305,1,,
31,37.5,73.9,1009.3,279.3,3673,12,5,306,1,,
32,37.7,70.5,1007.8,273.4,3267,12,5,306,1,,
33,37.8,72.5,1009.8,290.5,3821,12,5,306,1,,
34,37.8,73.6,1006.4,259.6,3220,12,5,306,1,,
35,37,73.8,1006.1,243.1,4508,12,5,306,1,,
31,37.8,72.7,1009.1,275.3,3688,12,5,307,1,,
32,37.7,73.1,1007.5,274.9,3266,12,5,307,1,,
33,38,72.3,1009.5,289.8,3824,12,5,307,1,,
34,38.2,73,1006.1,259.4,3248,12,5,307,1,,
35,37.8,73.2,1006.2,240.6,4525,12,5,307,1,,
31,37.6,72.4,1009.2,270.3,3655,12,5,308,1,,
32,37.9,73.6,1007.5,274.5,3309,12,5,308,1,,
33,37.8,71.6,1009.6,288.1,3806,12,5,308,1,,
34,37.7,74.7,1006.1,258.7,3238,12,5,308,1,,
35,38.2,71.9,1006.2,238.7,4507,12,5,308,1,,
31,37.7,73.1,1009.2,266.3,3671,12,5,309,1,,
32,37.8,73.6,1007.2,272.8,3297,12,5,309,1,,
33,37.9,74.3,1009.5,290.3,3852,12,5,309,1,,
34,38,70.9,1006,255.7,3244,12,5,309,1,,
35,37.3,73,1006,241,4509,12,5,309,1,,
31,37.5,72,1008.8,267.1,3680,12,5,310,1,,
32,38.2,72.4,1006.8,270.7,3290,12,5,310,1,,
33,37.1,72.9,1009.9,289.2,3856,12,5,310,1,,
34,38.1,73.6,1005.6,259,3253,12,5,310,1,,
35,37.2,73.1,1005.7,240,4519,12,5,310,1,,
31,37.1,73.5,1009.1,266.2,3684,12,5,311,1,,
32,37.5,73.8,1007,270.7,3282,12,5,311,1,,
33,36.3,72.8,1009.5,293.3,3856,12,5,311,1,,
34,36.7,73.5,1006,256.8,3261,12,5,311,1,,
35,37.2,74.6,1006.4,240.5,4546,12,5,311,1,,
31,37.1,73.5,1009,264.3,3680,13,5,312,1,,
32,36.8,75,1006.9,270.8,3270,13,5,312,1,,
33,35.7,72.4,1009.3,294.9,3872,13,5,312,1,,
34,36.2,73.4,1005.8,253.2,3267,13,5,312,1,,
35,37.8,72.8,1005.9,238.8,4567,13,5,312,1,,
31,35.7,74.9,1009.1,263.7,3653,13,5,313,1,,
32,35.9,73.6,1006.8,266.7,3241,13,5,313,1,,
33,36,75.7,1009.2,294.1,3865,13,5,313,1,,
34,36.1,74.9,1006.1,253,3260,13,5,313,1,,
35,35.9,73.6,1005.8,240.1,4544,13,5,313,1,,
31,35.3,77.5,1008.8,259.5,3660,13,5,314,1,,
32,34.9,74.5,1006.8,265.7,3245,13,5,314,1,,
33,34.9,74,1009.2,293.2,3861,13,5,314,1,,
34,35.4,73.6,1005.7,250.3,3285,13,5,314,1,,
35,34.6,74.1,1005.9,241.7,4507,13,5,314,1,,
31,34.2,75.5,1009,261.5,3677,13,5,315,1,,
32,34.5,75.2,1006.7,267.8,3248,13,5,315,1,,
33,34.1,76,1009.6,295.1,3880,13,5,315,1,,
34,34.7,76.1,1006.1,247.7,3296,13,5,315,1,,
35,34.3,74.7,1006,240.5,4513,13,5,315,1,,
31,33.4,77.3,1008.6,259.2,3668,13,5,316,1,,
32,33.4,76.3,1006.8,265.6,3232,13,5,316,1,,
33,32.9,75.8,1009.3,293,3891,13,5,316,1,,
34,33.4,77,1005.9,246.1,3310,13,5,316,1,,
35,33.5,77.3,1006.3,237.4,4498,13,5,316,1,,
31,32.9,77.2,1008.9,256.6,3691,13,5,317,1,,
32,32.5,77.6,1006.7,264.5,3249,13,5,317,1,,
33,32.1,78.4,1009.6,293.1,3893,13,5,317,1,,
34,33.3,76,1006,243.2,3264,13,5,317,1,,
35,33,75.9,1006.1,238.8,4490,13,5,317,1,,
31,32.3,77.2,1009.1,255.9,3696,13,5,318,1,,
32,32.3,77.7,1006.6,263.4,3255,13,5,318,1,,
33,33,77.8,1009.7,292.2,3932,13,5,318,1,,
34,32.5,77.7,1006.1,238.5,3260,13,5,318,1,,
35,32,76.8,1006,238.6,4449,13,5,318,1,,
31,32.6,77.5,1009.2,256.2,3740,13,5,319,1,,
32,32.1,75.7,1007.2,260.9,3265,13,5,319,1,,
33,32.7,77.8,1009.8,290.6,3912,13,5,319,1,,
34,31,78.7,1005.9,240.2,3282,13,5,319,1,,
35,31.6,76.9,1005.9,232.1,4415,13,5,319,1,,
31,32.2,78,1009.3,255.5,3730,13,5,320,1,,
32,32,78.4,1007.5,257.5,3255,13,5,320,1,,
33,32.2,77.3,1009.6,292.2,3919,13,5,320,1,,
34,31.5,76.3,1006.2,237.8,3288,13,5,320,1,,
35,31.3,77.3,1006,230,4434,13,5,320,1,,
31,31.9,76.9,1009,255.4,3721,13,5,321,1,,
32,32.2,76.2,1007.3,258.4,3270,13,5,321,1,,
33,32.2,77,1009.9,292.8,3940,13,5,321,1,,
34,31.9,75.5,1005.8,237.4,3280,13,5,321,1,,
35,32.5,77.5,1006.2,227.5,4423,13,5,321,1,,
31,32.5,76.9,1009.3,255.7,3714,13,5,322,1,,
32,32.5,78.4,1007,257.7,3259,13,5,322,1,,
33,32.2,78.4,1010.1,293.7,3927,13,5,322,1,,
34,32.1,77.8,1006.6,236.1,3277,13,5,322,1,,
35,31.5,76.8,1006.4,229.4,4421,13,5,322,1,,
31,33.2,78.3,1009.4,253.3,3705,13,5,323,1,,
32,33.3,74.9,1007.3,257.6,3243,13,5,323,1,,
33,32.5,76.3,1009.7,292.7,3943,13,5,323,1,,
34,33.1,75.3,1006.4,236.4,3294,13,5,323,1,,
35,33.1,73.8,1006.2,227.7,4455,13,5,323,1,,
31,33.4,75.6,1009.2,252.8,3704,13,5,324,1,,
32,33.2,76.2,1007.5,254.7,3230,13,5,324,1,,
33,33.6,76.4,1009.8,291.8,3963,13,5,324,1,,
34,32.5,75.4,1006.3,235.8,3307,13,5,324,1,,
35,33.7,76.7,1006.5,227,4489,13,5,324,1,,
31,34.3,76.8,1009.4,249.6,3700,13,5,325,1,,
32,34.8,75.3,1007.2,255.4,3223,13,5,325,1,,
33,33.2,75.6,1010,292.6,3946,13,5,325,1,,
34,35,75.1,1006.4,237.3,3317,13,5,325,1,,
35,33.1,75.8,1006.6,222.4,4509,13,5,325,1,,
31,35.4,75.7,1009.5,247.6,3718,13,5,326,1,,
32,35.5,74.3,1007.3,256.5,3222,13,5,326,1,,
33,34.5,75.6,1009.5,294.4,3954,13,5,326,1,,
34,35.6,75.3,1006.2,233.8,3289,13,5,326,1,,
35,34.6,75.1,1006.3,223.5,4507,13,5,326,1,,
31,36.3,73.7,1009.4,250.8,3707,13,5,327,1,,
32,36.2,74.3,1007.8,258.8,3199,13,5,327,1,,
33,36.6,73.3,1009.8,288.8,3942,13,5,327,1,,
34,36.1,75.6,1006.8,234.7,3316,13,5,327,1,,
35,36.2,74.8,1006.2,223.7,4497,13,5,327,1,,
31,35.6,75.2,1009.6,249.1,3708,13,5,328,1,,
32,36.8,73,1007.4,258.1,3182,13,5,328,1,,
33,36.4,71.8,1009.8,284,3940,13,5,328,1,,
34,36.2,72.6,1006.6,234.7,3321,13,5,328,1,,
35,36.5,73.5,1006.6,224,4500,13,5,328,1,,
31,36.5,73.4,1009.6,247.2,3729,13,5,329,1,,
32,37.7,73.5,1007.2,256.5,3188,13,5,329,1,,
33,37.7,73.3,1010.2,284.8,3971,13,5,329,1,,
34,37.3,73.6,1006.6,236.5,3336,13,5,329,1,,
35,36.8,72,1006.4,222,4466,13,5,329,1,,
31,37.8,73.5,1009.2,245.7,3696,13,5,330,1,,
32,37.8,72.8,1006.7,255.7,3163,13,5,330,1,,
33,37.2,72.1,1009.8,280.8,3984,13,5,330,1,,
34,38,73.4,1006.2,237.2,3311,13,5,330,1,,
35,36.9,74.5,1006.1,223.3,4462,13,5,330,1,,
31,37.6,73.8,1009,243.4,3712,13,5,331,1,,
32,37.8,71.3,1006.9,257.4,3160,13,5,331,1,,
33,37.7,74,1009.8,282.2,3972,13,5,331,1,,
34,38.4,71.5,1006.3,234.7,3326,13,5,331,1,,
35,38.5,73.8,1006,218.5,4428,13,5,331,1,,
31,38.2,73.3,1008.9,247.7,3691,13,5,332,1,,
32,37.8,73.1,1007,260.8,3158,13,5,332,1,,
33,38.5,74,1009.6,280,3961,13,5,332,1,,
34,38,71,1006.3,232.8,3347,13,5,332,1,,
35,37.6,74.5,1006,218,4457,13,5,332,1,,
31,38,72.5,1008.8,246.2,3695,13,5,333,1,,
32,38.1,73.7,1007.3,258.5,3153,13,5,333,1,,
33,38.5,75.4,1009.3,277,3983,13,5,333,1,,
34,37.9,73.1,1005.9,230.8,3341,13,5,333,1,,
35,38,72.8,1006.2,217.8,4459,13,5,333,1,,
31,37.3,73.9,1008.9,242.7,3670,13,5,334,1,,
32,38.2,73.7,1007.1,255,3187,13,5,334,1,,
33,37.2,73.9,1009.6,276.2,3995,13,5,334,1,,
34,38,74.6,1005.9,232.2,3302,13,5,334,1,,
35,37.2,73,1006.2,220.6,4468,13,5,334,1,,
31,37.4,71.8,1009,242.8,3654,13,5,335,1,,
32,36.7,73.5,1006.8,252.4,3163,13,5,335,1,,
33,37.3,73.1,1009,275.7,4030,13,5,335,1,,
34,36.5,72.3,1005.7,228.2,3313,13,5,335,1,,
35,37.5,73.6,1005.9,220.8,4495,13,5,335,1,,
31,36.9,72.1,1008.9,241.9,3655,14,5,336,1,,
32,35.6,73.9,1006.5,249.3,3162,14,5,336,1,,
33,35.7,72.8,1009.4,275,4042,14,5,336,1,,
34,36.4,74.2,1006.1,227.9,3330,14,5,336,1,,
35,36.1,72.3,1005.8,220.4,4516,14,5,336,1,,
31,35.2,73.4,1009.2,243.5,3673,14,5,337,1,,
32,34.5,75.2,1006.3,248.4,3165,14,5,337,1,,
33,35.4,75.5,1009.3,275.6,4052,14,5,337,1,,
34,35.7,73.2,1006.1,225.9,3315,14,5,337,1,,
35,35.3,71.9,1005.7,219.2,4497,14,5,337,1,,
31,35.5,75.8,1008.8,242.8,3647,14,5,338,1,,
32,35.3,75,1007.2,248,3190,14,5,338,1,,
33,35.1,75.6,1009.3,272.4,4077,14,5,338,1,,
34,34.9,74.1,1005.8,225.8,3325,14,5,338,1,,
35,34.6,75.9,1005.8,219.1,4493,14,5,338,1,,
31,34.2,76.8,1008.7,244.1,3653,14,5,339,1,,
32,33.9,75.7,1007.1,246.7,3197,14,5,339,1,,
33,34.6,73.5,1009.2,273.7,4044,14,5,339,1,,
34,33.8,75.1,1006.1,226,3370,14,5,339,1,,
35,33.8,75.3,1005.9,215.3,4530,14,5,339,1,,
31,32.8,75.1,1009,244.4,3658,14,5,340,1,,
32,34,75.5,1006.4,246.4,3221,14,5,340,1,,
33,34,76.1,1009.6,272.9,4033,14,5,340,1,,
34,34.1,77.3,1005.6,226.7,3373,14,5,340,1,,
35,33.8,75.7,1006,217,4526,14,5,340,1,,
31,32.7,76.9,1009.1,246.5,3692,14,5,341,1,,
32,32.2,77.4,1007,241.1,3205,14,5,341,1,,
33,33,76.7,1009.2,276.6,4017,14,5,341,1,,
34,32.6,76.9,1006.2,226.9,3359,14,5,341,1,,
35,32.8,78.2,1006.3,216.3,4507,14,5,341,1,,
31,32.6,76.9,1009,246.8,3706,14,5,342,1,,
32,32.2,76.9,1006.8,238.7,3242,14,5,342,1,,
33,31.3,78.7,1009.3,275.2,4014,14,5,342,1,,
34,32.8,76.4,1006.1,225.5,3358,14,5,342,1,,
35,32.2,78.1,1005.8,215,4516,14,5,342,1,,
31,32.8,79.4,1009,250.3,3733,14,5,343,1,,
32,32,76.6,1007,239,3247,14,5,343,1,,
33,31.8,76.6,1009.3,274.5,4009,14,5,343,1,,
34,32.5,76.3,1006.5,221.1,3349,14,5,343,1,,
35,31.6,78.4,1006.2,218.3,4535,14,5,343,1,,
31,31.9,78.9,1009.5,248.5,3771,14,5,344,1,,
32,31.9,76.7,1006.9,237,3257,14,5,344,1,,
33,32.4,77.9,1009.4,273.9,4004,14,5,344,1,,
34,32.2,78,1006.2,220.2,3361,14,5,344,1,,
35,31.5,77.9,1006.3,219.5,4523,14,5,344,1,,
31,32.6,79.7,1009.1,247,3734,14,5,345,1,,
32,31.6,77.7,1007.4,236.8,3253,14,5,345,1,,
33,31.6,78,1009.7,272.3,3991,14,5,345,1,,
34,32,78.7,1006.4,221.1,3345,14,5,345,1,,
35,31.7,76.2,1006.5,220,4510,14,5,345,1,,
31,32.7,77.5,1009.2,246.1,3711,14,5,346,1,,
32,31.8,78.7,1007,237.7,3270,14,5,346,1,,
33,31.9,79.1,1009.8,269.3,4000,14,5,346,1,,
34,32.4,76.8,1006.1,221.1,3338,14,5,346,1,,
35,32.5,77,1006.1,219.3,4518,14,5,346,1,,
31,33.5,76.2,1009.9,244.9,3700,14,5,347,1,,
32,32.8,76.4,1006.9,237.6,3285,14,5,347,1,,
33,33.4,76.9,1010.1,265.4,3964,14,5,347,1,,
34,33.2,75.6,1006.7,218.5,3346,14,5,347,1,,
35,33.8,76,1006,216.4,4503,14,5,347,1,,
31,33.3,74.8,1009.5,243.3,3726,14,5,348,1,,
32,33,76,1007.3,238,3289,14,5,348,1,,
33,33.6,76.5,1009.2,263.4,3947,14,5,348,1,,
34,33.9,75.6,1006.6,215.2,3378,14,5,348,1,,
35,33.3,75.2,1006.5,213.3,4507,14,5,348,1,,
31,34.1,77,1009.6,242.5,3761,14,5,349,1,,
32,33.4,75.1,1007.4,238.8,3280,14,5,349,1,,
33,33.5,74.6,1010,260.5,3931,14,5,349,1,,
34,34.2,75,1006.4,216,3370,14,5,349,1,,
35,35.2,76.2,1006.5,216.2,4536,14,5,349,1,,
31,35.5,77.9,1009.3,241.9,3796,14,5,350,1,,
32,36.1,73.1,1007.3,237.9,3280,14,5,350,1,,
33,34.2,76.3,1010,254.8,3915,14,5,350,1,,
34,34.6,74.8,1006.2,218.9,3362,14,5,350,1,,
35,35.3,74.7,1006.4,215.3,4531,14,5,350,1,,
31,35,75.7,1009.5,239.3,3772,14,5,351,1,,
32,35.2,74.8,1007.4,237.2,3290,14,5,351,1,,
33,36,75.7,1010.1,253.3,3879,14,5,351,1,,
34,36.2,74.6,1006.3,218,3382,14,5,351,1,,
35,35.9,74.7,1006.2,217.8,4543,14,5,351,1,,
31,36.2,71.5,1009.3,239.8,3766,14,5,352,1,,
32,36.3,72.2,1007.2,236.7,3297,14,5,352,1,,
33,36.9,73.5,1009.9,252.1,3856,14,5,352,1,,
34,36.4,75,1006.6,219.1,3376,14,5,352,1,,
35,36.4,74,1006.6,214,4544,14,5,352,1,,
31,37.8,75,1009.6,239.4,3723,14,5,353,1,,
32,37.1,73.9,1007.2,235.9,3311,14,5,353,1,,
33,37.3,73.5,1009.7,252.2,3832,14,5,353,1,,
34,36.6,72.7,1006.4,219.4,3336,14,5,353,1,,
35,36.5,76,1006.4,210.9,4620,14,5,353,1,,
31,37.2,72.8,1009.1,238.3,3759,14,5,354,1,,
32,37.6,71.7,1007,236.8,3343,14,5,354,1,,
33,37.5,72.9,1009.4,251.3,3850,14,5,354,1,,
34,37.6,73.1,1006.3,221.2,3348,14,5,354,1,,
35,37.3,72.7,1006.2,208.4,4628,14,5,354,1,,
31,37.1,74.5,1009.4,238.1,3748,14,5,355,1,,
32,38.5,72.9,1006.9,236,3378,14,5,355,1,,
33,37.7,72.6,1009.8,249.7,3848,14,5,355,1,,
34,38.6,72.5,1006.4,223.6,3378,14,5,355,1,,
35,36.8,73.8,1006,206.7,4647,14,5,355,1,,
31,37.6,71,1009.5,240.4,3723,14,5,356,1,,
32,38.3,72.4,1007.2,232.7,3367,14,5,356,1,,
33,37.4,72.6,1009.5,249.9,3862,14,5,356,1,,
34,37.5,72.3,1006.1,223.8,3395,14,5,356,1,,
35,37.9,72.4,1005.9,210.1,4661,14,5,356,1,,
31,37.6,73.1,1009,235.7,3714,14,5,357,1,,
32,37.4,73.2,1007.1,231.5,3353,14,5,357,1,,
33,38.3,72.2,1009.1,250.6,3874,14,5,357,1,,
34,37.5,72.7,1005.7,225.9,3388,14,5,357,1,,
35,37.4,72.9,1005.8,212.8,4668,14,5,357,1,,
31,38.6,72.3,1008.9,232.6,3729,14,5,358,1,,
32,37.6,72.4,1006.8,231.4,3342,14,5,358,1,,
33,37.3,73.5,1009.2,251.9,3871,14,5,358,1,,
34,37.6,72.6,1006.3,219.4,3391,14,5,358,1,,
35,37.1,73.6,1005.9,209.4,4679,14,5,358,1,,
31,37.2,72.6,1008.6,234.6,3700,14,5,359,1,,
32,36.3,72,1006.5,231.1,3348,14,5,359,1,,
33,36.7,72.7,1009.4,251.1,3876,14,5,359,1,,
34,37.1,72.8,1006.3,216.8,3410,14,5,359,1,,
35,37.3,74.4,1005.9,208.8,4686,14,5,359,1,,
31,36.8,71.6,1009,235.8,3726,15,5,360,1,,
32,36.6,74.4,1007.1,229.1,3360,15,5,360,1,,
33,36.3,74,1009.4,249,3863,15,5,360,1,,
34,36.7,75.1,1005.8,214.6,3436,15,5,360,1,,
35,37.3,73.5,1006,209.3,4697,15,5,360,1,,
37,36.4,72.9,1008.3,447.8,3225,2,6,48,1,,
38,36.3,71.9,1007.1,378.2,3238,2,6,48,1,,
39,37.1,74.8,1007.8,440.1,3316,2,6,48,1,,
40,36.1,74.9,1006.5,393.3,3079,2,6,48,1,,
41,24.1,54,1008,380.7,3360,2,6,48,1,,
42,24.6,55.5,1008.1,416.6,3117,2,6,48,1,,
43,24.4,54.1,1007.7,389.4,3376,2,6,48,1,,
44,24.5,53.7,1008.5,394.1,3482,2,6,48,1,,
45,23.8,55.2,1006.9,407.4,3268,2,6,48,1,,
46,24.7,53.8,1010,397.9,3238,2,6,48,1,,
47,24.4,54.4,1008.6,407.9,3252,2,6,48,1,,
48,24.8,53.5,1007.7,445,3420,2,6,48,1,,
49,24.6,53.2,1007.2,439.1,3139,2,6,48,1,,
50,24.6,54.9,1009,445.4,3262,2,6,48,1,,
37,32.7,77.9,1008.4,446.6,3201,2,6,54,1,,
38,32.8,78.2,1007.5,375.4,3203,2,6,54,1,,
39,31.9,76.4,1007.4,438.3,3325,2,6,54,1,,
40,32.5,75.9,1006.8,392.2,3043,2,6,54,1,,
41,23.3,54.9,1008.1,378.8,3364,2,6,54,1,,
42,23.3,54.6,1008.2,415.1,3127,2,6,54,1,,
43,23.3,55.2,1007.4,389.3,3375,2,6,54,1,,
44,23.5,55,1008.7,397.1,3492,2,6,54,1,,
45,23.8,53.3,1006.8,411.4,3319,2,6,54,1,,
46,23.9,55.1,1009.9,400.5,3230,2,6,54,1,,
47,23.3,55.5,1008.5,408.4,3232,2,6,54,1,,
48,23.2,55.9,1007.8,445.4,3419,2,6,54,1,,
49,23.3,54.3,1007.8,442.1,3139,2,6,54,1,,
50,23.4,55.7,1009,442.3,3293,2,6,54,1,,
37,34,77.6,1008.5,447.3,3181,2,6,60,1,,
38,32.6,74.9,1007.7,374.3,3186,2,6,60,1,,
39,34,77.1,1007.8,438.9,3351,2,6,60,1,,
40,33.1,75.2,1006.7,390.6,3042,2,6,60,1,,
41,23.8,55.2,1008.5,376.5,3394,2,6,60,1,,
42,23.6,54.6,1008.6,415.4,3124,2,6,60,1,,
43,23,54.4,1008.4,389.1,3403,2,6,60,1,,
44,24.3,53.7,1009.3,397.8,3494,2,6,60,1,,
45,24,55.7,1007.3,407.7,3329,2,6,60,1,,
46,23.1,54,1010.6,399.1,3228,2,6,60,1,,
47,23.3,55.4,1008.8,413.6,3236,2,6,60,1,,
48,23.2,55.1,1008.4,447.9,3453,2,6,60,1,,
49,22.9,55.5,1008.1,443.9,3163,2,6,60,1,,
50,23.3,56,1009.4,439.4,3320,2,6,60,1,,
37,37.7,73.3,1008.5,446.6,3201,2,6,66,1,,
38,37.8,72.7,1007.7,375.8,3166,2,6,66,1,,
39,37.5,74.1,1008.1,435.5,3399,2,6,66,1,,
40,37.5,72.8,1006.9,388.3,3069,2,6,66,1,,
41,24.3,54.4,1008.7,375.8,3384,2,6,66,1,,
42,25.5,54.6,1009.1,412.7,3095,2,6,66,1,,
43,25,55.6,1008,386.9,3417,2,6,66,1,,
44,24.8,55.6,1009.3,394.1,3479,2,6,66,1,,
45,24.6,55.7,1007,407.8,3349,2,6,66,1,,
46,24.5,55.3,1009.9,397.8,3235,2,6,66,1,,
47,24.3,52.3,1008.9,413.6,3267,2,6,66,1,,
48,24.7,54.1,1008.2,446.5,3479,2,6,66,1,,
49,25.3,53.6,1007.8,447.5,3152,2,6,66,1,,
50,24.9,55.6,1009.3,440.5,3286,2,6,66,1,,
37,36.4,73.1,1007.9,445.1,3181,3,6,72,1,,
38,36.7,73.8,1007.3,376.8,3187,3,6,72,1,,
39,36.1,74.8,1007.7,432.3,3406,3,6,72,1,,
40,35.9,74.4,1006.7,387.1,3076,3,6,72,1,,
41,24.7,53.9,1007.8,376.2,3366,3,6,72,1,,
42,24.2,55.7,1008.6,410.9,3087,3,6,72,1,,
43,24.2,55.5,1007.5,386.7,3409,3,6,72,1,,
44,24.2,54.7,1008.9,393.1,3475,3,6,72,1,,
45,24.8,55.4,1007,407.7,3368,3,6,72,1,,
46,24.2,54.6,1009.9,398.4,3239,3,6,72,1,,
47,24.3,54.7,1008.4,413,3263,3,6,72,1,,
48,24.5,54.8,1008,446.6,3487,3,6,72,1,,
49,24.4,56,1007.5,445.4,3128,3,6,72,1,,
50,24.3,53.7,1008.8,441.1,3275,3,6,72,1,,
37,32.2,76.6,1008.4,444.4,3236,3,6,78,1,,
38,31.9,76.9,1007.5,375.4,3203,3,6,78,1,,
39,32.9,75.8,1007.7,433.5,3430,3,6,78,1,,
40,31.9,76.6,1006.8,387.8,3088,3,6,78,1,,
41,23.2,55.3,1008.3,375.4,3379,3,6,78,1,,
42,22.8,54,1008.5,411,3089,3,6,78,1,,
43,23.4,55.3,1007.2,382.9,3386,3,6,78,1,,
44,22.8,56,1009.1,392.7,3508,3,6,78,1,,
45,23.2,55.7,1007,406.7,3343,3,6,78,1,,
46,23.2,55.1,1010.2,396.4,3245,3,6,78,1,,
47,23.4,54.8,1008.6,416.4,3298,3,6,78,1,,
48,23.2,55.3,1007.8,449.8,3470,3,6,78,1,,
49,23.1,54.3,1007.1,443.8,3152,3,6,78,1,,
50,23.4,54.7,1009.2,443.5,3297,3,6,78,1,,
37,32.5,76.5,1008.6,441.7,3239,3,6,84,1,,
38,33.6,78,1007.5,374.4,3188,3,6,84,1,,
39,33.3,77.7,1008.3,433.1,3421,3,6,84,1,,
40,32.5,75.5,1007.2,387.8,3102,3,6,84,1,,
41,23.3,55.9,1008.4,377.5,3421,3,6,84,1,,
42,23.1,56.6,1008.7,411.8,3061,3,6,84,1,,
43,23.7,55.9,1008.1,383.3,3416,3,6,84,1,,
44,23.3,54.1,1009.4,392.2,3498,3,6,84,1,,
45,23.1,54.9,1007.4,404.4,3323,3,6,84,1,,
46,23.5,56.1,1010.4,396.1,3252,3,6,84,1,,
47,23,54.9,1008.9,418.6,3304,3,6,84,1,,
48,24,55.5,1008.2,450.6,3487,3,6,84,1,,
49,23.9,56.2,1007.5,443.3,3145,3,6,84,1,,
50,23.4,53.5,1009.5,442.9,3279,3,6,84,1,,
37,37.5,74,1008.6,439.5,3249,3,6,90,1,,
38,37.9,71.3,1007.8,372.3,3177,3,6,90,1,,
39,37,73.3,1008.2,432.1,3407,3,6,90,1,,
40,37.7,72.3,1006.8,384,3074,3,6,90,1,,
41,24.9,55.8,1008.9,376.5,3424,3,6,90,1,,
42,24.8,54.8,1008.8,411.8,3072,3,6,90,1,,
43,25,55.1,1007.9,382.1,3412,3,6,90,1,,
44,24.9,53.3,1008.8,392.1,3508,3,6,90,1,,
45,24.8,55.3,1006.9,402.3,3328,3,6,90,1,,
46,25,52.7,1009.8,394.6,3243,3,6,90,1,,
47,25.2,54,1008.8,419,3331,3,6,90,1,,
48,25.4,53.5,1008.2,453,3504,3,6,90,1,,
49,24.9,55.2,1007.5,441,3177,3,6,90,1,,
50,24.7,55.7,1009.1,443.6,3285,3,6,90,1,,
37,36.4,72.7,1008.1,439.2,3254,4,6,96,1,,
38,35.8,73.3,1007.5,371.5,3193,4,6,96,1,,
39,36.9,74,1007.6,430.2,3403,4,6,96,1,,
40,36.1,74,1006,383.4,3057,4,6,96,1,,
41,24.3,54.2,1008.2,373,3442,4,6,96,1,,
42,24.2,54.9,1008.3,412,3075,4,6,96,1,,
43,25.1,53.9,1007.5,378.7,3401,4,6,96,1,,
44,24.9,55.5,1008.9,394.3,3519,4,6,96,1,,
45,24.9,56.5,1006.9,401.3,3327,4,6,96,1,,
46,24.1,55.3,1009.7,393.8,3219,4,6,96,1,,
47,24.8,55.3,1008.5,416.3,3329,4,6,96,1,,
48,24.6,55.9,1007.8,447.9,3498,4,6,96,1,,
49,24.8,55,1007,442.4,3176,4,6,96,1,,
50,24.4,55.3,1009.2,442.7,3281,4,6,96,1,,
37,32.6,76.6,1008.3,438.6,3260,4,6,102,1,,
38,33.2,77.3,1007.3,371.6,3185,4,6,102,1,,
39,32.1,77.6,1007.6,430.6,3394,4,6,102,1,,
40,32,78.4,1006.5,380.8,3064,4,6,102,1,,
41,23.2,56,1008.2,374,3448,4,6,102,1,,
42,22.8,54.4,1007.9,413.3,3093,4,6,102,1,,
43,23.4,54,1007.8,382.5,3410,4,6,102,1,,
44,23,56.2,1009,394,3497,4,6,102,1,,
45,23.2,55.4,1007.1,398.3,3295,4,6,102,1,,
46,23.1,53.3,1009.7,393.7,3225,4,6,102,1,,
47,22.8,54.9,1008.4,411.5,3328,4,6,102,1,,
48,23.7,55.7,1007.8,450.3,3516,4,6,102,1,,
49,22.5,55,1007.4,441.7,3187,4,6,102,1,,
50,23.3,56.2,1009,441.7,3239,4,6,102,1,,
37,33.5,78.4,1008.9,438.4,3247,4,6,108,1,,
38,33.2,74.7,1008,370,3192,4,6,108,1,,
39,33.7,76.9,1008.1,431.6,3388,4,6,108,1,,
40,32.8,76.6,1007.1,381.3,3111,4,6,108,1,,
41,23.7,56,1008.4,372.3,3496,4,6,108,1,,
42,23.8,55.5,1008.4,410.9,3098,4,6,108,1,,
43,23.9,55.4,1008.1,383.1,3401,4,6,108,1,,
44,23,55.9,1009.4,395,3516,4,6,108,1,,
45,23.7,55.1,1007.6,398.4,3268,4,6,108,1,,
46,23,55.4,1010,391.7,3241,4,6,108,1,,
47,23.3,54.4,1008.9,410.4,3337,4,6,108,1,,
48,23.5,55.7,1008.1,449.3,3516,4,6,108,1,,
49,23.6,54.4,1007.9,442.9,3188,4,6,108,1,,
50,23.3,54.3,1009.5,441,3234,4,6,108,1,,
37,37.5,74.5,1008.5,437.3,3246,4,6,114,1,,
38,37.1,73.4,1007.6,369,3214,4,6,114,1,,
39,37.9,73.2,1007.8,427,3358,4,6,114,1,,
40,36.6,73,1006.5,380.2,3115,4,6,114,1,,
41,24.9,53.2,1008.2,371.9,3487,4,6,114,1,,
42,24.9,54.4,1008.8,410.7,3102,4,6,114,1,,
43,24.7,55.5,1007.9,382.5,3400,4,6,114,1,,
44,24.6,53.1,1009.3,397.1,3525,4,6,114,1,,
45,25.3,54.6,1007.2,397.1,3245,4,6,114,1,,
46,25.5,54.6,1009.9,391.8,3262,4,6,114,1,,
47,24.7,54.4,1009.3,411.4,3321,4,6,114,1,,
48,25.2,54.1,1008.2,451.9,3568,4,6,114,1,,
49,24.9,54.6,1007.9,443.4,3192,4,6,114,1,,
50,24.9,53.9,1009.6,443.3,3268,4,6,114,1,,
37,36.7,73.4,1008.2,435.6,3276,5,6,120,1,,
38,36.9,73.8,1007,374.1,3252,5,6,120,1,,
39,35.4,74.2,1007.5,426.4,3357,5,6,120,1,,
40,37.6,73.7,1006.3,381.4,3117,5,6,120,1,,
41,24.3,56.2,1008.1,373.2,3494,5,6,120,1,,
42,24.3,55.5,1008.2,407.7,3088,5,6,120,1,,
43,24.6,53.8,1007.4,382.9,3375,5,6,120,1,,
44,24.1,54.9,1008.5,393.7,3526,5,6,120,1,,
45,24.6,54.7,1007.3,397.8,3286,5,6,120,1,,
46,24.7,56.9,1009.5,392,3294,5,6,120,1,,
47,24.9,56,1008.5,409.5,3343,5,6,120,1,,
48,24.2,54.9,1007.5,451.5,3564,5,6,120,1,,
49,24.6,55.1,1007.2,440.4,3196,5,6,120,1,,
50,24.7,54.7,1009.2,441.6,3252,5,6,120,1,,
40,36.7,75,1006.5,376.9,3160,5,6,121,1,,
45,24,54.6,1007.1,398.7,3287,5,6,121,1,,
40,34.7,75,1006.2,374,3140,5,6,122,1,,
45,23.7,53.3,1006.8,398,3291,5,6,122,1,,
40,34.3,73.7,1006.3,375.3,3156,5,6,123,1,,
45,23.3,54.4,1007,398.9,3297,5,6,123,1,,
40,33.7,75.3,1006,376.6,3150,5,6,124,1,,
45,23.4,54.3,1007.1,400,3287,5,6,124,1,,
40,32.8,76.5,1006.5,379.5,3183,5,6,125,1,,
45,23.5,55.3,1006.8,401.6,3290,5,6,125,1,,
37,32.1,78.1,1008.2,433.1,3266,5,6,126,1,,
38,32.8,76.3,1007.4,372.3,3281,5,6,126,1,,
39,32.7,77.7,1007.6,425.8,3364,5,6,126,1,,
40,31.2,76.8,1006.2,380.6,3187,5,6,126,1,,
41,23,54.5,1008.4,368.2,3513,5,6,126,1,,
42,23,56.2,1008.4,407,3065,5,6,126,1,,
43,23.2,54.7,1007.7,386.9,3375,5,6,126,1,,
44,23.2,55.4,1008.9,391.8,3529,5,6,126,1,,
45,23,54.4,1006.8,403,3301,5,6,126,1,,
46,23.6,53.9,1009.8,394.7,3353,5,6,126,1,,
47,23,56.5,1008.4,408.6,3355,5,6,126,1,,
48,23.5,54.5,1007.7,454.3,3553,5,6,126,1,,
49,23.3,55.7,1007.2,439.7,3217,5,6,126,1,,
50,23,55.9,1008.8,441,3222,5,6,126,1,,
40,32.4,76.9,1006.3,378,3160,5,6,127,1,,
45,22.7,54.5,1007.5,403.6,3326,5,6,127,1,,
40,31.4,75.9,1006.4,375.1,3171,5,6,128,1,,
45,23.4,54.8,1007.5,401.2,3343,5,6,128,1,,
40,32.3,77.7,1006.9,374.1,3159,5,6,129,1,,
45,23,56.1,1007.2,402,3371,5,6,129,1,,
40,33.5,78,1006.8,373.5,3168,5,6,130,1,,
45,23.5,55.4,1007.1,401.1,3382,5,6,130,1,,
40,32.8,76.8,1006.9,371.2,3139,5,6,131,1,,
45,23.5,56.2,1007.3,398.9,3363,5,6,131,1,,
37,32.6,76.6,1008.5,431.6,3284,5,6,132,1,,
38,33.6,75.4,1007.8,373.7,3316,5,6,132,1,,
39,34.2,74.2,1007.9,426.7,3389,5,6,132,1,,
40,32.5,77.1,1006.5,371.3,3119,5,6,132,1,,
41,23.5,55.7,1008.6,365.4,3522,5,6,132,1,,
42,23.7,54.7,1008.8,409.7,3076,5,6,132,1,,
43,23.2,55.4,1008.1,384.7,3342,5,6,132,1,,
44,23.4,55,1009.3,393.6,3537,5,6,132,1,,
45,23.4,55.4,1007.5,395.8,3345,5,6,132,1,,
46,23.7,55,1010,398.8,3369,5,6,132,1,,
47,23.9,57.1,1008.9,407.5,3340,5,6,132,1,,
48,23.6,55.5,1008.2,452.4,3577,5,6,132,1,,
49,23,54.7,1007.7,441.5,3255,5,6,132,1,,
50,23.6,54,1009.2,443.1,3247,5,6,132,1,,
40,33.7,74.9,1006.9,368,3111,5,6,133,1,,
45,23.5,56.5,1007.4,392.5,3354,5,6,133,1,,
40,35,73.8,1007.2,363.7,3110,5,6,134,1,,
45,24,54.1,1007.4,391.5,3353,5,6,134,1,,
40,36.4,73.1,1006.9,363.2,3097,5,6,135,1,,
45,24.5,55.3,1007.5,393.2,3347,5,6,135,1,,
40,36.5,74.4,1006.8,363.9,3108,5,6,136,1,,
45,24.3,55,1007.5,390,3378,5,6,136,1,,
40,36.8,74.4,1006.7,364.8,3097,5,6,137,1,,
45,24.4,55.1,1007.5,383.5,3384,5,6,137,1,,
37,38,71.5,1008.6,433.1,3275,5,6,138,1,,
38,38.4,73.7,1007.7,366.4,3326,5,6,138,1,,
39,37.8,72.7,1008.3,426.3,3394,5,6,138,1,,
40,37.4,72.8,1006.8,359.2,3110,5,6,138,1,,
41,25.1,54.2,1008.7,365.7,3533,5,6,138,1,,
42,24.4,53.2,1008.7,407,3091,5,6,138,1,,
43,24.6,54.5,1007.8,386.6,3354,5,6,138,1,,
44,25.1,54.6,1009.3,395.4,3576,5,6,138,1,,
45,25.4,54,1007,383,3395,5,6,138,1,,
46,24.6,54.4,1010.1,399.6,3353,5,6,138,1,,
47,24.4,53.8,1008.8,409.3,3324,5,6,138,1,,
48,25.1,54.6,1008.2,452.7,3586,5,6,138,1,,
49,25.1,54.1,1007.3,444.9,3240,5,6,138,1,,
50,25,54.8,1009.2,441.3,3241,5,6,138,1,,
38,37.9,72.8,1007.7,363,3340,5,6,139,1,,
40,37.8,73,1006.8,359.2,3073,5,6,139,1,,
43,25,53.1,1007.9,390.2,3372,5,6,139,1,,
45,24.9,53.8,1007.1,379.4,3359,5,6,139,1,,
38,38.3,73.3,1007.8,363.4,3336,5,6,140,1,,
40,37.5,72.9,1006.6,356.8,3092,5,6,140,1,,
43,24.8,54.4,1007.8,392.7,3360,5,6,140,1,,
45,24.9,54.8,1007.2,379.6,3373,5,6,140,1,,
38,37.9,72.8,1007.5,364.6,3352,5,6,141,1,,
40,37.8,73.6,1006.8,356.6,3106,5,6,141,1,,
43,24.8,54.5,1007.6,394,3366,5,6,141,1,,
45,25.4,54.5,1007.2,380,3377,5,6,141,1,,
38,38.6,75.1,1007.5,356.1,3380,5,6,142,1,,
40,37.3,73.8,1006.5,355.2,3085,5,6,142,1,,
43,24.4,54,1007.5,389.3,3386,5,6,142,1,,
45,24.9,54.6,1007.4,382.6,3345,5,6,142,1,,
38,36.9,72.5,1007.3,354.4,3396,5,6,143,1,,
40,36.9,72.2,1006.5,356.8,3107,5,6,143,1,,
43,24.7,54.2,1007.7,389.6,3362,5,6,143,1,,
45,24.8,54.7,1007.2,382.2,3351,5,6,143,1,,
37,36.8,72.7,1008.2,432.6,3292,6,6,144,1,,
38,35.7,72.7,1007.4,354.8,3412,6,6,144,1,,
39,37.2,74.3,1007.7,427.6,3390,6,6,144,1,,
40,37.7,73.3,1006.5,353.7,3107,6,6,144,1,,
41,24.2,55.8,1008.2,367.1,3526,6,6,144,1,,
42,24.5,54.9,1008.1,410.2,3149,6,6,144,1,,
43,24.7,55.8,1007.5,389.1,3366,6,6,144,1,,
44,24.9,54.7,1009,396.2,3565,6,6,144,1,,
45,24.3,55.4,1006.7,381.3,3332,6,6,144,1,,
46,24.3,53.4,1009.9,398.6,3364,6,6,144,1,,
47,24.7,54.1,1008.2,406.9,3352,6,6,144,1,,
48,24.9,54.7,1007.9,453.9,3602,6,6,144,1,,
49,24.5,54.7,1007.2,442.3,3277,6,6,144,1,,
50,24,55,1008.9,439.1,3274,6,6,144,1,,
38,35.4,73.4,1007.2,354.5,3446,6,6,145,1,,
39,36.7,71.9,1007.1,425.4,3385,6,6,145,1,,
40,35,74.9,1006.2,348.7,3097,6,6,145,1,,
42,24.2,55.2,1008.3,409.3,3134,6,6,145,1,,
43,23.9,55,1007.3,388.8,3371,6,6,145,1,,
44,24.4,54,1008.8,399.4,3583,6,6,145,1,,
45,24.2,54.4,1007.1,380.6,3363,6,6,145,1,,
48,24.7,54.9,1007.7,452.9,3617,6,6,145,1,,
38,34,74.8,1007,350.4,3468,6,6,146,1,,
39,35.2,74.3,1007.5,424.2,3428,6,6,146,1,,
40,35.9,75.4,1006.4,348.2,3096,6,6,146,1,,
42,23.7,54.1,1008.3,408,3084,6,6,146,1,,
43,24.2,55.5,1007.3,388.9,3391,6,6,146,1,,
44,24.4,54.7,1008.8,400.5,3578,6,6,146,1,,
45,23.9,54.1,1006.8,381.2,3398,6,6,146,1,,
48,24,56.8,1007.8,450.7,3625,6,6,146,1,,
38,34.5,76.1,1007.5,348.7,3463,6,6,147,1,,
39,33.8,73.9,1007.7,422,3430,6,6,147,1,,
40,34.2,75.9,1006.1,348.9,3122,6,6,147,1,,
42,23.9,55.1,1008.5,408.4,3056,6,6,147,1,,
43,23.4,56.5,1007.3,391.8,3374,6,6,147,1,,
44,23.9,55.5,1008.9,398.1,3605,6,6,147,1,,
45,23.5,56.5,1006.9,380,3415,6,6,147,1,,
48,24.2,54.5,1007.6,450,3613,6,6,147,1,,
38,34.6,76,1007.5,347.9,3430,6,6,148,1,,
39,33.2,76.9,1007.3,415.6,3459,6,6,148,1,,
40,33.4,75.7,1006.2,351.6,3117,6,6,148,1,,
42,22.8,54.7,1008.2,410,3057,6,6,148,1,,
43,23.5,55.1,1007.2,392.9,3390,6,6,148,1,,
44,23.6,55.2,1008.7,397.7,3590,6,6,148,1,,
45,23.9,55.7,1006.6,380.4,3460,6,6,148,1,,
48,23.1,54,1007.9,451.1,3601,6,6,148,1,,
38,31.9,76.1,1007.6,348.7,3452,6,6,149,1,,
39,33,77.8,1007.8,413,3464,6,6,149,1,,
40,33.2,76.5,1006.3,349.3,3101,6,6,149,1,,
42,23.6,54.3,1008.5,411.2,3018,6,6,149,1,,
43,23.5,55.2,1007.4,394.8,3396,6,6,149,1,,
44,23.6,56.1,1009,400.5,3596,6,6,149,1,,
45,22.6,55.7,1006.9,378.2,3483,6,6,149,1,,
48,23.3,55.5,1007.7,452.5,3606,6,6,149,1,,
37,32.7,75.7,1008.3,434.7,3252,6,6,150,1,,
38,31.9,78.7,1007.2,348.3,3455,6,6,150,1,,
39,32.7,77,1007.6,411.7,3489,6,6,150,1,,
40,32.8,76.1,1006.5,348.7,3120,6,6,150,1,,
41,23.4,55.1,1008.1,370.3,3480,6,6,150,1,,
42,23.5,55.5,1008.5,409.1,3045,6,6,150,1,,
43,22.9,55.6,1007.3,394.7,3411,6,6,150,1,,
44,22.6,55.9,1009,403.3,3619,6,6,150,1,,
45,22.6,55.2,1007.2,379.7,3496,6,6,150,1,,
46,23.6,55.6,1009.7,398.7,3366,6,6,150,1,,
47,23.6,54.8,1008.3,407.8,3388,6,6,150,1,,
48,23.3,56,1008.4,450.2,3590,6,6,150,1,,
49,22.9,55.6,1007.2,443.2,3274,6,6,150,1,,
50,23.3,56,1008.9,438.8,3288,6,6,150,1,,
37,32.6,78.9,1008.1,432.5,3266,6,6,151,1,,
38,32,78.7,1007.4,344.8,3459,6,6,151,1,,
39,32,77.9,1007.8,409,3499,6,6,151,1,,
40,31.8,78.4,1006.5,353.1,3091,6,6,151,1,,
42,22.7,56.1,1008.6,406.9,3087,6,6,151,1,,
43,23,56.1,1007.8,395,3448,6,6,151,1,,
44,23.1,55.4,1009.1,397.7,3625,6,6,151,1,,
45,23.1,55.4,1007,377.4,3514,6,6,151,1,,
48,23.5,56,1008,448.9,3587,6,6,151,1,,
37,31.6,78.8,1008.6,429,3254,6,6,152,1,,
38,31.8,80.8,1007.7,343.2,3441,6,6,152,1,,
39,31.2,77.8,1008,410.4,3483,6,6,152,1,,
40,33.2,77.3,1006.6,351.1,3063,6,6,152,1,,
42,23.1,56,1008.2,410.8,3064,6,6,152,1,,
43,23.4,56,1007.8,394.2,3436,6,6,152,1,,
44,23.3,55.4,1008.9,397.9,3654,6,6,152,1,,
45,23.1,56.2,1007,375.5,3525,6,6,152,1,,
48,22.9,54.3,1008.3,444.6,3572,6,6,152,1,,
37,32.5,78,1009,426.4,3287,6,6,153,1,,
38,31.2,76.3,1007.7,345.2,3467,6,6,153,1,,
39,31.8,77.6,1007.8,405.8,3476,6,6,153,1,,
40,31.8,77,1006.7,352.5,3070,6,6,153,1,,
42,23.3,54.7,1008.5,412.1,3086,6,6,153,1,,
43,23.3,55.3,1007.6,392.3,3424,6,6,153,1,,
44,23.2,54.9,1009.3,400.5,3639,6,6,153,1,,
45,22.4,53.5,1007.5,373.8,3531,6,6,153,1,,
48,22.9,57.2,1008.1,444.9,3555,6,6,153,1,,
37,31.9,77.6,1008.8,419.6,3309,6,6,154,1,,
38,32.5,76.8,1007.8,343.4,3505,6,6,154,1,,
39,32.5,78.1,1008.3,405.2,3491,6,6,154,1,,
40,32.5,77.5,1006.4,348.4,3044,6,6,154,1,,
42,22.8,56.3,1008.9,409.9,3119,6,6,154,1,,
43,23.7,56.1,1007.9,392.8,3436,6,6,154,1,,
44,24,55.4,1009.4,401.6,3626,6,6,154,1,,
45,23.2,56.3,1007.3,372.8,3520,6,6,154,1,,
48,23.4,57.8,1008.3,444,3516,6,6,154,1,,
37,33.6,77.8,1009.1,420.7,3301,6,6,155,1,,
38,32.8,76.6,1007.4,342.2,3525,6,6,155,1,,
39,33.4,74.6,1007.8,404.6,3525,6,6,155,1,,
40,32.7,74.8,1006.7,344.8,3057,6,6,155,1,,
42,22.9,54.9,1008.8,407.9,3126,6,6,155,1,,
43,23,54.4,1008.2,389.8,3437,6,6,155,1,,
44,23.2,55.4,1008.9,403,3590,6,6,155,1,,
45,23.5,55.9,1007.7,370,3566,6,6,155,1,,
48,23.5,54.6,1008.2,445.5,3508,6,6,155,1,,
37,34.1,75.6,1008.7,421.6,3314,6,6,156,1,,
38,33,75.4,1008,338.4,3550,6,6,156,1,,
39,33.8,76.5,1008,404.7,3517,6,6,156,1,,
40,33.7,75.9,1006.5,343.6,3067,6,6,156,1,,
41,24.4,55.8,1008.6,370.7,3496,6,6,156,1,,
42,23.6,55.1,1009,407.2,3132,6,6,156,1,,
43,23.3,55.4,1008,390.6,3393,6,6,156,1,,
44,23.5,54.7,1009.4,398.3,3558,6,6,156,1,,
45,23.4,55.2,1007.5,367.8,3559,6,6,156,1,,
46,23.9,55.5,1010.1,400.5,3393,6,6,156,1,,
47,24,54.9,1008.9,405.1,3382,6,6,156,1,,
48,23.5,55.8,1008.2,442.6,3519,6,6,156,1,,
49,23.4,56.1,1007.6,445.8,3251,6,6,156,1,,
50,23.5,56.5,1009.4,437.5,3302,6,6,156,1,,
37,34.9,78.1,1008.5,420.1,3324,6,6,157,1,,
38,34,75.2,1007.7,338.4,3602,6,6,157,1,,
39,33.8,74.9,1008.3,402.2,3512,6,6,157,1,,
40,34.6,77.4,1007.1,343.1,3065,6,6,157,1,,
41,23.6,56.8,1009,375.9,3473,6,6,157,1,,
42,24.1,55.8,1009,404.6,3144,6,6,157,1,,
43,24.1,55.7,1008.2,392.1,3400,6,6,157,1,,
44,23.6,55.5,1009.3,400.1,3562,6,6,157,1,,
45,24.2,56.3,1007.5,369.6,3569,6,6,157,1,,
46,23.3,56.4,1010.3,400.8,3414,6,6,157,1,,
48,24,54.7,1008.3,440.1,3535,6,6,157,1,,
50,23.4,55.9,1009.2,438.5,3291,6,6,157,1,,
37,34.8,74.9,1008.9,420.6,3332,6,6,158,1,,
38,35.4,74.1,1008.1,337,3633,6,6,158,1,,
39,35.2,74.1,1008.1,401.9,3503,6,6,158,1,,
40,34.6,76.4,1006.9,343.6,3057,6,6,158,1,,
41,24.1,53.9,1008.5,374.9,3468,6,6,158,1,,
42,23.7,54,1008.8,402.5,3161,6,6,158,1,,
43,23.8,55.4,1008.1,393.5,3414,6,6,158,1,,
44,24,54.1,1009.3,399.7,3522,6,6,158,1,,
45,24,54.4,1007.3,367.8,3603,6,6,158,1,,
46,23.8,55.8,1010.1,397.5,3396,6,6,158,1,,
48,24.6,55.7,1008.4,441.3,3520,6,6,158,1,,
50,24.1,55.7,1009.5,435.8,3274,6,6,158,1,,
37,35.9,74.2,1009,423.2,3356,6,6,159,1,,
38,36.2,71.4,1007.7,338,3640,6,6,159,1,,
39,35.6,73.4,1008.4,401.6,3486,6,6,159,1,,
40,35.2,74,1006.8,343.1,3045,6,6,159,1,,
41,24.4,54.8,1008.8,375.2,3503,6,6,159,1,,
42,24.5,53.3,1008.7,399.2,3154,6,6,159,1,,
43,24.3,55.2,1008.1,395.4,3451,6,6,159,1,,
44,24,55.2,1009.3,398.9,3512,6,6,159,1,,
45,24.5,56,1007.6,365.8,3616,6,6,159,1,,
46,24.4,54.1,1010.5,399.6,3424,6,6,159,1,,
48,24.4,54,1008.4,443.1,3538,6,6,159,1,,
50,24,53.4,1009.7,435.7,3253,6,6,159,1,,
37,35.9,73.5,1008.7,420.5,3361,6,6,160,1,,
38,36,73.2,1007.5,337.1,3688,6,6,160,1,,
39,36.6,74,1007.6,403.5,3470,6,6,160,1,,
40,36.5,75,1006.5,338.1,3074,6,6,160,1,,
41,24.7,53.8,1008.6,374.8,3513,6,6,160,1,,
42,24.6,54.6,1008.7,401.5,3109,6,6,160,1,,
43,24.7,55.2,1008,394.4,3438,6,6,160,1,,
44,24,53,1009.2,401.6,3514,6,6,160,1,,
45,24.9,55.3,1007.2,362.5,3630,6,6,160,1,,
46,24.5,55,1009.9,401.3,3433,6,6,160,1,,
48,24.7,55.1,1008.2,443.1,3555,6,6,160,1,,
50,24.9,54.2,1009.5,433.7,3214,6,6,160,1,,
37,37.1,74.4,1008.5,422,3345,6,6,161,1,,
38,37.5,75.5,1008,338.3,3731,6,6,161,1,,
39,38.2,74.1,1007.8,402,3492,6,6,161,1,,
40,36.4,72.9,1006.9,337.2,3076,6,6,161,1,,
41,25,54.9,1008.7,372.2,3505,6,6,161,1,,
42,25.1,54.2,1008.7,400.2,3141,6,6,161,1,,
43,23.7,54,1007.9,393.5,3448,6,6,161,1,,
44,25,53.7,1009.3,399.9,3501,6,6,161,1,,
45,24.6,54.9,1007.3,362.5,3610,6,6,161,1,,
46,24.9,56,1010,400.8,3441,6,6,161,1,,
48,24.6,54.5,1008.2,442.2,3541,6,6,161,1,,
50,24.3,54.3,1009.5,434.1,3219,6,6,161,1,,
37,37.2,72.5,1008.6,416.4,3358,6,6,162,1,,
38,37.8,72.7,1007.9,340.4,3725,6,6,162,1,,
39,37.5,74.1,1007.9,401.1,3514,6,6,162,1,,
40,37.6,75.4,1007.1,335,3100,6,6,162,1,,
41,24.3,54.9,1008.7,369.3,3510,6,6,162,1,,
42,24.5,54.6,1008.8,396.7,3124,6,6,162,1,,
43,24.6,54,1007.5,394.1,3432,6,6,162,1,,
44,25.1,54.5,1008.9,399.8,3488,6,6,162,1,,
45,24.9,55.1,1007.5,359.5,3621,6,6,162,1,,
46,24.6,54.4,1010.2,399.8,3469,6,6,162,1,,
47,24.9,53.5,1008.7,405.2,3353,6,6,162,1,,
48,24.9,54.3,1007.9,447.2,3521,6,6,162,1,,
49,24.8,53.9,1007.6,442.7,3265,6,6,162,1,,
50,24.3,55.6,1009.3,433.6,3243,6,6,162,1,,
37,38.8,73.3,1008.5,413.4,3325,6,6,163,1,,
38,37.5,72.8,1007.8,341.2,3700,6,6,163,1,,
39,38.2,71.8,1008,400.6,3499,6,6,163,1,,
40,38.2,72.7,1006.5,335.1,3098,6,6,163,1,,
41,24.9,55.9,1008.3,370.8,3534,6,6,163,1,,
42,24.9,53.8,1008.5,395.7,3139,6,6,163,1,,
43,24.8,55,1007.6,394.6,3409,6,6,163,1,,
44,24.5,53.7,1009.5,401.9,3449,6,6,163,1,,
45,24.8,55.7,1007.5,359.3,3666,6,6,163,1,,
46,24.5,55.4,1010.1,398.4,3452,6,6,163,1,,
47,25.1,55.3,1008.8,403.9,3378,6,6,163,1,,
48,24.9,54.6,1008.1,446.7,3507,6,6,163,1,,
49,25.2,55.7,1007.7,444.1,3280,6,6,163,1,,
50,25.3,55.4,1009.2,431.3,3264,6,6,163,1,,
37,37.2,72.5,1008.9,407.2,3343,6,6,164,1,,
38,39,72,1007.5,338.6,3757,6,6,164,1,,
39,37.3,70.7,1007.7,399.7,3513,6,6,164,1,,
40,37.8,71.8,1006.8,332.8,3086,6,6,164,1,,
41,24.9,54.7,1008.6,368.3,3527,6,6,164,1,,
42,24.9,55.4,1008.3,392.9,3179,6,6,164,1,,
43,25,54,1007.7,397.3,3378,6,6,164,1,,
44,24.9,54.4,1009,400.3,3465,6,6,164,1,,
45,24.8,54.5,1007.3,363.1,3697,6,6,164,1,,
46,24.4,53.9,1010.1,398,3477,6,6,164,1,,
47,25.4,54.8,1008.7,402.4,3371,6,6,164,1,,
48,25.2,54.5,1008.2,449.3,3502,6,6,164,1,,
49,24.9,55.8,1007.6,448.7,3317,6,6,164,1,,
50,24.6,56.1,1009.2,428.9,3241,6,6,164,1,,
37,37.6,72.3,1008.2,403.6,3349,6,6,165,1,,
38,38,71.8,1007.7,339.4,3757,6,6,165,1,,
39,38.3,72.3,1007.7,397.4,3518,6,6,165,1,,
40,38.3,72.5,1006.5,334,3116,6,6,165,1,,
41,25,56.2,1008.2,367.5,3560,6,6,165,1,,
42,24.8,53.5,1008.1,394.7,3174,6,6,165,1,,
43,25.4,53.8,1007.8,399.2,3388,6,6,165,1,,
44,25.2,55.4,1009,401.2,3460,6,6,165,1,,
45,25.2,53.8,1006.9,364.2,3673,6,6,165,1,,
46,24.8,55.1,1009.7,395.7,3476,6,6,165,1,,
47,25.3,56,1008.5,401.7,3359,6,6,165,1,,
48,25.2,55.7,1008,450.4,3495,6,6,165,1,,
49,25.1,54.8,1007.5,451.6,3288,6,6,165,1,,
50,24.6,54.6,1009.1,426.1,3235,6,6,165,1,,
37,37.7,73.6,1007.9,404.6,3370,6,6,166,1,,
38,38,72.1,1007.3,334.5,3734,6,6,166,1,,
39,38.1,73,1007.9,398.5,3551,6,6,166,1,,
40,36.5,72.8,1006.2,332.5,3119,6,6,166,1,,
41,25.1,56.3,1008.5,366.9,3556,6,6,166,1,,
42,24.8,54.4,1008.6,394,3222,6,6,166,1,,
43,24.5,54.8,1008.1,398.9,3388,6,6,166,1,,
44,24.4,53.3,1008.7,400.5,3436,6,6,166,1,,
45,25,55.2,1006.7,365.1,3693,6,6,166,1,,
46,24.7,53.3,1009.7,395.6,3503,6,6,166,1,,
47,24.7,53.6,1008.6,398.9,3350,6,6,166,1,,
48,25.2,54.2,1008.1,452.1,3473,6,6,166,1,,
49,25.3,54.9,1007.5,449.9,3274,6,6,166,1,,
50,24.5,55,1009,425,3211,6,6,166,1,,
37,37.3,72.9,1008.3,403.5,3393,6,6,167,1,,
38,38,74.9,1007.4,337.1,3734,6,6,167,1,,
39,37.2,72.8,1007.7,396.9,3566,6,6,167,1,,
40,36.9,72.3,1006.2,333.1,3153,6,6,167,1,,
41,24.5,53.6,1008.2,367.8,3572,6,6,167,1,,
42,24.7,55.5,1008.5,393.7,3212,6,6,167,1,,
43,24.6,55.1,1007.5,399.2,3383,6,6,167,1,,
44,24.4,54.3,1009,400.9,3420,6,6,167,1,,
45,24.6,54.5,1006.6,364.6,3664,6,6,167,1,,
46,25,55.6,1009.9,396,3480,6,6,167,1,,
47,24.7,53.6,1008.3,396.3,3373,6,6,167,1,,
48,24.5,54.1,1008.1,449.4,3481,6,6,167,1,,
49,24.8,55.4,1007,448.8,3251,6,6,167,1,,
50,24.6,54.3,1009,425.1,3228,6,6,167,1,,
37,36.3,73.9,1007.8,403.3,3382,7,6,168,1,,
38,36.4,73.9,1007.3,335.8,3761,7,6,168,1,,
39,36.2,73,1007.8,394.1,3590,7,6,168,1,,
40,35.5,73.5,1006.5,332.3,3134,7,6,168,1,,
41,24.5,56.3,1007.9,364.6,3557,7,6,168,1,,
42,24.6,55.2,1008.2,393.7,3238,7,6,168,1,,
43,24.2,56.6,1007.5,405.2,3393,7,6,168,1,,
44,24.5,53.7,1008.6,397.3,3430,7,6,168,1,,
45,24.3,54.4,1006.7,361.8,3641,7,6,168,1,,
46,24.5,55.2,1010,397.1,3506,7,6,168,1,,
47,24.9,54.1,1008.9,394.2,3367,7,6,168,1,,
48,24.7,54.9,1008.1,445.3,3494,7,6,168,1,,
49,24.6,56.3,1007.1,450,3255,7,6,168,1,,
50,24.4,53.3,1009.1,422.9,3208,7,6,168,1,,
37,36,75.2,1008,402.5,3388,7,6,169,1,,
38,35.9,75.1,1007.5,335.8,3745,7,6,169,1,,
39,36.1,74.5,1007.1,396.3,3575,7,6,169,1,,
40,35.5,74.7,1006.2,331.4,3138,7,6,169,1,,
41,24.3,54,1008.4,362.8,3540,7,6,169,1,,
42,24.9,55.6,1008.6,392.2,3254,7,6,169,1,,
43,24.4,54.6,1007.3,404.4,3378,7,6,169,1,,
44,24.2,54.7,1008.9,395,3441,7,6,169,1,,
45,24.6,54.8,1007.2,360.7,3635,7,6,169,1,,
46,23.9,54.6,1009.7,399.1,3505,7,6,169,1,,
47,24.4,55.3,1008.3,396.1,3392,7,6,169,1,,
48,24.2,53.7,1007.6,448.1,3508,7,6,169,1,,
49,24.4,54.4,1007.3,449.3,3293,7,6,169,1,,
50,24.2,55.1,1008.8,421.5,3201,7,6,169,1,,
37,35.2,75.8,1008.3,401,3424,7,6,170,1,,
38,34.3,75.1,1007.3,335.2,3748,7,6,170,1,,
39,35.5,74.3,1007.3,396.8,3589,7,6,170,1,,
40,34.7,75.8,1006.2,328.5,3186,7,6,170,1,,
41,24.3,55.2,1008.2,362.4,3547,7,6,170,1,,
42,24.4,54.3,1008.1,395.3,3236,7,6,170,1,,
43,23.7,56.4,1007.6,407.1,3402,7,6,170,1,,
44,24.6,54.2,1008.4,392.1,3450,7,6,170,1,,
45,23.9,52.6,1007,360.2,3637,7,6,170,1,,
46,24,55.5,1009.4,402,3489,7,6,170,1,,
47,24,54.9,1008.2,393.7,3377,7,6,170,1,,
48,24.2,55.8,1007.5,448.3,3532,7,6,170,1,,
49,23.8,55.8,1007.5,451.4,3276,7,6,170,1,,
50,24.4,55,1008.7,419.3,3198,7,6,170,1,,
37,34.6,77,1008.2,401,3425,7,6,171,1,,
38,35.5,74.3,1006.9,335.1,3744,7,6,171,1,,
39,33.7,77.1,1007.5,396.2,3587,7,6,171,1,,
40,34.2,73,1006.6,330.3,3198,7,6,171,1,,
41,23.3,55,1007.9,366,3575,7,6,171,1,,
42,23.3,56.4,1008.5,395.9,3236,7,6,171,1,,
43,23.6,53.9,1007.4,407,3427,7,6,171,1,,
44,24.3,56.5,1008.9,393.6,3461,7,6,171,1,,
45,23.1,55.1,1006.8,360.2,3637,7,6,171,1,,
46,23.2,55.1,1010,402.9,3505,7,6,171,1,,
47,23.9,55.1,1008.3,392.2,3368,7,6,171,1,,
48,23.6,56.2,1007.7,448.3,3541,7,6,171,1,,
49,23.4,55.5,1007.2,452.1,3301,7,6,171,1,,
50,23.8,55.5,1008.9,417.3,3191,7,6,171,1,,
37,33.3,77.2,1008.2,399.9,3408,7,6,172,1,,
38,33.7,76.8,1007.6,331.2,3736,7,6,172,1,,
39,32.9,76.9,1007.6,393.8,3609,7,6,172,1,,
40,33.8,78.4,1006.1,329.7,3241,7,6,172,1,,
41,23.3,55.1,1008.1,370,3584,7,6,172,1,,
42,23.4,55.5,1008.6,396.1,3281,7,6,172,1,,
43,23.5,57.6,1007.4,407.8,3416,7,6,172,1,,
44,23.7,55.5,1008.6,396.7,3489,7,6,172,1,,
45,23.4,55.7,1007.1,359,3610,7,6,172,1,,
46,23.5,55.1,1009.4,398.1,3510,7,6,172,1,,
47,23.5,55.2,1008.4,391.1,3356,7,6,172,1,,
48,23.7,55,1008,448.8,3510,7,6,172,1,,
49,23.5,54.7,1007.2,454.9,3304,7,6,172,1,,
50,23.7,54.3,1008.8,418.2,3210,7,6,172,1,,
37,33.7,76.8,1008,399.3,3408,7,6,173,1,,
38,33.1,77.5,1007.8,332.3,3738,7,6,173,1,,
39,32.9,76.8,1007.9,389.7,3580,7,6,173,1,,
40,34,76.3,1006.8,330.5,3275,7,6,173,1,,
41,23.2,55.5,1007.9,369.6,3564,7,6,173,1,,
42,23,55.3,1008.3,393.6,3279,7,6,173,1,,
43,23.4,55.3,1007.5,406.3,3421,7,6,173,1,,
44,23.1,55.9,1009.1,397.3,3487,7,6,173,1,,
45,22.9,55.7,1007.2,355.1,3591,7,6,173,1,,
46,23.7,55.6,1009.8,400.9,3519,7,6,173,1,,
47,23.3,55.9,1008.3,386,3330,7,6,173,1,,
48,23.8,54.6,1008.3,448.2,3505,7,6,173,1,,
49,23.9,56.1,1007.4,453.5,3303,7,6,173,1,,
50,23.2,55,1008.7,419,3238,7,6,173,1,,
37,32.3,77.7,1008.2,397.9,3438,7,6,174,1,,
38,32,76.5,1007.3,332.9,3747,7,6,174,1,,
39,31.7,77.4,1007.6,388.4,3565,7,6,174,1,,
40,32.8,77.4,1006.9,328.7,3316,7,6,174,1,,
41,22.6,57,1008.2,367.7,3531,7,6,174,1,,
42,23.3,55.9,1008.8,394.2,3304,7,6,174,1,,
43,23.4,54.7,1007.6,407,3436,7,6,174,1,,
44,23.6,55.6,1008.7,394.7,3430,7,6,174,1,,
45,23,53.8,1007,355.5,3602,7,6,174,1,,
46,23.1,54.8,1010.2,401.7,3501,7,6,174,1,,
47,23.5,56.2,1008.6,386.7,3352,7,6,174,1,,
48,23.3,54.9,1007.6,447.7,3514,7,6,174,1,,
49,23.3,55.4,1007.6,453.6,3292,7,6,174,1,,
50,23.9,55.7,1009,416.8,3202,7,6,174,1,,
37,31.2,77.3,1008.5,398.3,3462,7,6,175,1,,
38,31.4,76.9,1007.7,332.8,3762,7,6,175,1,,
39,32.9,79.3,1007.9,384.6,3559,7,6,175,1,,
40,33.1,78.7,1006.5,328.4,3294,7,6,175,1,,
41,23,55.4,1008.5,365.5,3522,7,6,175,1,,
42,23.1,56.8,1008.9,395,3286,7,6,175,1,,
43,23.6,55.9,1007.6,405.6,3426,7,6,175,1,,
44,23.6,54.8,1009.1,392.5,3434,7,6,175,1,,
45,22.9,55.2,1006.9,351.7,3600,7,6,175,1,,
46,22.7,56.5,1009.6,405.1,3448,7,6,175,1,,
47,22.9,55.6,1008.4,386.1,3392,7,6,175,1,,
48,23.5,54.5,1008.1,447.2,3516,7,6,175,1,,
49,23.1,55.2,1007.5,452.4,3332,7,6,175,1,,
50,23.1,57.4,1009.3,418.8,3208,7,6,175,1,,
37,33,79.1,1008.2,394.3,3472,7,6,176,1,,
38,32.2,79,1007.6,331.2,3747,7,6,176,1,,
39,32.4,77.4,1008,386.3,3600,7,6,176,1,,
40,31.8,78,1006.3,327,3337,7,6,176,1,,
41,22.7,55.3,1008,363.6,3536,7,6,176,1,,
42,22.8,55.7,1008.6,396.1,3296,7,6,176,1,,
43,22.8,55.7,1007.8,406.9,3440,7,6,176,1,,
44,23.1,54.5,1009.2,391.8,3447,7,6,176,1,,
45,23.1,55.5,1007.4,352.1,3615,7,6,176,1,,
46,23.4,55.9,1009.9,404.4,3487,7,6,176,1,,
47,22.8,54.6,1008.6,385,3398,7,6,176,1,,
48,23.3,55.1,1008.1,449,3538,7,6,176,1,,
49,22.6,55.3,1007.5,451.2,3290,7,6,176,1,,
50,23.1,53.6,1009.3,417.3,3196,7,6,176,1,,
37,31.4,75.4,1008.6,394.6,3510,7,6,177,1,,
38,32.2,74.9,1007.6,330,3723,7,6,177,1,,
39,31.8,77.4,1007.8,381.5,3618,7,6,177,1,,
40,32,78.4,1006.8,325.5,3337,7,6,177,1,,
41,22.7,56.3,1008.6,365.2,3538,7,6,177,1,,
42,23,55,1008.7,399.5,3318,7,6,177,1,,
43,23.4,54.9,1008.1,405.3,3449,7,6,177,1,,
44,23.5,56.1,1009.1,395.4,3448,7,6,177,1,,
45,23.1,57,1007.2,353.2,3621,7,6,177,1,,
46,23.2,54.8,1009.7,404.5,3488,7,6,177,1,,
47,23.3,55.2,1009.1,387.1,3385,7,6,177,1,,
48,22.7,55,1008.1,450.4,3534,7,6,177,1,,
49,23.6,56.1,1007.3,448.9,3264,7,6,177,1,,
50,22.9,55.2,1009.1,417,3186,7,6,177,1,,
37,32.8,79,1008.7,391.6,3530,7,6,178,1,,
38,31.9,77.9,1007.8,329.4,3733,7,6,178,1,,
39,32.7,76.5,1007.6,379.9,3636,7,6,178,1,,
40,32.5,75,1006.9,324.5,3360,7,6,178,1,,
41,23.1,55.7,1008.8,367.4,3506,7,6,178,1,,
42,23.3,56.3,1008.6,398.2,3305,7,6,178,1,,
43,23.1,55.4,1008,402.2,3434,7,6,178,1,,
44,23.2,55.3,1008.9,392.4,3438,7,6,178,1,,
45,23.4,55.7,1007.3,353.6,3633,7,6,178,1,,
46,22.7,55.4,1010,404.2,3504,7,6,178,1,,
47,23.1,55.9,1008.6,382.7,3425,7,6,178,1,,
48,23.2,56.4,1008.2,453,3504,7,6,178,1,,
49,23.1,56.7,1007.6,447.9,3287,7,6,178,1,,
50,23.2,54.2,1009.3,414.5,3175,7,6,178,1,,
37,33.5,77.1,1008.9,390.5,3544,7,6,179,1,,
38,32.9,77.9,1007.8,325.7,3769,7,6,179,1,,
39,33.5,76,1008.2,380.3,3648,7,6,179,1,,
40,33.1,76.5,1006.8,324.1,3393,7,6,179,1,,
41,23,54.5,1008.7,365.7,3503,7,6,179,1,,
42,23.3,55,1009,396.9,3290,7,6,179,1,,
43,23.5,55.4,1007.9,399.6,3430,7,6,179,1,,
44,23,55.1,1009.4,391.3,3444,7,6,179,1,,
45,23.5,56.5,1007.4,351.1,3638,7,6,179,1,,
46,23.7,56.1,1010,404.7,3507,7,6,179,1,,
47,23,56,1009,380.8,3465,7,6,179,1,,
48,23.2,54.3,1008.3,454.2,3502,7,6,179,1,,
49,23.4,55.4,1007.8,444.3,3300,7,6,179,1,,
50,23.3,54.1,1009.2,415.4,3148,7,6,179,1,,
37,33.4,78.6,1008.9,387.5,3585,7,6,180,1,,
38,33.7,75.6,1007.6,325.7,3770,7,6,180,1,,
39,32.9,74.9,1007.9,378.9,3687,7,6,180,1,,
40,33.5,76.5,1006.6,323.2,3426,7,6,180,1,,
41,24,56.1,1008.9,364,3449,7,6,180,1,,
42,24.1,54.9,1008.8,397.5,3269,7,6,180,1,,
43,23.7,54.8,1008.3,401.5,3425,7,6,180,1,,
44,23.3,57.3,1009.6,390.5,3451,7,6,180,1,,
45,23.4,54.9,1007.4,349,3591,7,6,180,1,,
46,23.1,55.6,1010.6,404.4,3477,7,6,180,1,,
47,23.5,55.4,1008.6,376.2,3462,7,6,180,1,,
48,23.4,54.2,1008.7,453.9,3495,7,6,180,1,,
49,23.9,54.3,1007.7,440.3,3295,7,6,180,1,,
50,24,56.2,1009.3,413.5,3153,7,6,180,1,,
37,33.9,75.6,1008.8,387.8,3598,7,6,181,1,,
38,35,75.3,1007.7,326.6,3792,7,6,181,1,,
39,33.9,76.4,1008,379,3689,7,6,181,1,,
40,34.4,74.5,1006.7,320.9,3449,7,6,181,1,,
41,23.6,54,1008.3,366,3433,7,6,181,1,,
42,24.1,55.6,1009.1,395.9,3272,7,6,181,1,,
43,23.6,52.9,1007.8,398.9,3398,7,6,181,1,,
44,23.3,55,1009.2,391.7,3434,7,6,181,1,,
45,24.2,54.7,1007.1,349.1,3605,7,6,181,1,,
46,23.8,54.2,1010.4,405.2,3475,7,6,181,1,,
47,24.1,53.6,1008.9,376.1,3488,7,6,181,1,,
48,24.2,54.8,1008.2,452.2,3479,7,6,181,1,,
49,23.6,56.6,1007.7,440.8,3325,7,6,181,1,,
50,23.3,53.5,1009.3,412.9,3157,7,6,181,1,,
37,34.4,75.5,1009,389.1,3576,7,6,182,1,,
38,35.1,75.7,1007.9,326.3,3819,7,6,182,1,,
39,35.1,75.4,1008,379,3718,7,6,182,1,,
40,35.4,71.5,1006.9,320.4,3433,7,6,182,1,,
41,23.8,54.7,1009,365.3,3454,7,6,182,1,,
42,24,55.2,1008.5,395.8,3245,7,6,182,1,,
43,24,55.2,1008.4,398.7,3358,7,6,182,1,,
44,24.5,54.9,1009.1,391.5,3450,7,6,182,1,,
45,23.9,54,1007.2,353.3,3578,7,6,182,1,,
46,23.9,54.8,1010.2,403.3,3449,7,6,182,1,,
47,24.3,55.1,1008.9,374.4,3467,7,6,182,1,,
48,23.7,54.4,1008.9,449.6,3451,7,6,182,1,,
49,23.4,55.2,1007.6,438.6,3312,7,6,182,1,,
50,23.8,56,1009.2,410.4,3168,7,6,182,1,,
37,35.4,73.3,1008.8,385.2,3557,7,6,183,1,,
38,36.1,74.2,1008.2,320.8,3864,7,6,183,1,,
39,35.4,75.6,1008,377.4,3735,7,6,183,1,,
40,35.6,75.7,1007,318.6,3433,7,6,183,1,,
41,24.2,53.6,1008.4,365,3457,7,6,183,1,,
42,24.4,53.2,1008.5,397.1,3236,7,6,183,1,,
43,24,55.4,1008,400.1,3350,7,6,183,1,,
44,24.4,55,1009.5,392.8,3468,7,6,183,1,,
45,23.8,54.6,1007.6,356.3,3575,7,6,183,1,,
46,24.6,54.6,1010.2,403.6,3456,7,6,183,1,,
47,24.1,54,1008.9,374,3463,7,6,183,1,,
48,24.3,54.8,1008.5,448.2,3435,7,6,183,1,,
49,24.1,54.1,1007.7,440.4,3325,7,6,183,1,,
50,23.9,53.9,1009.5,408,3167,7,6,183,1,,
37,36.2,72,1008.7,380.2,3570,7,6,184,1,,
38,35.6,73.2,1007.8,319.7,3887,7,6,184,1,,
39,36.3,74.1,1008.1,372.5,3747,7,6,184,1,,
40,36.4,74.1,1006.6,316.5,3457,7,6,184,1,,
41,24.7,55.2,1008.8,363.2,3495,7,6,184,1,,
42,24.2,55.8,1008.9,398.6,3234,7,6,184,1,,
43,24.8,54.9,1008.1,400.1,3336,7,6,184,1,,
44,24.4,54.5,1009.2,391.5,3471,7,6,184,1,,
45,24.4,53.7,1007.7,355.9,3576,7,6,184,1,,
46,24.1,53.4,1010.1,404.1,3443,7,6,184,1,,
47,24.5,54.4,1009.1,374.1,3455,7,6,184,1,,
48,25,53.5,1008.4,449.2,3453,7,6,184,1,,
49,25.3,55,1007.9,442.8,3305,7,6,184,1,,
50,24.3,54.1,1009,407.9,3143,7,6,184,1,,
37,36.9,72.7,1008.6,379.3,3585,7,6,185,1,,
38,36.6,73.6,1007.7,319.5,3889,7,6,185,1,,
39,36.4,71.9,1008.1,372.7,3775,7,6,185,1,,
40,37.1,72.5,1006.6,317.1,3451,7,6,185,1,,
41,25.3,54.2,1008.4,359.3,3500,7,6,185,1,,
42,25.5,54.2,1009.1,398.2,3203,7,6,185,1,,
43,24.7,54.9,1007.7,400,3362,7,6,185,1,,
44,24.7,56,1009.1,389.2,3486,7,6,185,1,,
45,24.8,54.9,1007.4,358.2,3546,7,6,185,1,,
46,24.6,56.3,1009.8,402.3,3483,7,6,185,1,,
47,24.4,54.6,1009.1,375,3471,7,6,185,1,,
48,24.6,53.6,1008.6,448,3485,7,6,185,1,,
49,25.1,53.9,1007.8,444.5,3269,7,6,185,1,,
50,24.7,54.2,1009.3,407.3,3149,7,6,185,1,,
37,38.3,73.9,1009,379.8,3592,7,6,186,1,,
38,37.6,72.4,1007.6,319.3,3912,7,6,186,1,,
39,37.1,72.2,1008,374.4,3782,7,6,186,1,,
40,37.9,72.3,1006.5,316.8,3452,7,6,186,1,,
41,25,54.1,1008.6,356.3,3521,7,6,186,1,,
42,25,54.8,1008.5,396,3204,7,6,186,1,,
43,25,55.7,1008,397.9,3379,7,6,186,1,,
44,24.9,54,1009.3,388.4,3518,7,6,186,1,,
45,24.9,54.9,1007.3,359.2,3560,7,6,186,1,,
46,24.9,54,1010.3,402.1,3477,7,6,186,1,,
47,25.1,55.5,1009,375,3465,7,6,186,1,,
48,25,54.2,1008.3,450,3488,7,6,186,1,,
49,24.8,54.6,1007.4,445,3306,7,6,186,1,,
50,24.6,55.6,1008.9,406.6,3167,7,6,186,1,,
37,37.7,72.3,1008.6,377,3600,7,6,187,1,,
38,37.6,71.8,1007.8,318.4,3932,7,6,187,1,,
39,37.5,74.2,1007.8,373.1,3757,7,6,187,1,,
40,38.2,73.6,1006.6,316.7,3448,7,6,187,1,,
41,24.8,54.7,1008.5,352,3539,7,6,187,1,,
42,25.1,52.5,1008.8,394.7,3178,7,6,187,1,,
43,24.6,54.4,1007.8,396.3,3428,7,6,187,1,,
44,24.7,54.1,1009.1,390.8,3505,7,6,187,1,,
45,25.3,54.4,1007.2,360,3558,7,6,187,1,,
46,25,54,1009.8,401.6,3459,7,6,187,1,,
47,25.2,52.6,1009,376.1,3499,7,6,187,1,,
48,24.7,53.1,1008.1,451.4,3469,7,6,187,1,,
49,24.7,55.5,1007.6,442.1,3300,7,6,187,1,,
50,25.1,53.7,1009.1,404.3,3180,7,6,187,1,,
37,38,71.9,1008.2,381.3,3575,7,6,188,1,,
38,37.5,70.8,1007.5,316.1,3934,7,6,188,1,,
39,38.4,73.5,1007.6,375.8,3748,7,6,188,1,,
40,38.3,72.8,1006.5,314.5,3457,7,6,188,1,,
41,24.8,54.7,1008.1,350.8,3548,7,6,188,1,,
42,25.3,54.5,1008.8,395.3,3180,7,6,188,1,,
43,25,55.9,1007.8,394.3,3421,7,6,188,1,,
44,25.1,53.6,1009.2,389.2,3519,7,6,188,1,,
45,24.5,55.2,1006.8,360.5,3610,7,6,188,1,,
46,25,54.8,1010.1,403.5,3452,7,6,188,1,,
47,24.7,55.4,1008.8,374.6,3498,7,6,188,1,,
48,25.2,54.5,1008.2,446.4,3442,7,6,188,1,,
49,25.1,55.8,1007.6,440.5,3310,7,6,188,1,,
50,24.8,54.7,1009.2,408.7,3188,7,6,188,1,,
37,37.9,73.9,1008.5,379.6,3555,7,6,189,1,,
38,37.6,73.4,1007.5,315.6,3941,7,6,189,1,,
39,38.2,72.9,1007.3,376.1,3761,7,6,189,1,,
40,38.5,73.6,1006.3,312,3446,7,6,189,1,,
41,24.6,53.7,1008.3,350.1,3557,7,6,189,1,,
42,24.9,54.9,1008.4,393.3,3194,7,6,189,1,,
43,25,54.2,1007.6,395.2,3430,7,6,189,1,,
44,25.2,53.1,1009,387.9,3530,7,6,189,1,,
45,25.1,54,1007,360.9,3611,7,6,189,1,,
46,25.1,54.9,1009.9,402.3,3433,7,6,189,1,,
47,24.9,54.2,1008.3,376.6,3480,7,6,189,1,,
48,24.8,56,1007.9,445.8,3487,7,6,189,1,,
49,24.1,55.3,1007.2,438.2,3306,7,6,189,1,,
50,24.7,53.3,1009,408.2,3146,7,6,189,1,,
37,37.7,70.3,1008.3,378.8,3580,7,6,190,1,,
38,37.7,72.9,1007.5,313.2,3972,7,6,190,1,,
39,36.7,74.4,1007.7,377.8,3730,7,6,190,1,,
40,37.3,71.1,1006.6,310.3,3459,7,6,190,1,,
41,24.8,55.1,1008.1,351,3540,7,6,190,1,,
42,24.8,54.6,1008.6,392.8,3195,7,6,190,1,,
43,25.1,55.8,1007.5,397.1,3460,7,6,190,1,,
44,24.6,54.1,1009.1,389.8,3512,7,6,190,1,,
45,25.1,55.7,1007.3,358.3,3613,7,6,190,1,,
46,25,53.2,1009.7,396.8,3408,7,6,190,1,,
47,24.6,55.5,1008.2,375.7,3462,7,6,190,1,,
48,25,55.3,1007.8,447.9,3515,7,6,190,1,,
49,24.5,54.4,1007.5,434.1,3307,7,6,190,1,,
50,24.7,54.8,1008.9,409.8,3116,7,6,190,1,,
37,36.5,73,1008.3,378.4,3556,7,6,191,1,,
38,37,72,1007.4,310.7,3989,7,6,191,1,,
39,36.9,74.5,1007.3,376.2,3742,7,6,191,1,,
40,37,73.3,1006.2,309.5,3445,7,6,191,1,,
41,24.5,55.2,1008.1,348.4,3576,7,6,191,1,,
42,24.5,55,1008.4,394.3,3185,7,6,191,1,,
43,25.1,53.2,1007.9,395.5,3424,7,6,191,1,,
44,25.2,52.6,1008.8,387,3521,7,6,191,1,,
45,24.9,55.9,1007,356.6,3623,7,6,191,1,,
46,24.4,55.5,1009.8,395.4,3424,7,6,191,1,,
47,25.2,55.6,1008.3,373.4,3479,7,6,191,1,,
48,24.9,54.6,1008,444.3,3538,7,6,191,1,,
49,24.7,55.1,1007.2,435.8,3337,7,6,191,1,,
50,24.9,55.4,1009.1,406.4,3124,7,6,191,1,,
37,36.2,75.2,1008.2,374.3,3578,8,6,192,1,,
38,37.6,73,1007.4,306.4,4001,8,6,192,1,,
39,35.6,72.5,1007.8,375.6,3769,8,6,192,1,,
40,36.5,75.3,1006.4,309.2,3422,8,6,192,1,,
41,24.5,55.1,1007.7,350.8,3630,8,6,192,1,,
42,24.4,55.4,1008.3,392.2,3213,8,6,192,1,,
43,25,55.2,1007.6,394.5,3429,8,6,192,1,,
44,24.4,53.9,1008.6,385.1,3524,8,6,192,1,,
45,25,54.5,1006.8,356.3,3612,8,6,192,1,,
46,24.8,54.6,1009.4,394.7,3423,8,6,192,1,,
47,24.6,54.5,1008.3,372.7,3498,8,6,192,1,,
48,24.2,54.5,1008.1,446.2,3507,8,6,192,1,,
49,24.8,54.2,1007.6,433.3,3354,8,6,192,1,,
50,24.3,53.6,1008.8,404.3,3144,8,6,192,1,,
37,35,74.1,1008.3,375.9,3534,8,6,193,1,,
38,35.3,73.8,1007.1,307,4025,8,6,193,1,,
39,35.9,76.8,1007.6,377.3,3767,8,6,193,1,,
40,36.1,75,1006.4,308.9,3423,8,6,193,1,,
41,24.6,56,1008,351,3642,8,6,193,1,,
42,23.7,55.5,1008,395.6,3184,8,6,193,1,,
43,24.2,54.4,1007.5,394.5,3404,8,6,193,1,,
44,24.6,56.4,1008.7,385.4,3549,8,6,193,1,,
45,24.5,54.4,1007.2,357,3627,8,6,193,1,,
46,23.9,55.2,1009.7,395.3,3430,8,6,193,1,,
47,24.7,56.3,1008.2,372.5,3527,8,6,193,1,,
48,24,55.4,1007.5,448.8,3511,8,6,193,1,,
49,24.6,56.6,1007.4,431.6,3375,8,6,193,1,,
50,24.4,53.9,1008.7,403.2,3144,8,6,193,1,,
37,35.4,75.9,1008,375.3,3477,8,6,194,1,,
38,35,74.1,1007.6,304.7,3985,8,6,194,1,,
39,35.1,75.6,1007.7,376.4,3771,8,6,194,1,,
40,35.3,76.4,1006.4,306.1,3409,8,6,194,1,,
41,23.8,54.9,1007.9,349.9,3660,8,6,194,1,,
42,24.3,54.9,1008.2,395.7,3198,8,6,194,1,,
43,24,53.6,1007.8,394,3384,8,6,194,1,,
44,23.9,54.4,1009.1,384.7,3555,8,6,194,1,,
45,24.2,55.7,1006.8,354.7,3619,8,6,194,1,,
46,24.2,54.9,1009.7,394.2,3420,8,6,194,1,,
47,23.7,54.5,1008.5,371.2,3499,8,6,194,1,,
48,24.4,54.4,1007.7,450.5,3507,8,6,194,1,,
49,24,55.9,1007.2,434.3,3379,8,6,194,1,,
50,24.3,55.6,1008.9,402.4,3110,8,6,194,1,,
37,32.8,76.7,1008,373.8,3485,8,6,195,1,,
38,34.5,74.5,1007.5,303.2,4001,8,6,195,1,,
39,34.5,76.1,1007.3,376.1,3781,8,6,195,1,,
40,34.6,74.7,1006.3,304.6,3391,8,6,195,1,,
41,23.2,55.9,1007.8,349.7,3664,8,6,195,1,,
42,23.5,54.5,1008.4,392,3187,8,6,195,1,,
43,23.9,54.5,1007.4,394.6,3366,8,6,195,1,,
44,23.3,54.7,1009.1,385.4,3556,8,6,195,1,,
45,24,53.7,1006.5,354.8,3638,8,6,195,1,,
46,24.1,53.5,1009.8,392.7,3407,8,6,195,1,,
47,23.5,55.9,1008.4,367.8,3488,8,6,195,1,,
48,23.4,55.6,1007.5,453.1,3512,8,6,195,1,,
49,24,54.7,1007.4,429.8,3396,8,6,195,1,,
50,24.1,54.8,1009.2,402.5,3152,8,6,195,1,,
37,33.3,75.7,1008.3,370,3512,8,6,196,1,,
38,34.2,75,1007.2,302.2,4035,8,6,196,1,,
39,33,77.1,1007.6,379.9,3784,8,6,196,1,,
40,33.9,76.9,1006.1,304.8,3401,8,6,196,1,,
41,23.7,55.1,1007.9,349.7,3709,8,6,196,1,,
42,24.4,54.5,1008.5,390.5,3199,8,6,196,1,,
43,24.1,56.9,1007.4,392,3357,8,6,196,1,,
44,23.9,53.9,1008.7,389.6,3556,8,6,196,1,,
45,23.8,54.5,1006.7,353.2,3631,8,6,196,1,,
46,23.6,54.1,1009.5,390.7,3404,8,6,196,1,,
47,24,55.2,1008.3,367.5,3494,8,6,196,1,,
48,23.2,56.2,1008.1,452.8,3559,8,6,196,1,,
49,23.6,55.4,1006.8,428.6,3422,8,6,196,1,,
50,23.7,54.1,1008.8,401.8,3136,8,6,196,1,,
37,32.8,75.7,1008,369.3,3509,8,6,197,1,,
38,32.5,76.1,1007.5,300.3,4042,8,6,197,1,,
39,33.4,77.2,1008,377.2,3778,8,6,197,1,,
40,33.3,76.9,1006.7,303.7,3399,8,6,197,1,,
41,23.3,54.6,1008.1,349.7,3705,8,6,197,1,,
42,23.5,56.3,1008.3,394.2,3189,8,6,197,1,,
43,23.1,56.2,1007.4,389.4,3360,8,6,197,1,,
44,23.3,56.3,1009,386.7,3567,8,6,197,1,,
45,23.2,55.5,1007.3,352.8,3651,8,6,197,1,,
46,23.1,56.6,1010.1,386.3,3416,8,6,197,1,,
47,23.2,56.4,1008.3,369.2,3532,8,6,197,1,,
48,24,55.6,1008.1,455.1,3538,8,6,197,1,,
49,23.1,54.2,1007,430.9,3434,8,6,197,1,,
50,23.2,54.3,1008.9,402,3117,8,6,197,1,,
37,31.6,76.5,1008.1,371,3515,8,6,198,1,,
38,31.6,79.3,1007.2,298.8,4045,8,6,198,1,,
39,31.9,77,1007.4,373.3,3738,8,6,198,1,,
40,31.9,76.1,1006.2,303.4,3397,8,6,198,1,,
41,23,56.5,1008.3,349.2,3705,8,6,198,1,,
42,23.2,55.6,1008.2,393.3,3194,8,6,198,1,,
43,22.7,56.3,1007.7,387.9,3352,8,6,198,1,,
44,23.7,54.9,1008.8,386.5,3582,8,6,198,1,,
45,23.3,54.9,1007.2,353.6,3653,8,6,198,1,,
46,23.4,55.9,1009.6,385.5,3403,8,6,198,1,,
47,23.2,54.6,1008.5,367.8,3551,8,6,198,1,,
48,23.2,54.9,1007.8,455.1,3543,8,6,198,1,,
49,23.6,56,1007.1,434.3,3425,8,6,198,1,,
50,23.7,55.5,1008.8,398.4,3120,8,6,198,1,,
37,32.9,76.6,1008.3,371,3531,8,6,199,1,,
38,33.1,76,1007.9,299.5,4056,8,6,199,1,,
39,31,78,1007.6,370.1,3729,8,6,199,1,,
40,32.3,76.1,1006.3,300.8,3444,8,6,199,1,,
41,23.1,55.9,1008.6,348.1,3686,8,6,199,1,,
42,22.9,57.4,1008.3,395.4,3212,8,6,199,1,,
43,23.1,54.6,1007.5,387.2,3327,8,6,199,1,,
44,22.6,53,1009,388.5,3577,8,6,199,1,,
45,23.1,55.4,1006.9,358,3675,8,6,199,1,,
46,22.9,54.5,1009.8,382.2,3400,8,6,199,1,,
47,23.1,55.4,1008.3,363.8,3536,8,6,199,1,,
48,22.6,55.8,1008,457.6,3568,8,6,199,1,,
49,22.8,55.7,1007.5,435.8,3421,8,6,199,1,,
50,23,56.1,1009,395.8,3155,8,6,199,1,,
37,32.4,76.5,1008.3,369.5,3564,8,6,200,1,,
38,31.5,78,1007.4,301.3,4040,8,6,200,1,,
39,31.7,76.4,1008.1,372.1,3764,8,6,200,1,,
40,31.9,77.3,1006.6,303.1,3415,8,6,200,1,,
41,22.8,54.8,1008.1,350.6,3705,8,6,200,1,,
42,23,54.8,1008.4,394,3178,8,6,200,1,,
43,22.9,54.6,1008,386.1,3309,8,6,200,1,,
44,22.8,55.4,1009.3,386.9,3590,8,6,200,1,,
45,23.2,55.2,1007.2,355.4,3686,8,6,200,1,,
46,22.6,55.7,1009.8,382.5,3423,8,6,200,1,,
47,23.2,56.4,1008.6,361.6,3542,8,6,200,1,,
48,22.7,56.6,1008.2,456.8,3559,8,6,200,1,,
49,23.4,55,1007.2,431.7,3419,8,6,200,1,,
50,23.1,55.3,1009.2,396.4,3128,8,6,200,1,,
37,31.6,76.8,1008.7,370.1,3578,8,6,201,1,,
38,32,76.8,1007.5,301.9,4055,8,6,201,1,,
39,32.2,77.6,1007.7,369.6,3768,8,6,201,1,,
40,32.1,75.7,1006.2,300.9,3427,8,6,201,1,,
41,22.3,55.7,1008.4,349.3,3657,8,6,201,1,,
42,22.7,54.3,1008.9,395,3195,8,6,201,1,,
43,23.2,55,1007.6,387.5,3305,8,6,201,1,,
44,22.7,54.6,1009.3,389.8,3609,8,6,201,1,,
45,23.1,55.3,1007.3,354.5,3678,8,6,201,1,,
46,23.5,53.5,1009.8,381.6,3434,8,6,201,1,,
47,23.2,56.1,1008.7,365.4,3569,8,6,201,1,,
48,22.7,54.5,1007.8,456.6,3519,8,6,201,1,,
49,23.3,56.1,1007.6,430.6,3447,8,6,201,1,,
50,23.1,55.1,1009.3,394.6,3117,8,6,201,1,,
37,32.4,76,1008.4,371.5,3597,8,6,202,1,,
38,33,75.3,1008,306.2,4049,8,6,202,1,,
39,32.7,78.3,1007.8,366.3,3786,8,6,202,1,,
40,32,77.5,1006.8,299.8,3456,8,6,202,1,,
41,23.1,55.5,1008.3,352.3,3674,8,6,202,1,,
42,23.3,55.6,1009,393.5,3199,8,6,202,1,,
43,23.4,55.4,1007.9,388.4,3293,8,6,202,1,,
44,22.5,55.1,1009.2,389.7,3572,8,6,202,1,,
45,22.9,54.6,1007.2,352.9,3701,8,6,202,1,,
46,22.6,54.6,1010.1,381.5,3443,8,6,202,1,,
47,22.8,54.3,1008.6,367.5,3536,8,6,202,1,,
48,22.9,56,1008.5,454,3533,8,6,202,1,,
49,23.2,55.8,1007.4,426.7,3466,8,6,202,1,,
50,23.6,56.4,1008.6,396.6,3117,8,6,202,1,,
37,32.2,77.6,1008.9,370.8,3609,8,6,203,1,,
38,33.8,76.4,1007.5,304.7,4074,8,6,203,1,,
